Image_ID,label,ImagePath,num_boxes,source,license,split
ID_y9kjoA.jpg,anthracnose,dataset/images/train/ID_y9kjoA.jpg,2,amini-cocoa-contamination-dataset,CC BY 4.0,train
ID_vF6HIM.jpg,cssvd,dataset/images/train/ID_vF6HIM.jpg,2,amini-cocoa-contamination-dataset,CC BY 4.0,train
ID_j6dAj6.jpeg,anthracnose,dataset/images/train/ID_j6dAj6.jpeg,1,amini-cocoa-contamination-dataset,CC BY 4.0,train
ID_B1pw9J.JPG,cssvd,dataset/images/train/ID_B1pw9J.JPG,1,amini-cocoa-contamination-dataset,CC BY 4.0,train
ID_pWMV3A.jpg,cssvd,dataset/images/train/ID_pWMV3A.jpg,1,amini-cocoa-contamination-dataset,CC BY 4.0,train
ID_se42lb.jpg,cssvd,dataset/images/train/ID_se42lb.jpg,1,amini-cocoa-contamination-dataset,CC BY 4.0,train
ID_RlMDts.jpg,healthy,dataset/images/train/ID_RlMDts.jpg,2,amini-cocoa-contamination-dataset,CC BY 4.0,train
ID_EfjaLF.jpg,healthy,dataset/images/train/ID_EfjaLF.jpg,1,amini-cocoa-contamination-dataset,CC BY 4.0,train
ID_jsZTdi.jpg,cssvd,dataset/images/train/ID_jsZTdi.jpg,1,amini-cocoa-contamination-dataset,CC BY 4.0,train
ID_lYNwPT.jpg,cssvd,dataset/images/train/ID_lYNwPT.jpg,1,amini-cocoa-contamination-dataset,CC BY 4.0,train
ID_b38Thi.jpg,cssvd,dataset/images/train/ID_b38Thi.jpg,1,amini-cocoa-contamination-dataset,CC BY 4.0,train
ID_dkTEhj.jpg,healthy,dataset/images/train/ID_dkTEhj.jpg,3,amini-cocoa-contamination-dataset,CC BY 4.0,train
ID_jkpHUf.jpg,anthracnose,dataset/images/train/ID_jkpHUf.jpg,2,amini-cocoa-contamination-dataset,CC BY 4.0,train
ID_in0n2J.jpg,healthy,dataset/images/train/ID_in0n2J.jpg,4,amini-cocoa-contamination-dataset,CC BY 4.0,train
ID_nqQCn4.jpg,cssvd,dataset/images/train/ID_nqQCn4.jpg,1,amini-cocoa-contamination-dataset,CC BY 4.0,train
ID_RhZRTG.jpg,healthy,dataset/images/train/ID_RhZRTG.jpg,8,amini-cocoa-contamination-dataset,CC BY 4.0,train
ID_X9VSUI.jpg,anthracnose,dataset/images/train/ID_X9VSUI.jpg,1,amini-cocoa-contamination-dataset,CC BY 4.0,train
ID_aKPdZh.jpeg,healthy,dataset/images/train/ID_aKPdZh.jpeg,3,amini-cocoa-contamination-dataset,CC BY 4.0,train
ID_yZNP5q.jpg,cssvd,dataset/images/train/ID_yZNP5q.jpg,1,amini-cocoa-contamination-dataset,CC BY 4.0,train
ID_fUlZiG.jpeg,cssvd,dataset/images/train/ID_fUlZiG.jpeg,1,amini-cocoa-contamination-dataset,CC BY 4.0,train
ID_BBvYZW.jpg,anthracnose,dataset/images/train/ID_BBvYZW.jpg,1,amini-cocoa-contamination-dataset,CC BY 4.0,train
ID_LA1RfJ.jpg,anthracnose,dataset/images/train/ID_LA1RfJ.jpg,1,amini-cocoa-contamination-dataset,CC BY 4.0,train
ID_g2hDnw.jpeg,cssvd,dataset/images/train/ID_g2hDnw.jpeg,1,amini-cocoa-contamination-dataset,CC BY 4.0,train
ID_LYUyZU.jpg,cssvd,dataset/images/train/ID_LYUyZU.jpg,1,amini-cocoa-contamination-dataset,CC BY 4.0,train
ID_K8wlr4.jpg,healthy,dataset/images/train/ID_K8wlr4.jpg,3,amini-cocoa-contamination-dataset,CC BY 4.0,train
ID_sN2bLm.jpg,anthracnose,dataset/images/train/ID_sN2bLm.jpg,1,amini-cocoa-contamination-dataset,CC BY 4.0,train
ID_kM4ZMS.jpg,cssvd,dataset/images/train/ID_kM4ZMS.jpg,1,amini-cocoa-contamination-dataset,CC BY 4.0,train
ID_SnZbaF.jpg,cssvd,dataset/images/train/ID_SnZbaF.jpg,1,amini-cocoa-contamination-dataset,CC BY 4.0,train
ID_W3tZGh.jpg,anthracnose,dataset/images/train/ID_W3tZGh.jpg,2,amini-cocoa-contamination-dataset,CC BY 4.0,train
ID_ThOlqa.jpeg,cssvd,dataset/images/train/ID_ThOlqa.jpeg,1,amini-cocoa-contamination-dataset,CC BY 4.0,train
ID_juvCy8.jpg,healthy,dataset/images/train/ID_juvCy8.jpg,4,amini-cocoa-contamination-dataset,CC BY 4.0,train
ID_LrB7sR.jpg,cssvd,dataset/images/train/ID_LrB7sR.jpg,2,amini-cocoa-contamination-dataset,CC BY 4.0,train
ID_V42JvR.jpg,anthracnose,dataset/images/train/ID_V42JvR.jpg,1,amini-cocoa-contamination-dataset,CC BY 4.0,train
ID_bfarqM.jpg,cssvd,dataset/images/train/ID_bfarqM.jpg,1,amini-cocoa-contamination-dataset,CC BY 4.0,train
ID_v0zx0A.jpg,cssvd,dataset/images/train/ID_v0zx0A.jpg,3,amini-cocoa-contamination-dataset,CC BY 4.0,train
ID_yWrEF8.jpg,cssvd,dataset/images/train/ID_yWrEF8.jpg,1,amini-cocoa-contamination-dataset,CC BY 4.0,train
ID_XzaCEe.jpg,cssvd,dataset/images/train/ID_XzaCEe.jpg,2,amini-cocoa-contamination-dataset,CC BY 4.0,train
ID_HaOGCE.jpeg,healthy,dataset/images/train/ID_HaOGCE.jpeg,1,amini-cocoa-contamination-dataset,CC BY 4.0,train
ID_mUk7Wy.jpg,cssvd,dataset/images/train/ID_mUk7Wy.jpg,1,amini-cocoa-contamination-dataset,CC BY 4.0,train
ID_gyDANz.jpg,anthracnose,dataset/images/train/ID_gyDANz.jpg,2,amini-cocoa-contamination-dataset,CC BY 4.0,train
ID_vgl5B3.jpg,cssvd,dataset/images/train/ID_vgl5B3.jpg,2,amini-cocoa-contamination-dataset,CC BY 4.0,train
ID_QBnWWr.jpeg,cssvd,dataset/images/train/ID_QBnWWr.jpeg,1,amini-cocoa-contamination-dataset,CC BY 4.0,train
ID_MaApCr.jpg,cssvd,dataset/images/train/ID_MaApCr.jpg,1,amini-cocoa-contamination-dataset,CC BY 4.0,train
ID_oi4fj7.jpeg,healthy,dataset/images/train/ID_oi4fj7.jpeg,1,amini-cocoa-contamination-dataset,CC BY 4.0,train
ID_OB1kf9.jpg,anthracnose,dataset/images/train/ID_OB1kf9.jpg,1,amini-cocoa-contamination-dataset,CC BY 4.0,train
ID_KoUDAP.jpeg,anthracnose,dataset/images/train/ID_KoUDAP.jpeg,2,amini-cocoa-contamination-dataset,CC BY 4.0,train
ID_YthQON.jpg,healthy,dataset/images/train/ID_YthQON.jpg,3,amini-cocoa-contamination-dataset,CC BY 4.0,train
ID_kOXMTE.jpg,healthy,dataset/images/train/ID_kOXMTE.jpg,4,amini-cocoa-contamination-dataset,CC BY 4.0,train
ID_QHQBP0.jpeg,cssvd,dataset/images/train/ID_QHQBP0.jpeg,2,amini-cocoa-contamination-dataset,CC BY 4.0,train
ID_c1u37h.jpg,cssvd,dataset/images/train/ID_c1u37h.jpg,1,amini-cocoa-contamination-dataset,CC BY 4.0,train
ID_E2z7VZ.jpg,cssvd,dataset/images/train/ID_E2z7VZ.jpg,2,amini-cocoa-contamination-dataset,CC BY 4.0,train
ID_eGsJiZ.jpeg,anthracnose,dataset/images/train/ID_eGsJiZ.jpeg,1,amini-cocoa-contamination-dataset,CC BY 4.0,train
ID_y8XC1v.jpg,cssvd,dataset/images/train/ID_y8XC1v.jpg,1,amini-cocoa-contamination-dataset,CC BY 4.0,train
ID_OsqbyN.jpeg,healthy,dataset/images/train/ID_OsqbyN.jpeg,2,amini-cocoa-contamination-dataset,CC BY 4.0,train
ID_uOlxFP.jpg,cssvd,dataset/images/train/ID_uOlxFP.jpg,2,amini-cocoa-contamination-dataset,CC BY 4.0,train
ID_eey8s2.jpg,healthy,dataset/images/train/ID_eey8s2.jpg,1,amini-cocoa-contamination-dataset,CC BY 4.0,train
ID_qOoR5L.jpg,healthy,dataset/images/train/ID_qOoR5L.jpg,4,amini-cocoa-contamination-dataset,CC BY 4.0,train
ID_XSYdRk.jpg,cssvd,dataset/images/train/ID_XSYdRk.jpg,1,amini-cocoa-contamination-dataset,CC BY 4.0,train
ID_UirbW6.jpg,cssvd,dataset/images/train/ID_UirbW6.jpg,2,amini-cocoa-contamination-dataset,CC BY 4.0,train
ID_OZKe2E.jpg,anthracnose,dataset/images/train/ID_OZKe2E.jpg,3,amini-cocoa-contamination-dataset,CC BY 4.0,train
ID_F6TP4E.jpg,anthracnose,dataset/images/train/ID_F6TP4E.jpg,2,amini-cocoa-contamination-dataset,CC BY 4.0,train
ID_ZO7DZ2.jpeg,healthy,dataset/images/train/ID_ZO7DZ2.jpeg,4,amini-cocoa-contamination-dataset,CC BY 4.0,train
ID_x61fkO.jpg,cssvd,dataset/images/train/ID_x61fkO.jpg,1,amini-cocoa-contamination-dataset,CC BY 4.0,train
ID_rpnYai.jpg,cssvd,dataset/images/train/ID_rpnYai.jpg,2,amini-cocoa-contamination-dataset,CC BY 4.0,train
ID_RIpsqo.jpg,anthracnose,dataset/images/train/ID_RIpsqo.jpg,1,amini-cocoa-contamination-dataset,CC BY 4.0,train
ID_sCZQL0.jpeg,anthracnose,dataset/images/train/ID_sCZQL0.jpeg,1,amini-cocoa-contamination-dataset,CC BY 4.0,train
ID_msebas.jpg,cssvd,dataset/images/train/ID_msebas.jpg,1,amini-cocoa-contamination-dataset,CC BY 4.0,train
ID_QC7z5Q.jpg,healthy,dataset/images/train/ID_QC7z5Q.jpg,1,amini-cocoa-contamination-dataset,CC BY 4.0,train
ID_us6GMw.jpg,healthy,dataset/images/train/ID_us6GMw.jpg,2,amini-cocoa-contamination-dataset,CC BY 4.0,train
ID_TtPkWq.jpg,cssvd,dataset/images/train/ID_TtPkWq.jpg,1,amini-cocoa-contamination-dataset,CC BY 4.0,train
ID_f2vgp4.jpeg,cssvd,dataset/images/train/ID_f2vgp4.jpeg,3,amini-cocoa-contamination-dataset,CC BY 4.0,train
ID_d61OGS.jpg,healthy,dataset/images/train/ID_d61OGS.jpg,4,amini-cocoa-contamination-dataset,CC BY 4.0,train
ID_qPUQsG.jpeg,anthracnose,dataset/images/train/ID_qPUQsG.jpeg,1,amini-cocoa-contamination-dataset,CC BY 4.0,train
ID_le62WX.jpg,cssvd,dataset/images/train/ID_le62WX.jpg,1,amini-cocoa-contamination-dataset,CC BY 4.0,train
ID_wxMIYD.jpg,cssvd,dataset/images/train/ID_wxMIYD.jpg,1,amini-cocoa-contamination-dataset,CC BY 4.0,train
ID_mRAV1C.jpeg,healthy,dataset/images/train/ID_mRAV1C.jpeg,1,amini-cocoa-contamination-dataset,CC BY 4.0,train
ID_AclybJ.jpeg,healthy,dataset/images/train/ID_AclybJ.jpeg,4,amini-cocoa-contamination-dataset,CC BY 4.0,train
ID_sCqesh.jpg,cssvd,dataset/images/train/ID_sCqesh.jpg,1,amini-cocoa-contamination-dataset,CC BY 4.0,train
ID_YOclUq.jpg,anthracnose,dataset/images/train/ID_YOclUq.jpg,2,amini-cocoa-contamination-dataset,CC BY 4.0,train
ID_Tj4DHl.jpg,cssvd,dataset/images/train/ID_Tj4DHl.jpg,3,amini-cocoa-contamination-dataset,CC BY 4.0,train
ID_jZ6PSF.jpeg,anthracnose,dataset/images/train/ID_jZ6PSF.jpeg,3,amini-cocoa-contamination-dataset,CC BY 4.0,train
ID_YvHJUD.jpg,healthy,dataset/images/train/ID_YvHJUD.jpg,6,amini-cocoa-contamination-dataset,CC BY 4.0,train
ID_ksTllB.jpg,cssvd,dataset/images/train/ID_ksTllB.jpg,3,amini-cocoa-contamination-dataset,CC BY 4.0,train
ID_VeUIHl.jpg,cssvd,dataset/images/train/ID_VeUIHl.jpg,1,amini-cocoa-contamination-dataset,CC BY 4.0,train
ID_tyrki9.jpg,cssvd,dataset/images/train/ID_tyrki9.jpg,1,amini-cocoa-contamination-dataset,CC BY 4.0,train
ID_JKxshr.jpg,cssvd,dataset/images/train/ID_JKxshr.jpg,2,amini-cocoa-contamination-dataset,CC BY 4.0,train
ID_s4mXAl.jpg,healthy,dataset/images/train/ID_s4mXAl.jpg,6,amini-cocoa-contamination-dataset,CC BY 4.0,train
ID_T8p6Xb.jpg,cssvd,dataset/images/train/ID_T8p6Xb.jpg,1,amini-cocoa-contamination-dataset,CC BY 4.0,train
ID_i801bC.jpeg,healthy,dataset/images/train/ID_i801bC.jpeg,2,amini-cocoa-contamination-dataset,CC BY 4.0,train
ID_zchQwu.JPG,healthy,dataset/images/train/ID_zchQwu.JPG,1,amini-cocoa-contamination-dataset,CC BY 4.0,train
ID_cuOweZ.jpeg,healthy,dataset/images/train/ID_cuOweZ.jpeg,1,amini-cocoa-contamination-dataset,CC BY 4.0,train
ID_SWwaf9.jpg,anthracnose,dataset/images/train/ID_SWwaf9.jpg,1,amini-cocoa-contamination-dataset,CC BY 4.0,train
ID_gtpgqz.jpeg,anthracnose,dataset/images/train/ID_gtpgqz.jpeg,2,amini-cocoa-contamination-dataset,CC BY 4.0,train
ID_hwixaZ.jpg,healthy,dataset/images/train/ID_hwixaZ.jpg,1,amini-cocoa-contamination-dataset,CC BY 4.0,train
ID_tqIQWi.jpeg,anthracnose,dataset/images/train/ID_tqIQWi.jpeg,1,amini-cocoa-contamination-dataset,CC BY 4.0,train
ID_UW3QEr.jpg,healthy,dataset/images/train/ID_UW3QEr.jpg,3,amini-cocoa-contamination-dataset,CC BY 4.0,train
ID_yhChmA.jpg,healthy,dataset/images/train/ID_yhChmA.jpg,1,amini-cocoa-contamination-dataset,CC BY 4.0,train
ID_pnx4tT.jpg,healthy,dataset/images/train/ID_pnx4tT.jpg,1,amini-cocoa-contamination-dataset,CC BY 4.0,train
ID_yAIVyc.jpg,anthracnose,dataset/images/train/ID_yAIVyc.jpg,1,amini-cocoa-contamination-dataset,CC BY 4.0,train
ID_fIIdPO.jpg,cssvd,dataset/images/train/ID_fIIdPO.jpg,1,amini-cocoa-contamination-dataset,CC BY 4.0,train
ID_cLfqXO.jpg,cssvd,dataset/images/train/ID_cLfqXO.jpg,1,amini-cocoa-contamination-dataset,CC BY 4.0,train
ID_qvQh7L.jpeg,healthy,dataset/images/train/ID_qvQh7L.jpeg,1,amini-cocoa-contamination-dataset,CC BY 4.0,train
ID_UlmVRq.jpeg,healthy,dataset/images/train/ID_UlmVRq.jpeg,1,amini-cocoa-contamination-dataset,CC BY 4.0,train
ID_XZP60v.jpg,cssvd,dataset/images/train/ID_XZP60v.jpg,2,amini-cocoa-contamination-dataset,CC BY 4.0,train
ID_EeA8wd.jpg,anthracnose,dataset/images/train/ID_EeA8wd.jpg,2,amini-cocoa-contamination-dataset,CC BY 4.0,train
ID_ZJPSpR.jpg,cssvd,dataset/images/train/ID_ZJPSpR.jpg,1,amini-cocoa-contamination-dataset,CC BY 4.0,train
ID_L5fquz.jpeg,healthy,dataset/images/train/ID_L5fquz.jpeg,1,amini-cocoa-contamination-dataset,CC BY 4.0,train
ID_DFEeGC.jpg,healthy,dataset/images/train/ID_DFEeGC.jpg,5,amini-cocoa-contamination-dataset,CC BY 4.0,train
ID_l6Z8Q3.jpg,anthracnose,dataset/images/train/ID_l6Z8Q3.jpg,1,amini-cocoa-contamination-dataset,CC BY 4.0,train
ID_Tg0o4L.jpg,anthracnose,dataset/images/train/ID_Tg0o4L.jpg,2,amini-cocoa-contamination-dataset,CC BY 4.0,train
ID_eouLVP.jpg,cssvd,dataset/images/train/ID_eouLVP.jpg,1,amini-cocoa-contamination-dataset,CC BY 4.0,train
ID_LmfhQZ.jpg,cssvd,dataset/images/train/ID_LmfhQZ.jpg,1,amini-cocoa-contamination-dataset,CC BY 4.0,train
ID_D6vTnI.jpg,anthracnose,dataset/images/train/ID_D6vTnI.jpg,1,amini-cocoa-contamination-dataset,CC BY 4.0,train
ID_zngwIi.jpeg,anthracnose,dataset/images/train/ID_zngwIi.jpeg,1,amini-cocoa-contamination-dataset,CC BY 4.0,train
ID_eQvEZ5.jpg,cssvd,dataset/images/train/ID_eQvEZ5.jpg,3,amini-cocoa-contamination-dataset,CC BY 4.0,train
ID_tsgpAg.jpeg,healthy,dataset/images/train/ID_tsgpAg.jpeg,1,amini-cocoa-contamination-dataset,CC BY 4.0,train
ID_X08ZOL.jpg,cssvd,dataset/images/train/ID_X08ZOL.jpg,1,amini-cocoa-contamination-dataset,CC BY 4.0,train
ID_PtGTis.jpg,healthy,dataset/images/train/ID_PtGTis.jpg,3,amini-cocoa-contamination-dataset,CC BY 4.0,train
ID_tF15OA.jpeg,cssvd,dataset/images/train/ID_tF15OA.jpeg,1,amini-cocoa-contamination-dataset,CC BY 4.0,train
ID_Dklng8.jpeg,healthy,dataset/images/train/ID_Dklng8.jpeg,2,amini-cocoa-contamination-dataset,CC BY 4.0,train
ID_rqTf7w.jpeg,anthracnose,dataset/images/train/ID_rqTf7w.jpeg,1,amini-cocoa-contamination-dataset,CC BY 4.0,train
ID_nlnbUs.jpg,anthracnose,dataset/images/train/ID_nlnbUs.jpg,3,amini-cocoa-contamination-dataset,CC BY 4.0,train
ID_CWlLEm.jpg,cssvd,dataset/images/train/ID_CWlLEm.jpg,1,amini-cocoa-contamination-dataset,CC BY 4.0,train
ID_cDmnDS.jpeg,healthy,dataset/images/train/ID_cDmnDS.jpeg,1,amini-cocoa-contamination-dataset,CC BY 4.0,train
ID_Q9wpbL.jpeg,healthy,dataset/images/train/ID_Q9wpbL.jpeg,1,amini-cocoa-contamination-dataset,CC BY 4.0,train
ID_WedWGw.JPG,anthracnose,dataset/images/train/ID_WedWGw.JPG,1,amini-cocoa-contamination-dataset,CC BY 4.0,train
ID_fzjxYG.jpg,healthy,dataset/images/train/ID_fzjxYG.jpg,1,amini-cocoa-contamination-dataset,CC BY 4.0,train
ID_XZuUTY.jpg,cssvd,dataset/images/train/ID_XZuUTY.jpg,1,amini-cocoa-contamination-dataset,CC BY 4.0,train
ID_SnC6Z6.jpg,anthracnose,dataset/images/train/ID_SnC6Z6.jpg,1,amini-cocoa-contamination-dataset,CC BY 4.0,train
ID_gY5mUC.jpg,anthracnose,dataset/images/train/ID_gY5mUC.jpg,1,amini-cocoa-contamination-dataset,CC BY 4.0,train
ID_RUkh8E.JPG,healthy,dataset/images/train/ID_RUkh8E.JPG,2,amini-cocoa-contamination-dataset,CC BY 4.0,train
ID_tbbAga.jpeg,anthracnose,dataset/images/train/ID_tbbAga.jpeg,1,amini-cocoa-contamination-dataset,CC BY 4.0,train
ID_CFmEKi.jpg,anthracnose,dataset/images/train/ID_CFmEKi.jpg,1,amini-cocoa-contamination-dataset,CC BY 4.0,train
ID_Kpsk9b.jpg,healthy,dataset/images/train/ID_Kpsk9b.jpg,1,amini-cocoa-contamination-dataset,CC BY 4.0,train
ID_LPBod4.jpg,cssvd,dataset/images/train/ID_LPBod4.jpg,2,amini-cocoa-contamination-dataset,CC BY 4.0,train
ID_Rrwrlk.jpg,healthy,dataset/images/train/ID_Rrwrlk.jpg,4,amini-cocoa-contamination-dataset,CC BY 4.0,train
ID_ntpJFa.jpg,healthy,dataset/images/train/ID_ntpJFa.jpg,2,amini-cocoa-contamination-dataset,CC BY 4.0,train
ID_LQewWr.jpg,anthracnose,dataset/images/train/ID_LQewWr.jpg,3,amini-cocoa-contamination-dataset,CC BY 4.0,train
ID_LV1ldK.jpg,healthy,dataset/images/train/ID_LV1ldK.jpg,1,amini-cocoa-contamination-dataset,CC BY 4.0,train
ID_cbNtpG.jpg,anthracnose,dataset/images/train/ID_cbNtpG.jpg,1,amini-cocoa-contamination-dataset,CC BY 4.0,train
ID_kbd0Xo.jpeg,anthracnose,dataset/images/train/ID_kbd0Xo.jpeg,1,amini-cocoa-contamination-dataset,CC BY 4.0,train
ID_KKwZd3.jpg,cssvd,dataset/images/train/ID_KKwZd3.jpg,1,amini-cocoa-contamination-dataset,CC BY 4.0,train
ID_m7bs9r.jpeg,cssvd,dataset/images/train/ID_m7bs9r.jpeg,3,amini-cocoa-contamination-dataset,CC BY 4.0,train
ID_TOxurW.jpeg,anthracnose,dataset/images/train/ID_TOxurW.jpeg,1,amini-cocoa-contamination-dataset,CC BY 4.0,train
ID_O8gugR.jpg,anthracnose,dataset/images/train/ID_O8gugR.jpg,1,amini-cocoa-contamination-dataset,CC BY 4.0,train
ID_PNVuY8.JPG,cssvd,dataset/images/train/ID_PNVuY8.JPG,1,amini-cocoa-contamination-dataset,CC BY 4.0,train
ID_sGmRwf.jpg,anthracnose,dataset/images/train/ID_sGmRwf.jpg,1,amini-cocoa-contamination-dataset,CC BY 4.0,train
ID_QXmIej.jpg,cssvd,dataset/images/train/ID_QXmIej.jpg,2,amini-cocoa-contamination-dataset,CC BY 4.0,train
ID_B5gUqH.jpg,cssvd,dataset/images/train/ID_B5gUqH.jpg,2,amini-cocoa-contamination-dataset,CC BY 4.0,train
ID_t21MgN.jpg,cssvd,dataset/images/train/ID_t21MgN.jpg,1,amini-cocoa-contamination-dataset,CC BY 4.0,train
ID_fO3HxG.jpg,healthy,dataset/images/train/ID_fO3HxG.jpg,4,amini-cocoa-contamination-dataset,CC BY 4.0,train
ID_IcRNaZ.jpg,cssvd,dataset/images/train/ID_IcRNaZ.jpg,2,amini-cocoa-contamination-dataset,CC BY 4.0,train
ID_wsyA9c.jpg,cssvd,dataset/images/train/ID_wsyA9c.jpg,1,amini-cocoa-contamination-dataset,CC BY 4.0,train
ID_M1CmZf.jpg,healthy,dataset/images/train/ID_M1CmZf.jpg,9,amini-cocoa-contamination-dataset,CC BY 4.0,train
ID_SuY5t1.jpeg,healthy,dataset/images/train/ID_SuY5t1.jpeg,2,amini-cocoa-contamination-dataset,CC BY 4.0,train
ID_H9iMaQ.jpg,cssvd,dataset/images/train/ID_H9iMaQ.jpg,2,amini-cocoa-contamination-dataset,CC BY 4.0,train
ID_VrFL6p.jpg,anthracnose,dataset/images/train/ID_VrFL6p.jpg,2,amini-cocoa-contamination-dataset,CC BY 4.0,train
ID_jTqcfA.jpeg,anthracnose,dataset/images/train/ID_jTqcfA.jpeg,1,amini-cocoa-contamination-dataset,CC BY 4.0,train
ID_gbFvc6.jpeg,anthracnose,dataset/images/train/ID_gbFvc6.jpeg,1,amini-cocoa-contamination-dataset,CC BY 4.0,train
ID_iW1bUG.jpg,healthy,dataset/images/train/ID_iW1bUG.jpg,2,amini-cocoa-contamination-dataset,CC BY 4.0,train
ID_mw6pUE.jpeg,anthracnose,dataset/images/train/ID_mw6pUE.jpeg,1,amini-cocoa-contamination-dataset,CC BY 4.0,train
ID_su8bg4.jpeg,cssvd,dataset/images/train/ID_su8bg4.jpeg,2,amini-cocoa-contamination-dataset,CC BY 4.0,train
ID_clLM5l.jpeg,anthracnose,dataset/images/train/ID_clLM5l.jpeg,1,amini-cocoa-contamination-dataset,CC BY 4.0,train
ID_wr7B40.jpg,healthy,dataset/images/train/ID_wr7B40.jpg,3,amini-cocoa-contamination-dataset,CC BY 4.0,train
ID_PUIQYJ.jpg,cssvd,dataset/images/train/ID_PUIQYJ.jpg,3,amini-cocoa-contamination-dataset,CC BY 4.0,train
ID_biHKr4.jpg,anthracnose,dataset/images/train/ID_biHKr4.jpg,1,amini-cocoa-contamination-dataset,CC BY 4.0,train
ID_nrnXdN.jpg,anthracnose,dataset/images/train/ID_nrnXdN.jpg,1,amini-cocoa-contamination-dataset,CC BY 4.0,train
ID_ZAZqEQ.jpg,cssvd,dataset/images/train/ID_ZAZqEQ.jpg,3,amini-cocoa-contamination-dataset,CC BY 4.0,train
ID_TKxXRz.jpg,anthracnose,dataset/images/train/ID_TKxXRz.jpg,1,amini-cocoa-contamination-dataset,CC BY 4.0,train
ID_Nem3bT.jpeg,anthracnose,dataset/images/train/ID_Nem3bT.jpeg,1,amini-cocoa-contamination-dataset,CC BY 4.0,train
ID_BRHvDo.jpeg,anthracnose,dataset/images/train/ID_BRHvDo.jpeg,1,amini-cocoa-contamination-dataset,CC BY 4.0,train
ID_pMQKkv.jpg,cssvd,dataset/images/train/ID_pMQKkv.jpg,1,amini-cocoa-contamination-dataset,CC BY 4.0,train
ID_T7OyxZ.jpg,anthracnose,dataset/images/train/ID_T7OyxZ.jpg,2,amini-cocoa-contamination-dataset,CC BY 4.0,train
ID_zvYoSs.jpeg,cssvd,dataset/images/train/ID_zvYoSs.jpeg,2,amini-cocoa-contamination-dataset,CC BY 4.0,train
ID_Kyt9hn.JPG,healthy,dataset/images/train/ID_Kyt9hn.JPG,4,amini-cocoa-contamination-dataset,CC BY 4.0,train
ID_QRRl9r.jpg,cssvd,dataset/images/train/ID_QRRl9r.jpg,1,amini-cocoa-contamination-dataset,CC BY 4.0,train
ID_UitYGq.jpg,cssvd,dataset/images/train/ID_UitYGq.jpg,1,amini-cocoa-contamination-dataset,CC BY 4.0,train
ID_ocPGkG.jpeg,anthracnose,dataset/images/train/ID_ocPGkG.jpeg,1,amini-cocoa-contamination-dataset,CC BY 4.0,train
ID_V5V49Z.jpg,healthy,dataset/images/train/ID_V5V49Z.jpg,2,amini-cocoa-contamination-dataset,CC BY 4.0,train
ID_AECW0W.jpg,cssvd,dataset/images/train/ID_AECW0W.jpg,1,amini-cocoa-contamination-dataset,CC BY 4.0,train
ID_QWzTTz.jpg,anthracnose,dataset/images/train/ID_QWzTTz.jpg,1,amini-cocoa-contamination-dataset,CC BY 4.0,train
ID_qOxK7N.jpg,cssvd,dataset/images/train/ID_qOxK7N.jpg,1,amini-cocoa-contamination-dataset,CC BY 4.0,train
ID_ceAA7i.jpg,cssvd,dataset/images/train/ID_ceAA7i.jpg,1,amini-cocoa-contamination-dataset,CC BY 4.0,train
ID_sHxWtb.jpeg,healthy,dataset/images/train/ID_sHxWtb.jpeg,2,amini-cocoa-contamination-dataset,CC BY 4.0,train
ID_G9wXVn.jpg,anthracnose,dataset/images/train/ID_G9wXVn.jpg,1,amini-cocoa-contamination-dataset,CC BY 4.0,train
ID_XgNNaj.jpg,anthracnose,dataset/images/train/ID_XgNNaj.jpg,7,amini-cocoa-contamination-dataset,CC BY 4.0,train
ID_eLtbFJ.jpg,anthracnose,dataset/images/train/ID_eLtbFJ.jpg,1,amini-cocoa-contamination-dataset,CC BY 4.0,train
ID_y5u5jO.jpeg,anthracnose,dataset/images/train/ID_y5u5jO.jpeg,1,amini-cocoa-contamination-dataset,CC BY 4.0,train
ID_MrTHod.jpg,healthy,dataset/images/train/ID_MrTHod.jpg,2,amini-cocoa-contamination-dataset,CC BY 4.0,train
ID_wQqZSX.jpg,cssvd,dataset/images/train/ID_wQqZSX.jpg,2,amini-cocoa-contamination-dataset,CC BY 4.0,train
ID_SnIRkY.jpeg,healthy,dataset/images/train/ID_SnIRkY.jpeg,1,amini-cocoa-contamination-dataset,CC BY 4.0,train
ID_ujqwJZ.jpg,anthracnose,dataset/images/train/ID_ujqwJZ.jpg,1,amini-cocoa-contamination-dataset,CC BY 4.0,train
ID_Bsf2cS.jpg,cssvd,dataset/images/train/ID_Bsf2cS.jpg,2,amini-cocoa-contamination-dataset,CC BY 4.0,train
ID_RDpYbj.jpeg,anthracnose,dataset/images/train/ID_RDpYbj.jpeg,1,amini-cocoa-contamination-dataset,CC BY 4.0,train
ID_qNI35r.jpg,cssvd,dataset/images/train/ID_qNI35r.jpg,2,amini-cocoa-contamination-dataset,CC BY 4.0,train
ID_y8uNwm.jpg,anthracnose,dataset/images/train/ID_y8uNwm.jpg,3,amini-cocoa-contamination-dataset,CC BY 4.0,train
ID_bW9M35.JPG,anthracnose,dataset/images/train/ID_bW9M35.JPG,1,amini-cocoa-contamination-dataset,CC BY 4.0,train
ID_eMF3o4.jpg,cssvd,dataset/images/train/ID_eMF3o4.jpg,1,amini-cocoa-contamination-dataset,CC BY 4.0,train
ID_UC4VBv.jpeg,healthy,dataset/images/train/ID_UC4VBv.jpeg,3,amini-cocoa-contamination-dataset,CC BY 4.0,train
ID_mAhKPW.jpeg,cssvd,dataset/images/train/ID_mAhKPW.jpeg,1,amini-cocoa-contamination-dataset,CC BY 4.0,train
ID_PjPjjj.jpg,anthracnose,dataset/images/train/ID_PjPjjj.jpg,2,amini-cocoa-contamination-dataset,CC BY 4.0,train
ID_b9rdXe.jpg,healthy,dataset/images/train/ID_b9rdXe.jpg,7,amini-cocoa-contamination-dataset,CC BY 4.0,train
ID_hRfHto.jpeg,healthy,dataset/images/train/ID_hRfHto.jpeg,1,amini-cocoa-contamination-dataset,CC BY 4.0,train
ID_T9n3Yk.jpeg,healthy,dataset/images/train/ID_T9n3Yk.jpeg,1,amini-cocoa-contamination-dataset,CC BY 4.0,train
ID_RKnImV.jpeg,anthracnose,dataset/images/train/ID_RKnImV.jpeg,1,amini-cocoa-contamination-dataset,CC BY 4.0,train
ID_IO7Iak.jpg,healthy,dataset/images/train/ID_IO7Iak.jpg,3,amini-cocoa-contamination-dataset,CC BY 4.0,train
ID_FFFtI0.jpg,cssvd,dataset/images/train/ID_FFFtI0.jpg,1,amini-cocoa-contamination-dataset,CC BY 4.0,train
ID_StYYcw.jpg,healthy,dataset/images/train/ID_StYYcw.jpg,1,amini-cocoa-contamination-dataset,CC BY 4.0,train
ID_ODUyx4.jpg,cssvd,dataset/images/train/ID_ODUyx4.jpg,1,amini-cocoa-contamination-dataset,CC BY 4.0,train
ID_DEVBif.jpg,anthracnose,dataset/images/train/ID_DEVBif.jpg,1,amini-cocoa-contamination-dataset,CC BY 4.0,train
ID_NjTCUM.jpg,anthracnose,dataset/images/train/ID_NjTCUM.jpg,3,amini-cocoa-contamination-dataset,CC BY 4.0,train
ID_mXgWzE.jpg,healthy,dataset/images/train/ID_mXgWzE.jpg,4,amini-cocoa-contamination-dataset,CC BY 4.0,train
ID_KSa1l5.JPG,healthy,dataset/images/train/ID_KSa1l5.JPG,1,amini-cocoa-contamination-dataset,CC BY 4.0,train
ID_H7BwD8.jpeg,anthracnose,dataset/images/train/ID_H7BwD8.jpeg,1,amini-cocoa-contamination-dataset,CC BY 4.0,train
ID_KbRykD.jpg,cssvd,dataset/images/train/ID_KbRykD.jpg,1,amini-cocoa-contamination-dataset,CC BY 4.0,train
ID_YevJzo.jpeg,healthy,dataset/images/train/ID_YevJzo.jpeg,1,amini-cocoa-contamination-dataset,CC BY 4.0,train
ID_XdhEFw.jpeg,anthracnose,dataset/images/train/ID_XdhEFw.jpeg,1,amini-cocoa-contamination-dataset,CC BY 4.0,train
ID_EoSa1l.jpg,cssvd,dataset/images/train/ID_EoSa1l.jpg,1,amini-cocoa-contamination-dataset,CC BY 4.0,train
ID_FWv6k7.jpeg,anthracnose,dataset/images/train/ID_FWv6k7.jpeg,1,amini-cocoa-contamination-dataset,CC BY 4.0,train
ID_dAVXcs.jpg,cssvd,dataset/images/train/ID_dAVXcs.jpg,1,amini-cocoa-contamination-dataset,CC BY 4.0,train
ID_VMJjCQ.jpg,anthracnose,dataset/images/train/ID_VMJjCQ.jpg,2,amini-cocoa-contamination-dataset,CC BY 4.0,train
ID_T3HDbC.jpg,cssvd,dataset/images/train/ID_T3HDbC.jpg,1,amini-cocoa-contamination-dataset,CC BY 4.0,train
ID_LLSZyI.jpeg,cssvd,dataset/images/train/ID_LLSZyI.jpeg,2,amini-cocoa-contamination-dataset,CC BY 4.0,train
ID_fFjfjH.jpeg,anthracnose,dataset/images/train/ID_fFjfjH.jpeg,1,amini-cocoa-contamination-dataset,CC BY 4.0,train
ID_LnI92V.jpg,anthracnose,dataset/images/train/ID_LnI92V.jpg,1,amini-cocoa-contamination-dataset,CC BY 4.0,train
ID_huWQdJ.jpg,healthy,dataset/images/train/ID_huWQdJ.jpg,7,amini-cocoa-contamination-dataset,CC BY 4.0,train
ID_GtptTv.jpg,cssvd,dataset/images/train/ID_GtptTv.jpg,1,amini-cocoa-contamination-dataset,CC BY 4.0,train
ID_iHyw7x.jpg,cssvd,dataset/images/train/ID_iHyw7x.jpg,1,amini-cocoa-contamination-dataset,CC BY 4.0,train
ID_bTlue2.jpg,healthy,dataset/images/train/ID_bTlue2.jpg,4,amini-cocoa-contamination-dataset,CC BY 4.0,train
ID_Ktqy0S.jpeg,healthy,dataset/images/train/ID_Ktqy0S.jpeg,3,amini-cocoa-contamination-dataset,CC BY 4.0,train
ID_hILuJg.jpg,cssvd,dataset/images/train/ID_hILuJg.jpg,1,amini-cocoa-contamination-dataset,CC BY 4.0,train
ID_B3pYoZ.jpg,healthy,dataset/images/train/ID_B3pYoZ.jpg,3,amini-cocoa-contamination-dataset,CC BY 4.0,train
ID_CBsPdt.jpeg,healthy,dataset/images/train/ID_CBsPdt.jpeg,1,amini-cocoa-contamination-dataset,CC BY 4.0,train
ID_udxEeS.jpg,healthy,dataset/images/train/ID_udxEeS.jpg,2,amini-cocoa-contamination-dataset,CC BY 4.0,train
ID_VEmiif.jpeg,cssvd,dataset/images/train/ID_VEmiif.jpeg,1,amini-cocoa-contamination-dataset,CC BY 4.0,train
ID_SteO0Y.jpg,anthracnose,dataset/images/train/ID_SteO0Y.jpg,2,amini-cocoa-contamination-dataset,CC BY 4.0,train
ID_tr9AME.jpg,anthracnose,dataset/images/train/ID_tr9AME.jpg,1,amini-cocoa-contamination-dataset,CC BY 4.0,train
ID_f1wAo6.JPG,healthy,dataset/images/train/ID_f1wAo6.JPG,3,amini-cocoa-contamination-dataset,CC BY 4.0,train
ID_dGatnY.jpg,cssvd,dataset/images/train/ID_dGatnY.jpg,6,amini-cocoa-contamination-dataset,CC BY 4.0,train
ID_BOlG2T.jpg,anthracnose,dataset/images/train/ID_BOlG2T.jpg,3,amini-cocoa-contamination-dataset,CC BY 4.0,train
ID_vy4RQX.jpeg,anthracnose,dataset/images/train/ID_vy4RQX.jpeg,1,amini-cocoa-contamination-dataset,CC BY 4.0,train
ID_iLqTcn.jpg,anthracnose,dataset/images/train/ID_iLqTcn.jpg,2,amini-cocoa-contamination-dataset,CC BY 4.0,train
ID_nAmPVp.jpg,healthy,dataset/images/train/ID_nAmPVp.jpg,3,amini-cocoa-contamination-dataset,CC BY 4.0,train
ID_YnVxeQ.jpeg,healthy,dataset/images/train/ID_YnVxeQ.jpeg,2,amini-cocoa-contamination-dataset,CC BY 4.0,train
ID_d6KRqs.jpg,anthracnose,dataset/images/train/ID_d6KRqs.jpg,1,amini-cocoa-contamination-dataset,CC BY 4.0,train
ID_iglwav.jpg,cssvd,dataset/images/train/ID_iglwav.jpg,1,amini-cocoa-contamination-dataset,CC BY 4.0,train
ID_BodhEe.jpg,healthy,dataset/images/train/ID_BodhEe.jpg,1,amini-cocoa-contamination-dataset,CC BY 4.0,train
ID_KRiWgS.jpg,anthracnose,dataset/images/train/ID_KRiWgS.jpg,2,amini-cocoa-contamination-dataset,CC BY 4.0,train
ID_BRbYvs.JPG,healthy,dataset/images/train/ID_BRbYvs.JPG,1,amini-cocoa-contamination-dataset,CC BY 4.0,train
ID_oy6RLQ.jpg,anthracnose,dataset/images/train/ID_oy6RLQ.jpg,1,amini-cocoa-contamination-dataset,CC BY 4.0,train
ID_DxYgU8.JPG,anthracnose,dataset/images/train/ID_DxYgU8.JPG,1,amini-cocoa-contamination-dataset,CC BY 4.0,train
ID_kP8PUs.jpg,anthracnose,dataset/images/train/ID_kP8PUs.jpg,4,amini-cocoa-contamination-dataset,CC BY 4.0,train
ID_raQ0O6.jpg,healthy,dataset/images/train/ID_raQ0O6.jpg,3,amini-cocoa-contamination-dataset,CC BY 4.0,train
ID_jjnTKq.jpg,cssvd,dataset/images/train/ID_jjnTKq.jpg,2,amini-cocoa-contamination-dataset,CC BY 4.0,train
ID_IATW0p.jpg,cssvd,dataset/images/train/ID_IATW0p.jpg,1,amini-cocoa-contamination-dataset,CC BY 4.0,train
ID_kzppmH.JPG,healthy,dataset/images/train/ID_kzppmH.JPG,3,amini-cocoa-contamination-dataset,CC BY 4.0,train
ID_IUDNT4.jpeg,healthy,dataset/images/train/ID_IUDNT4.jpeg,3,amini-cocoa-contamination-dataset,CC BY 4.0,train
ID_VyRtfV.jpg,anthracnose,dataset/images/train/ID_VyRtfV.jpg,2,amini-cocoa-contamination-dataset,CC BY 4.0,train
ID_rdwvgq.jpg,anthracnose,dataset/images/train/ID_rdwvgq.jpg,2,amini-cocoa-contamination-dataset,CC BY 4.0,train
ID_YU0lsV.jpeg,healthy,dataset/images/train/ID_YU0lsV.jpeg,1,amini-cocoa-contamination-dataset,CC BY 4.0,train
ID_tCyzFa.jpg,cssvd,dataset/images/train/ID_tCyzFa.jpg,1,amini-cocoa-contamination-dataset,CC BY 4.0,train
ID_caS2UM.jpg,cssvd,dataset/images/train/ID_caS2UM.jpg,1,amini-cocoa-contamination-dataset,CC BY 4.0,train
ID_nhwsZt.jpg,anthracnose,dataset/images/train/ID_nhwsZt.jpg,1,amini-cocoa-contamination-dataset,CC BY 4.0,train
ID_K5bVjf.jpeg,healthy,dataset/images/train/ID_K5bVjf.jpeg,1,amini-cocoa-contamination-dataset,CC BY 4.0,train
ID_pnnmjR.jpg,healthy,dataset/images/train/ID_pnnmjR.jpg,4,amini-cocoa-contamination-dataset,CC BY 4.0,train
ID_WAgToa.jpg,healthy,dataset/images/train/ID_WAgToa.jpg,2,amini-cocoa-contamination-dataset,CC BY 4.0,train
ID_SWcw7I.jpg,healthy,dataset/images/train/ID_SWcw7I.jpg,4,amini-cocoa-contamination-dataset,CC BY 4.0,train
ID_NpoqaB.jpg,anthracnose,dataset/images/train/ID_NpoqaB.jpg,1,amini-cocoa-contamination-dataset,CC BY 4.0,train
ID_V1mOjr.JPG,healthy,dataset/images/train/ID_V1mOjr.JPG,6,amini-cocoa-contamination-dataset,CC BY 4.0,train
ID_NbftLH.jpeg,anthracnose,dataset/images/train/ID_NbftLH.jpeg,1,amini-cocoa-contamination-dataset,CC BY 4.0,train
ID_gDJwTJ.jpg,anthracnose,dataset/images/train/ID_gDJwTJ.jpg,1,amini-cocoa-contamination-dataset,CC BY 4.0,train
ID_lcd6Ng.jpg,anthracnose,dataset/images/train/ID_lcd6Ng.jpg,1,amini-cocoa-contamination-dataset,CC BY 4.0,train
ID_mHSpdC.jpeg,healthy,dataset/images/train/ID_mHSpdC.jpeg,3,amini-cocoa-contamination-dataset,CC BY 4.0,train
ID_Hw2pen.JPG,healthy,dataset/images/train/ID_Hw2pen.JPG,1,amini-cocoa-contamination-dataset,CC BY 4.0,train
ID_rpBfDB.jpg,anthracnose,dataset/images/train/ID_rpBfDB.jpg,1,amini-cocoa-contamination-dataset,CC BY 4.0,train
ID_bQSRzD.jpg,anthracnose,dataset/images/train/ID_bQSRzD.jpg,2,amini-cocoa-contamination-dataset,CC BY 4.0,train
ID_oJKnfR.jpeg,anthracnose,dataset/images/train/ID_oJKnfR.jpeg,1,amini-cocoa-contamination-dataset,CC BY 4.0,train
ID_ZDuZTK.jpg,healthy,dataset/images/train/ID_ZDuZTK.jpg,6,amini-cocoa-contamination-dataset,CC BY 4.0,train
ID_XRqIJk.jpg,cssvd,dataset/images/train/ID_XRqIJk.jpg,1,amini-cocoa-contamination-dataset,CC BY 4.0,train
ID_A6p4R9.jpg,cssvd,dataset/images/train/ID_A6p4R9.jpg,1,amini-cocoa-contamination-dataset,CC BY 4.0,train
ID_iwn2aQ.jpg,anthracnose,dataset/images/train/ID_iwn2aQ.jpg,3,amini-cocoa-contamination-dataset,CC BY 4.0,train
ID_IZ5C6z.jpeg,cssvd,dataset/images/train/ID_IZ5C6z.jpeg,2,amini-cocoa-contamination-dataset,CC BY 4.0,train
ID_VHMJVR.jpeg,healthy,dataset/images/train/ID_VHMJVR.jpeg,1,amini-cocoa-contamination-dataset,CC BY 4.0,train
ID_Li5kKi.jpg,anthracnose,dataset/images/train/ID_Li5kKi.jpg,1,amini-cocoa-contamination-dataset,CC BY 4.0,train
ID_rDOIp4.jpg,cssvd,dataset/images/train/ID_rDOIp4.jpg,2,amini-cocoa-contamination-dataset,CC BY 4.0,train
ID_grwgyO.jpg,healthy,dataset/images/train/ID_grwgyO.jpg,3,amini-cocoa-contamination-dataset,CC BY 4.0,train
ID_RN0Wrj.jpg,cssvd,dataset/images/train/ID_RN0Wrj.jpg,3,amini-cocoa-contamination-dataset,CC BY 4.0,train
ID_JAVzeJ.jpg,cssvd,dataset/images/train/ID_JAVzeJ.jpg,2,amini-cocoa-contamination-dataset,CC BY 4.0,train
ID_Nj9em1.jpg,cssvd,dataset/images/train/ID_Nj9em1.jpg,3,amini-cocoa-contamination-dataset,CC BY 4.0,train
ID_EhKgzn.jpg,healthy,dataset/images/train/ID_EhKgzn.jpg,1,amini-cocoa-contamination-dataset,CC BY 4.0,train
ID_MgpPNk.jpeg,anthracnose,dataset/images/train/ID_MgpPNk.jpeg,2,amini-cocoa-contamination-dataset,CC BY 4.0,train
ID_gtmkaV.jpeg,healthy,dataset/images/train/ID_gtmkaV.jpeg,1,amini-cocoa-contamination-dataset,CC BY 4.0,train
ID_lVEMqK.jpg,healthy,dataset/images/train/ID_lVEMqK.jpg,2,amini-cocoa-contamination-dataset,CC BY 4.0,train
ID_D4JXep.jpeg,cssvd,dataset/images/train/ID_D4JXep.jpeg,1,amini-cocoa-contamination-dataset,CC BY 4.0,train
ID_VMAsV9.jpg,cssvd,dataset/images/train/ID_VMAsV9.jpg,3,amini-cocoa-contamination-dataset,CC BY 4.0,train
ID_x67Mve.jpg,healthy,dataset/images/train/ID_x67Mve.jpg,3,amini-cocoa-contamination-dataset,CC BY 4.0,train
ID_koBtxN.jpg,cssvd,dataset/images/train/ID_koBtxN.jpg,2,amini-cocoa-contamination-dataset,CC BY 4.0,train
ID_rTf5xG.jpeg,healthy,dataset/images/train/ID_rTf5xG.jpeg,2,amini-cocoa-contamination-dataset,CC BY 4.0,train
ID_ajFc4I.jpeg,healthy,dataset/images/train/ID_ajFc4I.jpeg,2,amini-cocoa-contamination-dataset,CC BY 4.0,train
ID_TAILbh.jpeg,anthracnose,dataset/images/train/ID_TAILbh.jpeg,1,amini-cocoa-contamination-dataset,CC BY 4.0,train
ID_NsQ0Cr.jpg,cssvd,dataset/images/train/ID_NsQ0Cr.jpg,1,amini-cocoa-contamination-dataset,CC BY 4.0,train
ID_haobGE.jpg,cssvd,dataset/images/train/ID_haobGE.jpg,1,amini-cocoa-contamination-dataset,CC BY 4.0,train
ID_OS6ZM8.jpeg,anthracnose,dataset/images/train/ID_OS6ZM8.jpeg,1,amini-cocoa-contamination-dataset,CC BY 4.0,train
ID_J3CYUI.jpg,healthy,dataset/images/train/ID_J3CYUI.jpg,2,amini-cocoa-contamination-dataset,CC BY 4.0,train
ID_cb3joU.jpeg,anthracnose,dataset/images/train/ID_cb3joU.jpeg,1,amini-cocoa-contamination-dataset,CC BY 4.0,train
ID_GJHk0x.jpg,anthracnose,dataset/images/train/ID_GJHk0x.jpg,3,amini-cocoa-contamination-dataset,CC BY 4.0,train
ID_ThXpI7.jpeg,cssvd,dataset/images/train/ID_ThXpI7.jpeg,1,amini-cocoa-contamination-dataset,CC BY 4.0,train
ID_qUBZI8.jpeg,anthracnose,dataset/images/train/ID_qUBZI8.jpeg,1,amini-cocoa-contamination-dataset,CC BY 4.0,train
ID_yBLvIV.jpg,cssvd,dataset/images/train/ID_yBLvIV.jpg,2,amini-cocoa-contamination-dataset,CC BY 4.0,train
ID_tCG5AN.jpg,cssvd,dataset/images/train/ID_tCG5AN.jpg,2,amini-cocoa-contamination-dataset,CC BY 4.0,train
ID_iV0fPM.jpeg,healthy,dataset/images/train/ID_iV0fPM.jpeg,1,amini-cocoa-contamination-dataset,CC BY 4.0,train
ID_FSoiJs.jpg,cssvd,dataset/images/train/ID_FSoiJs.jpg,1,amini-cocoa-contamination-dataset,CC BY 4.0,train
ID_bo5a8C.jpg,cssvd,dataset/images/train/ID_bo5a8C.jpg,2,amini-cocoa-contamination-dataset,CC BY 4.0,train
ID_nYsAmq.jpg,anthracnose,dataset/images/train/ID_nYsAmq.jpg,1,amini-cocoa-contamination-dataset,CC BY 4.0,train
ID_hzh9ni.jpg,cssvd,dataset/images/train/ID_hzh9ni.jpg,2,amini-cocoa-contamination-dataset,CC BY 4.0,train
ID_uPSLdP.jpg,cssvd,dataset/images/train/ID_uPSLdP.jpg,2,amini-cocoa-contamination-dataset,CC BY 4.0,train
ID_XXs09M.jpeg,healthy,dataset/images/train/ID_XXs09M.jpeg,3,amini-cocoa-contamination-dataset,CC BY 4.0,train
ID_WOcS6F.jpg,cssvd,dataset/images/train/ID_WOcS6F.jpg,1,amini-cocoa-contamination-dataset,CC BY 4.0,train
ID_YAyVP8.jpg,anthracnose,dataset/images/train/ID_YAyVP8.jpg,2,amini-cocoa-contamination-dataset,CC BY 4.0,train
ID_xOnGt4.jpg,cssvd,dataset/images/train/ID_xOnGt4.jpg,1,amini-cocoa-contamination-dataset,CC BY 4.0,train
ID_TYtt5v.jpg,cssvd,dataset/images/train/ID_TYtt5v.jpg,2,amini-cocoa-contamination-dataset,CC BY 4.0,train
ID_Z6JnVD.jpg,cssvd,dataset/images/train/ID_Z6JnVD.jpg,1,amini-cocoa-contamination-dataset,CC BY 4.0,train
ID_auKPn1.jpg,cssvd,dataset/images/train/ID_auKPn1.jpg,1,amini-cocoa-contamination-dataset,CC BY 4.0,train
ID_xL8wYO.jpg,cssvd,dataset/images/train/ID_xL8wYO.jpg,2,amini-cocoa-contamination-dataset,CC BY 4.0,train
ID_n8GemV.jpg,healthy,dataset/images/train/ID_n8GemV.jpg,1,amini-cocoa-contamination-dataset,CC BY 4.0,train
ID_OupVdQ.jpg,cssvd,dataset/images/train/ID_OupVdQ.jpg,1,amini-cocoa-contamination-dataset,CC BY 4.0,train
ID_lazeWz.jpeg,anthracnose,dataset/images/train/ID_lazeWz.jpeg,1,amini-cocoa-contamination-dataset,CC BY 4.0,train
ID_YsCHO1.jpg,cssvd,dataset/images/train/ID_YsCHO1.jpg,1,amini-cocoa-contamination-dataset,CC BY 4.0,train
ID_BJOnhx.jpeg,healthy,dataset/images/train/ID_BJOnhx.jpeg,1,amini-cocoa-contamination-dataset,CC BY 4.0,train
ID_C33WTJ.jpeg,healthy,dataset/images/train/ID_C33WTJ.jpeg,2,amini-cocoa-contamination-dataset,CC BY 4.0,train
ID_lBrACC.jpg,healthy,dataset/images/train/ID_lBrACC.jpg,8,amini-cocoa-contamination-dataset,CC BY 4.0,train
ID_GA4P0I.jpeg,healthy,dataset/images/train/ID_GA4P0I.jpeg,1,amini-cocoa-contamination-dataset,CC BY 4.0,train
ID_N5qA2k.jpeg,cssvd,dataset/images/train/ID_N5qA2k.jpeg,1,amini-cocoa-contamination-dataset,CC BY 4.0,train
ID_uVlntu.jpg,healthy,dataset/images/train/ID_uVlntu.jpg,6,amini-cocoa-contamination-dataset,CC BY 4.0,train
ID_w0nbv5.jpg,anthracnose,dataset/images/train/ID_w0nbv5.jpg,1,amini-cocoa-contamination-dataset,CC BY 4.0,train
ID_wCLYrk.jpg,anthracnose,dataset/images/train/ID_wCLYrk.jpg,1,amini-cocoa-contamination-dataset,CC BY 4.0,train
ID_BiBTCj.jpeg,anthracnose,dataset/images/train/ID_BiBTCj.jpeg,1,amini-cocoa-contamination-dataset,CC BY 4.0,train
ID_zJMKUF.jpg,healthy,dataset/images/train/ID_zJMKUF.jpg,1,amini-cocoa-contamination-dataset,CC BY 4.0,train
ID_YVrqE6.jpg,cssvd,dataset/images/train/ID_YVrqE6.jpg,1,amini-cocoa-contamination-dataset,CC BY 4.0,train
ID_hwXAW3.jpg,cssvd,dataset/images/train/ID_hwXAW3.jpg,1,amini-cocoa-contamination-dataset,CC BY 4.0,train
ID_gtw3Tr.jpg,anthracnose,dataset/images/train/ID_gtw3Tr.jpg,2,amini-cocoa-contamination-dataset,CC BY 4.0,train
ID_i4BosA.jpg,anthracnose,dataset/images/train/ID_i4BosA.jpg,1,amini-cocoa-contamination-dataset,CC BY 4.0,train
ID_JmX1KN.jpg,cssvd,dataset/images/train/ID_JmX1KN.jpg,1,amini-cocoa-contamination-dataset,CC BY 4.0,train
ID_PvUdS7.jpg,cssvd,dataset/images/train/ID_PvUdS7.jpg,1,amini-cocoa-contamination-dataset,CC BY 4.0,train
ID_xaQ1Pp.jpeg,anthracnose,dataset/images/train/ID_xaQ1Pp.jpeg,1,amini-cocoa-contamination-dataset,CC BY 4.0,train
ID_aSDtdm.jpeg,healthy,dataset/images/train/ID_aSDtdm.jpeg,2,amini-cocoa-contamination-dataset,CC BY 4.0,train
ID_wFa3gD.jpg,healthy,dataset/images/train/ID_wFa3gD.jpg,1,amini-cocoa-contamination-dataset,CC BY 4.0,train
ID_HLTUCk.jpeg,anthracnose,dataset/images/train/ID_HLTUCk.jpeg,1,amini-cocoa-contamination-dataset,CC BY 4.0,train
ID_I6FjLf.jpg,anthracnose,dataset/images/train/ID_I6FjLf.jpg,1,amini-cocoa-contamination-dataset,CC BY 4.0,train
ID_jPQCU9.jpg,healthy,dataset/images/train/ID_jPQCU9.jpg,1,amini-cocoa-contamination-dataset,CC BY 4.0,train
ID_UCosVm.jpeg,anthracnose,dataset/images/train/ID_UCosVm.jpeg,1,amini-cocoa-contamination-dataset,CC BY 4.0,train
ID_FYDelV.jpg,cssvd,dataset/images/train/ID_FYDelV.jpg,1,amini-cocoa-contamination-dataset,CC BY 4.0,train
ID_yQl29T.jpg,cssvd,dataset/images/train/ID_yQl29T.jpg,1,amini-cocoa-contamination-dataset,CC BY 4.0,train
ID_mncJZS.jpg,anthracnose,dataset/images/train/ID_mncJZS.jpg,1,amini-cocoa-contamination-dataset,CC BY 4.0,train
ID_PneJmp.jpg,anthracnose,dataset/images/train/ID_PneJmp.jpg,1,amini-cocoa-contamination-dataset,CC BY 4.0,train
ID_Hmxdwo.jpg,anthracnose,dataset/images/train/ID_Hmxdwo.jpg,1,amini-cocoa-contamination-dataset,CC BY 4.0,train
ID_Ns5F7Q.jpeg,healthy,dataset/images/train/ID_Ns5F7Q.jpeg,2,amini-cocoa-contamination-dataset,CC BY 4.0,train
ID_NSHiVv.jpeg,healthy,dataset/images/train/ID_NSHiVv.jpeg,1,amini-cocoa-contamination-dataset,CC BY 4.0,train
ID_H3hHVq.jpeg,healthy,dataset/images/train/ID_H3hHVq.jpeg,2,amini-cocoa-contamination-dataset,CC BY 4.0,train
ID_UCbjsL.jpg,cssvd,dataset/images/train/ID_UCbjsL.jpg,4,amini-cocoa-contamination-dataset,CC BY 4.0,train
ID_EMbTLv.jpeg,anthracnose,dataset/images/train/ID_EMbTLv.jpeg,1,amini-cocoa-contamination-dataset,CC BY 4.0,train
ID_QTeP8f.JPG,healthy,dataset/images/train/ID_QTeP8f.JPG,1,amini-cocoa-contamination-dataset,CC BY 4.0,train
ID_iG2aj8.jpeg,healthy,dataset/images/train/ID_iG2aj8.jpeg,1,amini-cocoa-contamination-dataset,CC BY 4.0,train
ID_R1Hyg9.jpg,cssvd,dataset/images/train/ID_R1Hyg9.jpg,1,amini-cocoa-contamination-dataset,CC BY 4.0,train
ID_KhMtsG.JPG,healthy,dataset/images/train/ID_KhMtsG.JPG,1,amini-cocoa-contamination-dataset,CC BY 4.0,train
ID_m9DgAg.jpg,cssvd,dataset/images/train/ID_m9DgAg.jpg,2,amini-cocoa-contamination-dataset,CC BY 4.0,train
ID_dRwVLj.jpeg,anthracnose,dataset/images/train/ID_dRwVLj.jpeg,1,amini-cocoa-contamination-dataset,CC BY 4.0,train
ID_v9CWwv.jpg,cssvd,dataset/images/train/ID_v9CWwv.jpg,1,amini-cocoa-contamination-dataset,CC BY 4.0,train
ID_QLct5w.jpeg,cssvd,dataset/images/train/ID_QLct5w.jpeg,3,amini-cocoa-contamination-dataset,CC BY 4.0,train
ID_qWm75F.jpg,cssvd,dataset/images/train/ID_qWm75F.jpg,1,amini-cocoa-contamination-dataset,CC BY 4.0,train
ID_xceygB.jpg,cssvd,dataset/images/train/ID_xceygB.jpg,1,amini-cocoa-contamination-dataset,CC BY 4.0,train
ID_j2mMmY.jpeg,anthracnose,dataset/images/train/ID_j2mMmY.jpeg,1,amini-cocoa-contamination-dataset,CC BY 4.0,train
ID_wl3vnH.jpg,cssvd,dataset/images/train/ID_wl3vnH.jpg,1,amini-cocoa-contamination-dataset,CC BY 4.0,train
ID_KJQmID.jpg,cssvd,dataset/images/train/ID_KJQmID.jpg,2,amini-cocoa-contamination-dataset,CC BY 4.0,train
ID_y8Fl94.jpg,healthy,dataset/images/train/ID_y8Fl94.jpg,2,amini-cocoa-contamination-dataset,CC BY 4.0,train
ID_J5f55n.jpg,cssvd,dataset/images/train/ID_J5f55n.jpg,3,amini-cocoa-contamination-dataset,CC BY 4.0,train
ID_s1BLOE.jpg,anthracnose,dataset/images/train/ID_s1BLOE.jpg,3,amini-cocoa-contamination-dataset,CC BY 4.0,train
ID_bjM5Mf.jpg,cssvd,dataset/images/train/ID_bjM5Mf.jpg,1,amini-cocoa-contamination-dataset,CC BY 4.0,train
ID_dnJxh0.jpeg,anthracnose,dataset/images/train/ID_dnJxh0.jpeg,2,amini-cocoa-contamination-dataset,CC BY 4.0,train
ID_LVN6b0.jpg,cssvd,dataset/images/train/ID_LVN6b0.jpg,1,amini-cocoa-contamination-dataset,CC BY 4.0,train
ID_fTd799.jpg,cssvd,dataset/images/train/ID_fTd799.jpg,1,amini-cocoa-contamination-dataset,CC BY 4.0,train
ID_JaKfsh.jpg,cssvd,dataset/images/train/ID_JaKfsh.jpg,1,amini-cocoa-contamination-dataset,CC BY 4.0,train
ID_Qnj92P.jpg,healthy,dataset/images/train/ID_Qnj92P.jpg,1,amini-cocoa-contamination-dataset,CC BY 4.0,train
ID_ZIoA6m.jpg,cssvd,dataset/images/train/ID_ZIoA6m.jpg,1,amini-cocoa-contamination-dataset,CC BY 4.0,train
ID_rIpUGK.jpg,anthracnose,dataset/images/train/ID_rIpUGK.jpg,1,amini-cocoa-contamination-dataset,CC BY 4.0,train
ID_XwAh1W.JPG,healthy,dataset/images/train/ID_XwAh1W.JPG,2,amini-cocoa-contamination-dataset,CC BY 4.0,train
ID_syvdOd.jpg,anthracnose,dataset/images/train/ID_syvdOd.jpg,1,amini-cocoa-contamination-dataset,CC BY 4.0,train
ID_RoWnbg.jpg,anthracnose,dataset/images/train/ID_RoWnbg.jpg,1,amini-cocoa-contamination-dataset,CC BY 4.0,train
ID_BM1xwq.jpeg,healthy,dataset/images/train/ID_BM1xwq.jpeg,3,amini-cocoa-contamination-dataset,CC BY 4.0,train
ID_R4BBdy.jpeg,healthy,dataset/images/train/ID_R4BBdy.jpeg,4,amini-cocoa-contamination-dataset,CC BY 4.0,train
ID_BT93nY.jpeg,healthy,dataset/images/train/ID_BT93nY.jpeg,4,amini-cocoa-contamination-dataset,CC BY 4.0,train
ID_hJOa56.jpeg,cssvd,dataset/images/train/ID_hJOa56.jpeg,1,amini-cocoa-contamination-dataset,CC BY 4.0,train
ID_lKnqgN.jpg,cssvd,dataset/images/train/ID_lKnqgN.jpg,2,amini-cocoa-contamination-dataset,CC BY 4.0,train
ID_JZdQdn.jpg,cssvd,dataset/images/train/ID_JZdQdn.jpg,1,amini-cocoa-contamination-dataset,CC BY 4.0,train
ID_RTQg4C.jpg,anthracnose,dataset/images/train/ID_RTQg4C.jpg,3,amini-cocoa-contamination-dataset,CC BY 4.0,train
ID_dOfB2l.jpg,healthy,dataset/images/train/ID_dOfB2l.jpg,1,amini-cocoa-contamination-dataset,CC BY 4.0,train
ID_hCoTqn.jpg,cssvd,dataset/images/train/ID_hCoTqn.jpg,1,amini-cocoa-contamination-dataset,CC BY 4.0,train
ID_A8K8dv.jpg,healthy,dataset/images/train/ID_A8K8dv.jpg,2,amini-cocoa-contamination-dataset,CC BY 4.0,train
ID_dSCbzP.jpg,anthracnose,dataset/images/train/ID_dSCbzP.jpg,2,amini-cocoa-contamination-dataset,CC BY 4.0,train
ID_aavMun.jpg,healthy,dataset/images/train/ID_aavMun.jpg,2,amini-cocoa-contamination-dataset,CC BY 4.0,train
ID_t1Jamz.jpeg,anthracnose,dataset/images/train/ID_t1Jamz.jpeg,1,amini-cocoa-contamination-dataset,CC BY 4.0,train
ID_jzPiFN.jpeg,cssvd,dataset/images/train/ID_jzPiFN.jpeg,1,amini-cocoa-contamination-dataset,CC BY 4.0,train
ID_HeIaOM.JPG,healthy,dataset/images/train/ID_HeIaOM.JPG,1,amini-cocoa-contamination-dataset,CC BY 4.0,train
ID_RsxjgX.jpeg,cssvd,dataset/images/train/ID_RsxjgX.jpeg,1,amini-cocoa-contamination-dataset,CC BY 4.0,train
ID_zqOoWg.jpg,cssvd,dataset/images/train/ID_zqOoWg.jpg,1,amini-cocoa-contamination-dataset,CC BY 4.0,train
ID_RgrM3x.jpg,healthy,dataset/images/train/ID_RgrM3x.jpg,1,amini-cocoa-contamination-dataset,CC BY 4.0,train
ID_saRbCv.jpg,healthy,dataset/images/train/ID_saRbCv.jpg,1,amini-cocoa-contamination-dataset,CC BY 4.0,train
ID_sF6RBk.jpg,cssvd,dataset/images/train/ID_sF6RBk.jpg,1,amini-cocoa-contamination-dataset,CC BY 4.0,train
ID_Z9NILu.jpg,cssvd,dataset/images/train/ID_Z9NILu.jpg,1,amini-cocoa-contamination-dataset,CC BY 4.0,train
ID_dH0o4x.jpeg,healthy,dataset/images/train/ID_dH0o4x.jpeg,2,amini-cocoa-contamination-dataset,CC BY 4.0,train
ID_emiX0I.jpeg,cssvd,dataset/images/train/ID_emiX0I.jpeg,4,amini-cocoa-contamination-dataset,CC BY 4.0,train
ID_sEoqd2.jpg,healthy,dataset/images/train/ID_sEoqd2.jpg,3,amini-cocoa-contamination-dataset,CC BY 4.0,train
ID_MleHqc.jpg,cssvd,dataset/images/train/ID_MleHqc.jpg,2,amini-cocoa-contamination-dataset,CC BY 4.0,train
ID_M1svKU.jpg,cssvd,dataset/images/train/ID_M1svKU.jpg,1,amini-cocoa-contamination-dataset,CC BY 4.0,train
ID_SNodIT.jpg,cssvd,dataset/images/train/ID_SNodIT.jpg,1,amini-cocoa-contamination-dataset,CC BY 4.0,train
ID_MYSxE2.jpg,healthy,dataset/images/train/ID_MYSxE2.jpg,1,amini-cocoa-contamination-dataset,CC BY 4.0,train
ID_cASZRA.jpg,cssvd,dataset/images/train/ID_cASZRA.jpg,3,amini-cocoa-contamination-dataset,CC BY 4.0,train
ID_rEvHcO.jpg,anthracnose,dataset/images/train/ID_rEvHcO.jpg,3,amini-cocoa-contamination-dataset,CC BY 4.0,train
ID_BwXrSz.jpg,cssvd,dataset/images/train/ID_BwXrSz.jpg,1,amini-cocoa-contamination-dataset,CC BY 4.0,train
ID_ua6MV1.jpeg,healthy,dataset/images/train/ID_ua6MV1.jpeg,2,amini-cocoa-contamination-dataset,CC BY 4.0,train
ID_KfSvNY.jpg,anthracnose,dataset/images/train/ID_KfSvNY.jpg,1,amini-cocoa-contamination-dataset,CC BY 4.0,train
ID_VgeTO5.jpg,cssvd,dataset/images/train/ID_VgeTO5.jpg,1,amini-cocoa-contamination-dataset,CC BY 4.0,train
ID_ykasdx.jpg,anthracnose,dataset/images/train/ID_ykasdx.jpg,1,amini-cocoa-contamination-dataset,CC BY 4.0,train
ID_yuH7Ba.jpg,cssvd,dataset/images/train/ID_yuH7Ba.jpg,3,amini-cocoa-contamination-dataset,CC BY 4.0,train
ID_TWonos.jpg,anthracnose,dataset/images/train/ID_TWonos.jpg,1,amini-cocoa-contamination-dataset,CC BY 4.0,train
ID_gmpbkX.jpg,cssvd,dataset/images/train/ID_gmpbkX.jpg,3,amini-cocoa-contamination-dataset,CC BY 4.0,train
ID_Wapq8b.jpeg,anthracnose,dataset/images/train/ID_Wapq8b.jpeg,1,amini-cocoa-contamination-dataset,CC BY 4.0,train
ID_ABkF66.jpg,cssvd,dataset/images/train/ID_ABkF66.jpg,1,amini-cocoa-contamination-dataset,CC BY 4.0,train
ID_QZGiws.jpeg,anthracnose,dataset/images/train/ID_QZGiws.jpeg,1,amini-cocoa-contamination-dataset,CC BY 4.0,train
ID_PYV4Mr.jpeg,healthy,dataset/images/train/ID_PYV4Mr.jpeg,3,amini-cocoa-contamination-dataset,CC BY 4.0,train
ID_mnrVPf.jpg,cssvd,dataset/images/train/ID_mnrVPf.jpg,2,amini-cocoa-contamination-dataset,CC BY 4.0,train
ID_StqaTI.jpg,cssvd,dataset/images/train/ID_StqaTI.jpg,1,amini-cocoa-contamination-dataset,CC BY 4.0,train
ID_ixpnfb.jpeg,healthy,dataset/images/train/ID_ixpnfb.jpeg,1,amini-cocoa-contamination-dataset,CC BY 4.0,train
ID_VisRek.jpg,healthy,dataset/images/train/ID_VisRek.jpg,3,amini-cocoa-contamination-dataset,CC BY 4.0,train
ID_Tp5WNv.jpg,cssvd,dataset/images/train/ID_Tp5WNv.jpg,2,amini-cocoa-contamination-dataset,CC BY 4.0,train
ID_fdfBkV.jpg,healthy,dataset/images/train/ID_fdfBkV.jpg,4,amini-cocoa-contamination-dataset,CC BY 4.0,train
ID_te7FTI.jpg,cssvd,dataset/images/train/ID_te7FTI.jpg,1,amini-cocoa-contamination-dataset,CC BY 4.0,train
ID_JpS6T8.jpeg,cssvd,dataset/images/train/ID_JpS6T8.jpeg,1,amini-cocoa-contamination-dataset,CC BY 4.0,train
ID_a7rVuG.jpeg,anthracnose,dataset/images/train/ID_a7rVuG.jpeg,1,amini-cocoa-contamination-dataset,CC BY 4.0,train
ID_RBLpUs.jpg,cssvd,dataset/images/train/ID_RBLpUs.jpg,2,amini-cocoa-contamination-dataset,CC BY 4.0,train
ID_TU2jow.jpg,healthy,dataset/images/train/ID_TU2jow.jpg,3,amini-cocoa-contamination-dataset,CC BY 4.0,train
ID_LCHPqv.jpeg,anthracnose,dataset/images/train/ID_LCHPqv.jpeg,1,amini-cocoa-contamination-dataset,CC BY 4.0,train
ID_vHSudl.jpg,anthracnose,dataset/images/train/ID_vHSudl.jpg,2,amini-cocoa-contamination-dataset,CC BY 4.0,train
ID_h25a29.jpg,healthy,dataset/images/train/ID_h25a29.jpg,5,amini-cocoa-contamination-dataset,CC BY 4.0,train
ID_tRJ06F.jpg,healthy,dataset/images/train/ID_tRJ06F.jpg,2,amini-cocoa-contamination-dataset,CC BY 4.0,train
ID_Hurr5x.jpg,cssvd,dataset/images/train/ID_Hurr5x.jpg,1,amini-cocoa-contamination-dataset,CC BY 4.0,train
ID_jO2qKy.jpg,healthy,dataset/images/train/ID_jO2qKy.jpg,3,amini-cocoa-contamination-dataset,CC BY 4.0,train
ID_eCfaHe.jpg,cssvd,dataset/images/train/ID_eCfaHe.jpg,1,amini-cocoa-contamination-dataset,CC BY 4.0,train
ID_oFz9wk.jpg,healthy,dataset/images/train/ID_oFz9wk.jpg,1,amini-cocoa-contamination-dataset,CC BY 4.0,train
ID_Cv8n7h.jpg,cssvd,dataset/images/train/ID_Cv8n7h.jpg,2,amini-cocoa-contamination-dataset,CC BY 4.0,train
ID_BiTMni.jpeg,anthracnose,dataset/images/train/ID_BiTMni.jpeg,1,amini-cocoa-contamination-dataset,CC BY 4.0,train
ID_D8B0py.jpg,cssvd,dataset/images/train/ID_D8B0py.jpg,1,amini-cocoa-contamination-dataset,CC BY 4.0,train
ID_w4iion.JPG,healthy,dataset/images/train/ID_w4iion.JPG,1,amini-cocoa-contamination-dataset,CC BY 4.0,train
ID_AiM8Ff.jpg,cssvd,dataset/images/train/ID_AiM8Ff.jpg,1,amini-cocoa-contamination-dataset,CC BY 4.0,train
ID_hApy9s.jpg,anthracnose,dataset/images/train/ID_hApy9s.jpg,2,amini-cocoa-contamination-dataset,CC BY 4.0,train
ID_nqKJaJ.jpg,cssvd,dataset/images/train/ID_nqKJaJ.jpg,1,amini-cocoa-contamination-dataset,CC BY 4.0,train
ID_AqvsjF.jpg,cssvd,dataset/images/train/ID_AqvsjF.jpg,2,amini-cocoa-contamination-dataset,CC BY 4.0,train
ID_WJDjT3.jpg,cssvd,dataset/images/train/ID_WJDjT3.jpg,1,amini-cocoa-contamination-dataset,CC BY 4.0,train
ID_qSVAg2.jpg,cssvd,dataset/images/train/ID_qSVAg2.jpg,1,amini-cocoa-contamination-dataset,CC BY 4.0,train
ID_hVPByU.jpg,anthracnose,dataset/images/train/ID_hVPByU.jpg,1,amini-cocoa-contamination-dataset,CC BY 4.0,train
ID_mzmx8R.jpg,cssvd,dataset/images/train/ID_mzmx8R.jpg,1,amini-cocoa-contamination-dataset,CC BY 4.0,train
ID_FhrqNc.jpg,cssvd,dataset/images/train/ID_FhrqNc.jpg,1,amini-cocoa-contamination-dataset,CC BY 4.0,train
ID_X9IstM.jpg,anthracnose,dataset/images/train/ID_X9IstM.jpg,2,amini-cocoa-contamination-dataset,CC BY 4.0,train
ID_HQO1TJ.jpg,healthy,dataset/images/train/ID_HQO1TJ.jpg,3,amini-cocoa-contamination-dataset,CC BY 4.0,train
ID_m7tZ7H.jpeg,cssvd,dataset/images/train/ID_m7tZ7H.jpeg,2,amini-cocoa-contamination-dataset,CC BY 4.0,train
ID_DRkoYI.jpeg,anthracnose,dataset/images/train/ID_DRkoYI.jpeg,1,amini-cocoa-contamination-dataset,CC BY 4.0,train
ID_IIxg7B.jpg,healthy,dataset/images/train/ID_IIxg7B.jpg,1,amini-cocoa-contamination-dataset,CC BY 4.0,train
ID_J7ff4w.jpg,healthy,dataset/images/train/ID_J7ff4w.jpg,3,amini-cocoa-contamination-dataset,CC BY 4.0,train
ID_ebPzDC.jpg,cssvd,dataset/images/train/ID_ebPzDC.jpg,2,amini-cocoa-contamination-dataset,CC BY 4.0,train
ID_ka3SdB.jpg,healthy,dataset/images/train/ID_ka3SdB.jpg,2,amini-cocoa-contamination-dataset,CC BY 4.0,train
ID_FIJmp6.jpg,healthy,dataset/images/train/ID_FIJmp6.jpg,2,amini-cocoa-contamination-dataset,CC BY 4.0,train
ID_ZZvXhd.jpg,healthy,dataset/images/train/ID_ZZvXhd.jpg,6,amini-cocoa-contamination-dataset,CC BY 4.0,train
ID_uMmXVO.jpg,cssvd,dataset/images/train/ID_uMmXVO.jpg,1,amini-cocoa-contamination-dataset,CC BY 4.0,train
ID_VtUGbr.jpg,cssvd,dataset/images/train/ID_VtUGbr.jpg,1,amini-cocoa-contamination-dataset,CC BY 4.0,train
ID_oM56cq.jpg,cssvd,dataset/images/train/ID_oM56cq.jpg,1,amini-cocoa-contamination-dataset,CC BY 4.0,train
ID_lttKzU.jpg,cssvd,dataset/images/train/ID_lttKzU.jpg,1,amini-cocoa-contamination-dataset,CC BY 4.0,train
ID_ngoerD.jpg,anthracnose,dataset/images/train/ID_ngoerD.jpg,2,amini-cocoa-contamination-dataset,CC BY 4.0,train
ID_AJD939.jpg,cssvd,dataset/images/train/ID_AJD939.jpg,3,amini-cocoa-contamination-dataset,CC BY 4.0,train
ID_WqDrrO.jpg,cssvd,dataset/images/train/ID_WqDrrO.jpg,1,amini-cocoa-contamination-dataset,CC BY 4.0,train
ID_ueiQp4.jpeg,healthy,dataset/images/train/ID_ueiQp4.jpeg,3,amini-cocoa-contamination-dataset,CC BY 4.0,train
ID_kNgVJC.jpg,cssvd,dataset/images/train/ID_kNgVJC.jpg,2,amini-cocoa-contamination-dataset,CC BY 4.0,train
ID_pUKy7D.jpg,healthy,dataset/images/train/ID_pUKy7D.jpg,3,amini-cocoa-contamination-dataset,CC BY 4.0,train
ID_vCPY5H.jpg,cssvd,dataset/images/train/ID_vCPY5H.jpg,2,amini-cocoa-contamination-dataset,CC BY 4.0,train
ID_qAb54l.jpg,cssvd,dataset/images/train/ID_qAb54l.jpg,1,amini-cocoa-contamination-dataset,CC BY 4.0,train
ID_GbWjCM.JPG,healthy,dataset/images/train/ID_GbWjCM.JPG,4,amini-cocoa-contamination-dataset,CC BY 4.0,train
ID_evcKwW.jpg,anthracnose,dataset/images/train/ID_evcKwW.jpg,4,amini-cocoa-contamination-dataset,CC BY 4.0,train
ID_dPMfEr.JPG,cssvd,dataset/images/train/ID_dPMfEr.JPG,1,amini-cocoa-contamination-dataset,CC BY 4.0,train
ID_CjkFmq.jpeg,healthy,dataset/images/train/ID_CjkFmq.jpeg,4,amini-cocoa-contamination-dataset,CC BY 4.0,train
ID_ozx0oe.jpg,healthy,dataset/images/train/ID_ozx0oe.jpg,2,amini-cocoa-contamination-dataset,CC BY 4.0,train
ID_sAk119.jpg,healthy,dataset/images/train/ID_sAk119.jpg,9,amini-cocoa-contamination-dataset,CC BY 4.0,train
ID_wNz91P.jpg,healthy,dataset/images/train/ID_wNz91P.jpg,3,amini-cocoa-contamination-dataset,CC BY 4.0,train
ID_bjTSJM.jpg,cssvd,dataset/images/train/ID_bjTSJM.jpg,1,amini-cocoa-contamination-dataset,CC BY 4.0,train
ID_gaBdGU.jpg,cssvd,dataset/images/train/ID_gaBdGU.jpg,3,amini-cocoa-contamination-dataset,CC BY 4.0,train
ID_XTBn78.jpg,healthy,dataset/images/train/ID_XTBn78.jpg,6,amini-cocoa-contamination-dataset,CC BY 4.0,train
ID_Y9R0Qz.jpg,cssvd,dataset/images/train/ID_Y9R0Qz.jpg,3,amini-cocoa-contamination-dataset,CC BY 4.0,train
ID_vBmxwx.JPG,anthracnose,dataset/images/train/ID_vBmxwx.JPG,1,amini-cocoa-contamination-dataset,CC BY 4.0,train
ID_Bc5Zjq.jpg,cssvd,dataset/images/train/ID_Bc5Zjq.jpg,2,amini-cocoa-contamination-dataset,CC BY 4.0,train
ID_SoUfFB.jpg,anthracnose,dataset/images/train/ID_SoUfFB.jpg,1,amini-cocoa-contamination-dataset,CC BY 4.0,train
ID_JjWiF6.jpg,healthy,dataset/images/train/ID_JjWiF6.jpg,1,amini-cocoa-contamination-dataset,CC BY 4.0,train
ID_hUmwRv.jpg,cssvd,dataset/images/train/ID_hUmwRv.jpg,1,amini-cocoa-contamination-dataset,CC BY 4.0,train
ID_EcEQcW.jpg,cssvd,dataset/images/train/ID_EcEQcW.jpg,2,amini-cocoa-contamination-dataset,CC BY 4.0,train
ID_QXZ5rD.jpeg,anthracnose,dataset/images/train/ID_QXZ5rD.jpeg,1,amini-cocoa-contamination-dataset,CC BY 4.0,train
ID_j00IGN.jpg,cssvd,dataset/images/train/ID_j00IGN.jpg,2,amini-cocoa-contamination-dataset,CC BY 4.0,train
ID_Y43G8q.jpg,healthy,dataset/images/train/ID_Y43G8q.jpg,1,amini-cocoa-contamination-dataset,CC BY 4.0,train
ID_tWLpxy.jpg,healthy,dataset/images/train/ID_tWLpxy.jpg,10,amini-cocoa-contamination-dataset,CC BY 4.0,train
ID_sA8oC8.JPG,anthracnose,dataset/images/train/ID_sA8oC8.JPG,1,amini-cocoa-contamination-dataset,CC BY 4.0,train
ID_OwFJgN.jpeg,healthy,dataset/images/train/ID_OwFJgN.jpeg,2,amini-cocoa-contamination-dataset,CC BY 4.0,train
ID_sPTyui.jpeg,anthracnose,dataset/images/train/ID_sPTyui.jpeg,1,amini-cocoa-contamination-dataset,CC BY 4.0,train
ID_xJVNLy.jpeg,healthy,dataset/images/train/ID_xJVNLy.jpeg,2,amini-cocoa-contamination-dataset,CC BY 4.0,train
ID_Qd9ukH.jpeg,healthy,dataset/images/train/ID_Qd9ukH.jpeg,2,amini-cocoa-contamination-dataset,CC BY 4.0,train
ID_yAGCu1.jpg,cssvd,dataset/images/train/ID_yAGCu1.jpg,1,amini-cocoa-contamination-dataset,CC BY 4.0,train
ID_aR0VHN.jpg,cssvd,dataset/images/train/ID_aR0VHN.jpg,1,amini-cocoa-contamination-dataset,CC BY 4.0,train
ID_i6MMwR.jpeg,cssvd,dataset/images/train/ID_i6MMwR.jpeg,1,amini-cocoa-contamination-dataset,CC BY 4.0,train
ID_kJ6xlG.jpg,cssvd,dataset/images/train/ID_kJ6xlG.jpg,1,amini-cocoa-contamination-dataset,CC BY 4.0,train
ID_Hnk2C8.jpg,healthy,dataset/images/train/ID_Hnk2C8.jpg,3,amini-cocoa-contamination-dataset,CC BY 4.0,train
ID_tKRDXD.jpg,cssvd,dataset/images/train/ID_tKRDXD.jpg,2,amini-cocoa-contamination-dataset,CC BY 4.0,train
ID_NiKuid.jpg,anthracnose,dataset/images/train/ID_NiKuid.jpg,2,amini-cocoa-contamination-dataset,CC BY 4.0,train
ID_CqKwDM.jpg,healthy,dataset/images/train/ID_CqKwDM.jpg,1,amini-cocoa-contamination-dataset,CC BY 4.0,train
ID_p06to5.jpg,anthracnose,dataset/images/train/ID_p06to5.jpg,1,amini-cocoa-contamination-dataset,CC BY 4.0,train
ID_noxmsq.jpeg,anthracnose,dataset/images/train/ID_noxmsq.jpeg,1,amini-cocoa-contamination-dataset,CC BY 4.0,train
ID_OdPZmy.jpg,cssvd,dataset/images/train/ID_OdPZmy.jpg,1,amini-cocoa-contamination-dataset,CC BY 4.0,train
ID_FqWBwS.jpeg,anthracnose,dataset/images/train/ID_FqWBwS.jpeg,2,amini-cocoa-contamination-dataset,CC BY 4.0,train
ID_xhwazg.jpeg,healthy,dataset/images/train/ID_xhwazg.jpeg,2,amini-cocoa-contamination-dataset,CC BY 4.0,train
ID_B4Ii0C.jpg,cssvd,dataset/images/train/ID_B4Ii0C.jpg,3,amini-cocoa-contamination-dataset,CC BY 4.0,train
ID_dctsZD.jpg,cssvd,dataset/images/train/ID_dctsZD.jpg,4,amini-cocoa-contamination-dataset,CC BY 4.0,train
ID_pZ3IFI.jpeg,anthracnose,dataset/images/train/ID_pZ3IFI.jpeg,1,amini-cocoa-contamination-dataset,CC BY 4.0,train
ID_SSPUE6.jpg,anthracnose,dataset/images/train/ID_SSPUE6.jpg,1,amini-cocoa-contamination-dataset,CC BY 4.0,train
ID_pm15xu.jpg,anthracnose,dataset/images/train/ID_pm15xu.jpg,1,amini-cocoa-contamination-dataset,CC BY 4.0,train
ID_oYVWan.jpg,healthy,dataset/images/train/ID_oYVWan.jpg,2,amini-cocoa-contamination-dataset,CC BY 4.0,train
ID_maIMIo.jpg,anthracnose,dataset/images/train/ID_maIMIo.jpg,2,amini-cocoa-contamination-dataset,CC BY 4.0,train
ID_l5PHx7.jpeg,healthy,dataset/images/train/ID_l5PHx7.jpeg,2,amini-cocoa-contamination-dataset,CC BY 4.0,train
ID_Ifziv4.jpg,cssvd,dataset/images/train/ID_Ifziv4.jpg,1,amini-cocoa-contamination-dataset,CC BY 4.0,train
ID_taH0WS.jpeg,anthracnose,dataset/images/train/ID_taH0WS.jpeg,1,amini-cocoa-contamination-dataset,CC BY 4.0,train
ID_AWYI8j.jpeg,anthracnose,dataset/images/train/ID_AWYI8j.jpeg,1,amini-cocoa-contamination-dataset,CC BY 4.0,train
ID_CFEyPs.jpg,healthy,dataset/images/train/ID_CFEyPs.jpg,4,amini-cocoa-contamination-dataset,CC BY 4.0,train
ID_sFvFvC.jpg,cssvd,dataset/images/train/ID_sFvFvC.jpg,1,amini-cocoa-contamination-dataset,CC BY 4.0,train
ID_r8iGb0.jpg,anthracnose,dataset/images/train/ID_r8iGb0.jpg,1,amini-cocoa-contamination-dataset,CC BY 4.0,train
ID_XDTGfp.jpeg,anthracnose,dataset/images/train/ID_XDTGfp.jpeg,1,amini-cocoa-contamination-dataset,CC BY 4.0,train
ID_n3TuOB.jpg,cssvd,dataset/images/train/ID_n3TuOB.jpg,1,amini-cocoa-contamination-dataset,CC BY 4.0,train
ID_aF5pZ1.jpg,cssvd,dataset/images/train/ID_aF5pZ1.jpg,2,amini-cocoa-contamination-dataset,CC BY 4.0,train
ID_D3pndw.jpeg,healthy,dataset/images/train/ID_D3pndw.jpeg,2,amini-cocoa-contamination-dataset,CC BY 4.0,train
ID_XVkLrG.jpg,anthracnose,dataset/images/train/ID_XVkLrG.jpg,1,amini-cocoa-contamination-dataset,CC BY 4.0,train
ID_G8jaPx.jpeg,healthy,dataset/images/train/ID_G8jaPx.jpeg,1,amini-cocoa-contamination-dataset,CC BY 4.0,train
ID_qzWcn6.jpg,healthy,dataset/images/train/ID_qzWcn6.jpg,1,amini-cocoa-contamination-dataset,CC BY 4.0,train
ID_QZE18M.jpg,cssvd,dataset/images/train/ID_QZE18M.jpg,1,amini-cocoa-contamination-dataset,CC BY 4.0,train
ID_ztv7UL.jpg,cssvd,dataset/images/train/ID_ztv7UL.jpg,1,amini-cocoa-contamination-dataset,CC BY 4.0,train
ID_gMd8MT.jpeg,cssvd,dataset/images/train/ID_gMd8MT.jpeg,1,amini-cocoa-contamination-dataset,CC BY 4.0,train
ID_moElma.jpeg,cssvd,dataset/images/train/ID_moElma.jpeg,2,amini-cocoa-contamination-dataset,CC BY 4.0,train
ID_tK38pk.jpg,cssvd,dataset/images/train/ID_tK38pk.jpg,1,amini-cocoa-contamination-dataset,CC BY 4.0,train
ID_bF5uXk.jpg,healthy,dataset/images/train/ID_bF5uXk.jpg,1,amini-cocoa-contamination-dataset,CC BY 4.0,train
ID_zRFLPm.jpg,healthy,dataset/images/train/ID_zRFLPm.jpg,5,amini-cocoa-contamination-dataset,CC BY 4.0,train
ID_s0VfHd.jpg,cssvd,dataset/images/train/ID_s0VfHd.jpg,1,amini-cocoa-contamination-dataset,CC BY 4.0,train
ID_TMqrFl.jpeg,cssvd,dataset/images/train/ID_TMqrFl.jpeg,2,amini-cocoa-contamination-dataset,CC BY 4.0,train
ID_JZpol5.jpg,healthy,dataset/images/train/ID_JZpol5.jpg,2,amini-cocoa-contamination-dataset,CC BY 4.0,train
ID_O1BONb.jpg,cssvd,dataset/images/train/ID_O1BONb.jpg,1,amini-cocoa-contamination-dataset,CC BY 4.0,train
ID_CkTxbi.jpg,cssvd,dataset/images/train/ID_CkTxbi.jpg,4,amini-cocoa-contamination-dataset,CC BY 4.0,train
ID_cYHet1.jpg,cssvd,dataset/images/train/ID_cYHet1.jpg,1,amini-cocoa-contamination-dataset,CC BY 4.0,train
ID_yO93iB.jpeg,healthy,dataset/images/train/ID_yO93iB.jpeg,1,amini-cocoa-contamination-dataset,CC BY 4.0,train
ID_SKn5NV.jpeg,healthy,dataset/images/train/ID_SKn5NV.jpeg,1,amini-cocoa-contamination-dataset,CC BY 4.0,train
ID_Iitfbw.jpg,healthy,dataset/images/train/ID_Iitfbw.jpg,1,amini-cocoa-contamination-dataset,CC BY 4.0,train
ID_WGehhF.jpg,cssvd,dataset/images/train/ID_WGehhF.jpg,1,amini-cocoa-contamination-dataset,CC BY 4.0,train
ID_l6szAO.jpg,cssvd,dataset/images/train/ID_l6szAO.jpg,1,amini-cocoa-contamination-dataset,CC BY 4.0,train
ID_fRqIJX.jpg,cssvd,dataset/images/train/ID_fRqIJX.jpg,1,amini-cocoa-contamination-dataset,CC BY 4.0,train
ID_y7zRTG.jpg,healthy,dataset/images/train/ID_y7zRTG.jpg,5,amini-cocoa-contamination-dataset,CC BY 4.0,train
ID_YZt4WS.jpg,anthracnose,dataset/images/train/ID_YZt4WS.jpg,1,amini-cocoa-contamination-dataset,CC BY 4.0,train
ID_YCwAa2.jpg,cssvd,dataset/images/train/ID_YCwAa2.jpg,1,amini-cocoa-contamination-dataset,CC BY 4.0,train
ID_j5xIIy.jpg,cssvd,dataset/images/train/ID_j5xIIy.jpg,2,amini-cocoa-contamination-dataset,CC BY 4.0,train
ID_ES2kxP.jpeg,healthy,dataset/images/train/ID_ES2kxP.jpeg,1,amini-cocoa-contamination-dataset,CC BY 4.0,train
ID_HH0HPI.jpeg,healthy,dataset/images/train/ID_HH0HPI.jpeg,1,amini-cocoa-contamination-dataset,CC BY 4.0,train
ID_TEMgjI.jpeg,anthracnose,dataset/images/train/ID_TEMgjI.jpeg,1,amini-cocoa-contamination-dataset,CC BY 4.0,train
ID_rS6kMD.jpg,cssvd,dataset/images/train/ID_rS6kMD.jpg,2,amini-cocoa-contamination-dataset,CC BY 4.0,train
ID_r8n5jW.jpg,healthy,dataset/images/train/ID_r8n5jW.jpg,1,amini-cocoa-contamination-dataset,CC BY 4.0,train
ID_t7dT6u.jpg,healthy,dataset/images/train/ID_t7dT6u.jpg,2,amini-cocoa-contamination-dataset,CC BY 4.0,train
ID_AhwlUp.jpeg,anthracnose,dataset/images/train/ID_AhwlUp.jpeg,1,amini-cocoa-contamination-dataset,CC BY 4.0,train
ID_f7g6vt.jpeg,healthy,dataset/images/train/ID_f7g6vt.jpeg,3,amini-cocoa-contamination-dataset,CC BY 4.0,train
ID_hUfLpX.jpg,anthracnose,dataset/images/train/ID_hUfLpX.jpg,2,amini-cocoa-contamination-dataset,CC BY 4.0,train
ID_eBTX6U.jpg,healthy,dataset/images/train/ID_eBTX6U.jpg,2,amini-cocoa-contamination-dataset,CC BY 4.0,train
ID_gZjkEA.jpg,cssvd,dataset/images/train/ID_gZjkEA.jpg,1,amini-cocoa-contamination-dataset,CC BY 4.0,train
ID_LloE1t.jpeg,healthy,dataset/images/train/ID_LloE1t.jpeg,1,amini-cocoa-contamination-dataset,CC BY 4.0,train
ID_r8Tocv.jpg,healthy,dataset/images/train/ID_r8Tocv.jpg,2,amini-cocoa-contamination-dataset,CC BY 4.0,train
ID_CZsBPb.jpg,healthy,dataset/images/train/ID_CZsBPb.jpg,1,amini-cocoa-contamination-dataset,CC BY 4.0,train
ID_J0CKXw.JPG,healthy,dataset/images/train/ID_J0CKXw.JPG,4,amini-cocoa-contamination-dataset,CC BY 4.0,train
ID_eahcF9.jpeg,cssvd,dataset/images/train/ID_eahcF9.jpeg,1,amini-cocoa-contamination-dataset,CC BY 4.0,train
ID_NKlpf0.jpeg,healthy,dataset/images/train/ID_NKlpf0.jpeg,2,amini-cocoa-contamination-dataset,CC BY 4.0,train
ID_knUqw8.jpg,healthy,dataset/images/train/ID_knUqw8.jpg,2,amini-cocoa-contamination-dataset,CC BY 4.0,train
ID_j2eh4t.jpg,cssvd,dataset/images/train/ID_j2eh4t.jpg,4,amini-cocoa-contamination-dataset,CC BY 4.0,train
ID_AbHMqL.jpg,anthracnose,dataset/images/train/ID_AbHMqL.jpg,1,amini-cocoa-contamination-dataset,CC BY 4.0,train
ID_i5Kb2V.jpg,cssvd,dataset/images/train/ID_i5Kb2V.jpg,2,amini-cocoa-contamination-dataset,CC BY 4.0,train
ID_FSEhQc.jpg,healthy,dataset/images/train/ID_FSEhQc.jpg,5,amini-cocoa-contamination-dataset,CC BY 4.0,train
ID_w69mp6.jpg,cssvd,dataset/images/train/ID_w69mp6.jpg,1,amini-cocoa-contamination-dataset,CC BY 4.0,train
ID_VoU7kl.jpg,healthy,dataset/images/train/ID_VoU7kl.jpg,5,amini-cocoa-contamination-dataset,CC BY 4.0,train
ID_ofyTCj.jpg,anthracnose,dataset/images/train/ID_ofyTCj.jpg,1,amini-cocoa-contamination-dataset,CC BY 4.0,train
ID_GUY07E.jpeg,cssvd,dataset/images/train/ID_GUY07E.jpeg,1,amini-cocoa-contamination-dataset,CC BY 4.0,train
ID_QPhI13.jpg,cssvd,dataset/images/train/ID_QPhI13.jpg,1,amini-cocoa-contamination-dataset,CC BY 4.0,train
ID_jqgCmS.jpg,anthracnose,dataset/images/train/ID_jqgCmS.jpg,1,amini-cocoa-contamination-dataset,CC BY 4.0,train
ID_lWQjnz.jpg,anthracnose,dataset/images/train/ID_lWQjnz.jpg,1,amini-cocoa-contamination-dataset,CC BY 4.0,train
ID_utElRw.jpeg,anthracnose,dataset/images/train/ID_utElRw.jpeg,1,amini-cocoa-contamination-dataset,CC BY 4.0,train
ID_jwvhDp.jpeg,healthy,dataset/images/train/ID_jwvhDp.jpeg,2,amini-cocoa-contamination-dataset,CC BY 4.0,train
ID_UTr8xI.jpeg,cssvd,dataset/images/train/ID_UTr8xI.jpeg,2,amini-cocoa-contamination-dataset,CC BY 4.0,train
ID_mDiUiu.jpg,anthracnose,dataset/images/train/ID_mDiUiu.jpg,2,amini-cocoa-contamination-dataset,CC BY 4.0,train
ID_Wwb3Id.jpg,healthy,dataset/images/train/ID_Wwb3Id.jpg,6,amini-cocoa-contamination-dataset,CC BY 4.0,train
ID_RXZqgX.JPG,anthracnose,dataset/images/train/ID_RXZqgX.JPG,1,amini-cocoa-contamination-dataset,CC BY 4.0,train
ID_NK7BSD.jpeg,anthracnose,dataset/images/train/ID_NK7BSD.jpeg,2,amini-cocoa-contamination-dataset,CC BY 4.0,train
ID_ueWf24.jpeg,cssvd,dataset/images/train/ID_ueWf24.jpeg,1,amini-cocoa-contamination-dataset,CC BY 4.0,train
ID_JHNRwF.jpeg,cssvd,dataset/images/train/ID_JHNRwF.jpeg,1,amini-cocoa-contamination-dataset,CC BY 4.0,train
ID_c2XesD.jpg,healthy,dataset/images/train/ID_c2XesD.jpg,5,amini-cocoa-contamination-dataset,CC BY 4.0,train
ID_nPdo15.JPG,healthy,dataset/images/train/ID_nPdo15.JPG,1,amini-cocoa-contamination-dataset,CC BY 4.0,train
ID_FQO1Mj.jpg,anthracnose,dataset/images/train/ID_FQO1Mj.jpg,1,amini-cocoa-contamination-dataset,CC BY 4.0,train
ID_IPRtIl.jpg,anthracnose,dataset/images/train/ID_IPRtIl.jpg,3,amini-cocoa-contamination-dataset,CC BY 4.0,train
ID_JgmF2n.jpeg,healthy,dataset/images/train/ID_JgmF2n.jpeg,1,amini-cocoa-contamination-dataset,CC BY 4.0,train
ID_QjO12D.jpg,healthy,dataset/images/train/ID_QjO12D.jpg,6,amini-cocoa-contamination-dataset,CC BY 4.0,train
ID_H5RiLm.jpg,cssvd,dataset/images/train/ID_H5RiLm.jpg,1,amini-cocoa-contamination-dataset,CC BY 4.0,train
ID_Ld8uKL.jpg,healthy,dataset/images/train/ID_Ld8uKL.jpg,1,amini-cocoa-contamination-dataset,CC BY 4.0,train
ID_DudrsA.jpg,cssvd,dataset/images/train/ID_DudrsA.jpg,1,amini-cocoa-contamination-dataset,CC BY 4.0,train
ID_dCvs0z.jpeg,healthy,dataset/images/train/ID_dCvs0z.jpeg,5,amini-cocoa-contamination-dataset,CC BY 4.0,train
ID_fK9qG3.jpg,healthy,dataset/images/train/ID_fK9qG3.jpg,2,amini-cocoa-contamination-dataset,CC BY 4.0,train
ID_CxIwDu.jpg,anthracnose,dataset/images/train/ID_CxIwDu.jpg,1,amini-cocoa-contamination-dataset,CC BY 4.0,train
ID_FxK8F8.jpg,anthracnose,dataset/images/train/ID_FxK8F8.jpg,2,amini-cocoa-contamination-dataset,CC BY 4.0,train
ID_amgKBJ.jpg,cssvd,dataset/images/train/ID_amgKBJ.jpg,5,amini-cocoa-contamination-dataset,CC BY 4.0,train
ID_KEQYGH.jpg,cssvd,dataset/images/train/ID_KEQYGH.jpg,1,amini-cocoa-contamination-dataset,CC BY 4.0,train
ID_pEqbTF.jpeg,healthy,dataset/images/train/ID_pEqbTF.jpeg,1,amini-cocoa-contamination-dataset,CC BY 4.0,train
ID_T4Tw1d.jpg,cssvd,dataset/images/train/ID_T4Tw1d.jpg,1,amini-cocoa-contamination-dataset,CC BY 4.0,train
ID_gurF1s.jpg,anthracnose,dataset/images/train/ID_gurF1s.jpg,3,amini-cocoa-contamination-dataset,CC BY 4.0,train
ID_LQkEvX.jpg,anthracnose,dataset/images/train/ID_LQkEvX.jpg,1,amini-cocoa-contamination-dataset,CC BY 4.0,train
ID_B9Cxd6.jpeg,healthy,dataset/images/train/ID_B9Cxd6.jpeg,2,amini-cocoa-contamination-dataset,CC BY 4.0,train
ID_Iv02uQ.jpg,cssvd,dataset/images/train/ID_Iv02uQ.jpg,4,amini-cocoa-contamination-dataset,CC BY 4.0,train
ID_g9YBx7.jpg,healthy,dataset/images/train/ID_g9YBx7.jpg,2,amini-cocoa-contamination-dataset,CC BY 4.0,train
ID_CRMgGx.jpeg,cssvd,dataset/images/train/ID_CRMgGx.jpeg,1,amini-cocoa-contamination-dataset,CC BY 4.0,train
ID_HUdyGp.jpeg,anthracnose,dataset/images/train/ID_HUdyGp.jpeg,1,amini-cocoa-contamination-dataset,CC BY 4.0,train
ID_Yfcgpl.jpeg,healthy,dataset/images/train/ID_Yfcgpl.jpeg,1,amini-cocoa-contamination-dataset,CC BY 4.0,train
ID_Ot9lnj.jpg,anthracnose,dataset/images/train/ID_Ot9lnj.jpg,1,amini-cocoa-contamination-dataset,CC BY 4.0,train
ID_uY8Yto.jpg,cssvd,dataset/images/train/ID_uY8Yto.jpg,2,amini-cocoa-contamination-dataset,CC BY 4.0,train
ID_zZM2jq.jpg,anthracnose,dataset/images/train/ID_zZM2jq.jpg,5,amini-cocoa-contamination-dataset,CC BY 4.0,train
ID_v0DPlG.jpg,healthy,dataset/images/train/ID_v0DPlG.jpg,1,amini-cocoa-contamination-dataset,CC BY 4.0,train
ID_GkdixY.jpeg,anthracnose,dataset/images/train/ID_GkdixY.jpeg,1,amini-cocoa-contamination-dataset,CC BY 4.0,train
ID_xVwLGx.jpg,anthracnose,dataset/images/train/ID_xVwLGx.jpg,1,amini-cocoa-contamination-dataset,CC BY 4.0,train
ID_CMbo9Q.jpg,anthracnose,dataset/images/train/ID_CMbo9Q.jpg,1,amini-cocoa-contamination-dataset,CC BY 4.0,train
ID_unaCV7.jpeg,anthracnose,dataset/images/train/ID_unaCV7.jpeg,1,amini-cocoa-contamination-dataset,CC BY 4.0,train
ID_lg3nG2.jpg,anthracnose,dataset/images/train/ID_lg3nG2.jpg,1,amini-cocoa-contamination-dataset,CC BY 4.0,train
ID_PGJlzz.jpg,healthy,dataset/images/train/ID_PGJlzz.jpg,2,amini-cocoa-contamination-dataset,CC BY 4.0,train
ID_bYkVPL.jpg,cssvd,dataset/images/train/ID_bYkVPL.jpg,1,amini-cocoa-contamination-dataset,CC BY 4.0,train
ID_pE9E1O.jpg,cssvd,dataset/images/train/ID_pE9E1O.jpg,1,amini-cocoa-contamination-dataset,CC BY 4.0,train
ID_YVyIqj.jpg,cssvd,dataset/images/train/ID_YVyIqj.jpg,2,amini-cocoa-contamination-dataset,CC BY 4.0,train
ID_vYNFqM.jpg,anthracnose,dataset/images/train/ID_vYNFqM.jpg,1,amini-cocoa-contamination-dataset,CC BY 4.0,train
ID_XWDE4G.jpg,cssvd,dataset/images/train/ID_XWDE4G.jpg,1,amini-cocoa-contamination-dataset,CC BY 4.0,train
ID_sQK22T.jpg,cssvd,dataset/images/train/ID_sQK22T.jpg,3,amini-cocoa-contamination-dataset,CC BY 4.0,train
ID_RHOdIG.jpeg,healthy,dataset/images/train/ID_RHOdIG.jpeg,1,amini-cocoa-contamination-dataset,CC BY 4.0,train
ID_LSaNGn.jpeg,anthracnose,dataset/images/train/ID_LSaNGn.jpeg,2,amini-cocoa-contamination-dataset,CC BY 4.0,train
ID_kAs0TC.jpg,anthracnose,dataset/images/train/ID_kAs0TC.jpg,1,amini-cocoa-contamination-dataset,CC BY 4.0,train
ID_b9Qvqs.jpg,cssvd,dataset/images/train/ID_b9Qvqs.jpg,1,amini-cocoa-contamination-dataset,CC BY 4.0,train
ID_KWpPbH.JPG,cssvd,dataset/images/train/ID_KWpPbH.JPG,1,amini-cocoa-contamination-dataset,CC BY 4.0,train
ID_rQTt9N.jpg,cssvd,dataset/images/train/ID_rQTt9N.jpg,2,amini-cocoa-contamination-dataset,CC BY 4.0,train
ID_XN7OAJ.JPG,cssvd,dataset/images/train/ID_XN7OAJ.JPG,1,amini-cocoa-contamination-dataset,CC BY 4.0,train
ID_XK463F.jpg,cssvd,dataset/images/train/ID_XK463F.jpg,2,amini-cocoa-contamination-dataset,CC BY 4.0,train
ID_wFdKbn.jpeg,cssvd,dataset/images/train/ID_wFdKbn.jpeg,1,amini-cocoa-contamination-dataset,CC BY 4.0,train
ID_TU9Uku.jpg,cssvd,dataset/images/train/ID_TU9Uku.jpg,1,amini-cocoa-contamination-dataset,CC BY 4.0,train
ID_y4Dveu.jpg,healthy,dataset/images/train/ID_y4Dveu.jpg,1,amini-cocoa-contamination-dataset,CC BY 4.0,train
ID_gSyDuE.jpeg,anthracnose,dataset/images/train/ID_gSyDuE.jpeg,1,amini-cocoa-contamination-dataset,CC BY 4.0,train
ID_efIIDA.jpg,anthracnose,dataset/images/train/ID_efIIDA.jpg,1,amini-cocoa-contamination-dataset,CC BY 4.0,train
ID_efabV2.jpg,cssvd,dataset/images/train/ID_efabV2.jpg,1,amini-cocoa-contamination-dataset,CC BY 4.0,train
ID_Za0y6B.jpg,anthracnose,dataset/images/train/ID_Za0y6B.jpg,2,amini-cocoa-contamination-dataset,CC BY 4.0,train
ID_NNlxLN.jpg,cssvd,dataset/images/train/ID_NNlxLN.jpg,1,amini-cocoa-contamination-dataset,CC BY 4.0,train
ID_fV5C3K.jpg,anthracnose,dataset/images/train/ID_fV5C3K.jpg,1,amini-cocoa-contamination-dataset,CC BY 4.0,train
ID_Q9OD14.jpg,cssvd,dataset/images/train/ID_Q9OD14.jpg,1,amini-cocoa-contamination-dataset,CC BY 4.0,train
ID_SLN7HD.jpeg,healthy,dataset/images/train/ID_SLN7HD.jpeg,3,amini-cocoa-contamination-dataset,CC BY 4.0,train
ID_NOKUf5.jpeg,healthy,dataset/images/train/ID_NOKUf5.jpeg,3,amini-cocoa-contamination-dataset,CC BY 4.0,train
ID_uSpP4A.jpg,cssvd,dataset/images/train/ID_uSpP4A.jpg,1,amini-cocoa-contamination-dataset,CC BY 4.0,train
ID_zbn1hH.jpg,healthy,dataset/images/train/ID_zbn1hH.jpg,3,amini-cocoa-contamination-dataset,CC BY 4.0,train
ID_SlTG9E.jpg,healthy,dataset/images/train/ID_SlTG9E.jpg,2,amini-cocoa-contamination-dataset,CC BY 4.0,train
ID_H8GsDD.jpg,cssvd,dataset/images/train/ID_H8GsDD.jpg,1,amini-cocoa-contamination-dataset,CC BY 4.0,train
ID_a8eKzT.jpg,cssvd,dataset/images/train/ID_a8eKzT.jpg,1,amini-cocoa-contamination-dataset,CC BY 4.0,train
ID_FQ5hma.jpg,anthracnose,dataset/images/train/ID_FQ5hma.jpg,2,amini-cocoa-contamination-dataset,CC BY 4.0,train
ID_wTKdvS.jpg,cssvd,dataset/images/train/ID_wTKdvS.jpg,2,amini-cocoa-contamination-dataset,CC BY 4.0,train
ID_iDgYDS.jpg,cssvd,dataset/images/train/ID_iDgYDS.jpg,1,amini-cocoa-contamination-dataset,CC BY 4.0,train
ID_pKaiTL.jpg,cssvd,dataset/images/train/ID_pKaiTL.jpg,1,amini-cocoa-contamination-dataset,CC BY 4.0,train
ID_v9Na4G.jpg,cssvd,dataset/images/train/ID_v9Na4G.jpg,2,amini-cocoa-contamination-dataset,CC BY 4.0,train
ID_Zulgko.jpeg,healthy,dataset/images/train/ID_Zulgko.jpeg,2,amini-cocoa-contamination-dataset,CC BY 4.0,train
ID_bEgbr0.jpg,cssvd,dataset/images/train/ID_bEgbr0.jpg,1,amini-cocoa-contamination-dataset,CC BY 4.0,train
ID_as2hds.jpeg,anthracnose,dataset/images/train/ID_as2hds.jpeg,1,amini-cocoa-contamination-dataset,CC BY 4.0,train
ID_ZDB27Y.jpg,healthy,dataset/images/train/ID_ZDB27Y.jpg,1,amini-cocoa-contamination-dataset,CC BY 4.0,train
ID_lHNrxc.jpg,cssvd,dataset/images/train/ID_lHNrxc.jpg,3,amini-cocoa-contamination-dataset,CC BY 4.0,train
ID_OJRXS6.jpg,cssvd,dataset/images/train/ID_OJRXS6.jpg,3,amini-cocoa-contamination-dataset,CC BY 4.0,train
ID_WtdHKN.jpg,healthy,dataset/images/train/ID_WtdHKN.jpg,5,amini-cocoa-contamination-dataset,CC BY 4.0,train
ID_Vpz9Ac.jpg,healthy,dataset/images/train/ID_Vpz9Ac.jpg,5,amini-cocoa-contamination-dataset,CC BY 4.0,train
ID_mUqEBM.jpeg,healthy,dataset/images/train/ID_mUqEBM.jpeg,1,amini-cocoa-contamination-dataset,CC BY 4.0,train
ID_jxbrcX.jpeg,anthracnose,dataset/images/train/ID_jxbrcX.jpeg,1,amini-cocoa-contamination-dataset,CC BY 4.0,train
ID_CfMqKj.jpg,cssvd,dataset/images/train/ID_CfMqKj.jpg,3,amini-cocoa-contamination-dataset,CC BY 4.0,train
ID_B1Rh10.jpg,cssvd,dataset/images/train/ID_B1Rh10.jpg,1,amini-cocoa-contamination-dataset,CC BY 4.0,train
ID_zBTdc0.jpeg,cssvd,dataset/images/train/ID_zBTdc0.jpeg,2,amini-cocoa-contamination-dataset,CC BY 4.0,train
ID_tTcVIj.jpeg,cssvd,dataset/images/train/ID_tTcVIj.jpeg,1,amini-cocoa-contamination-dataset,CC BY 4.0,train
ID_Cw9uPH.jpg,cssvd,dataset/images/train/ID_Cw9uPH.jpg,1,amini-cocoa-contamination-dataset,CC BY 4.0,train
ID_AXlzhG.jpg,healthy,dataset/images/train/ID_AXlzhG.jpg,3,amini-cocoa-contamination-dataset,CC BY 4.0,train
ID_kK4xD1.jpg,anthracnose,dataset/images/train/ID_kK4xD1.jpg,3,amini-cocoa-contamination-dataset,CC BY 4.0,train
ID_SqkxeB.jpg,healthy,dataset/images/train/ID_SqkxeB.jpg,3,amini-cocoa-contamination-dataset,CC BY 4.0,train
ID_E3oVHX.jpg,cssvd,dataset/images/train/ID_E3oVHX.jpg,2,amini-cocoa-contamination-dataset,CC BY 4.0,train
ID_ZCHG3A.jpg,healthy,dataset/images/train/ID_ZCHG3A.jpg,5,amini-cocoa-contamination-dataset,CC BY 4.0,train
ID_ssDWcb.jpg,anthracnose,dataset/images/train/ID_ssDWcb.jpg,1,amini-cocoa-contamination-dataset,CC BY 4.0,train
ID_Q8M7f4.jpg,cssvd,dataset/images/train/ID_Q8M7f4.jpg,1,amini-cocoa-contamination-dataset,CC BY 4.0,train
ID_uEU6Em.jpg,anthracnose,dataset/images/train/ID_uEU6Em.jpg,2,amini-cocoa-contamination-dataset,CC BY 4.0,train
ID_gd4cyh.jpg,anthracnose,dataset/images/train/ID_gd4cyh.jpg,1,amini-cocoa-contamination-dataset,CC BY 4.0,train
ID_C3p05j.jpg,healthy,dataset/images/train/ID_C3p05j.jpg,2,amini-cocoa-contamination-dataset,CC BY 4.0,train
ID_J9vxcL.JPG,cssvd,dataset/images/train/ID_J9vxcL.JPG,1,amini-cocoa-contamination-dataset,CC BY 4.0,train
ID_fH3MwD.jpg,cssvd,dataset/images/train/ID_fH3MwD.jpg,1,amini-cocoa-contamination-dataset,CC BY 4.0,train
ID_Am9HfK.jpg,anthracnose,dataset/images/train/ID_Am9HfK.jpg,3,amini-cocoa-contamination-dataset,CC BY 4.0,train
ID_zLaFeW.jpg,anthracnose,dataset/images/train/ID_zLaFeW.jpg,1,amini-cocoa-contamination-dataset,CC BY 4.0,train
ID_keeNGX.jpeg,cssvd,dataset/images/train/ID_keeNGX.jpeg,1,amini-cocoa-contamination-dataset,CC BY 4.0,train
ID_n2LI34.jpeg,cssvd,dataset/images/train/ID_n2LI34.jpeg,3,amini-cocoa-contamination-dataset,CC BY 4.0,train
ID_zpqYbW.jpeg,healthy,dataset/images/train/ID_zpqYbW.jpeg,1,amini-cocoa-contamination-dataset,CC BY 4.0,train
ID_D7GLwk.jpg,anthracnose,dataset/images/train/ID_D7GLwk.jpg,1,amini-cocoa-contamination-dataset,CC BY 4.0,train
ID_HdT56Q.jpg,cssvd,dataset/images/train/ID_HdT56Q.jpg,1,amini-cocoa-contamination-dataset,CC BY 4.0,train
ID_rhnZZg.jpg,healthy,dataset/images/train/ID_rhnZZg.jpg,4,amini-cocoa-contamination-dataset,CC BY 4.0,train
ID_iLcqZc.jpeg,cssvd,dataset/images/train/ID_iLcqZc.jpeg,1,amini-cocoa-contamination-dataset,CC BY 4.0,train
ID_BURRhj.jpg,healthy,dataset/images/train/ID_BURRhj.jpg,2,amini-cocoa-contamination-dataset,CC BY 4.0,train
ID_Z3epYc.jpeg,healthy,dataset/images/train/ID_Z3epYc.jpeg,1,amini-cocoa-contamination-dataset,CC BY 4.0,train
ID_fYc8Cp.jpeg,cssvd,dataset/images/train/ID_fYc8Cp.jpeg,1,amini-cocoa-contamination-dataset,CC BY 4.0,train
ID_lwJ3jM.JPG,healthy,dataset/images/train/ID_lwJ3jM.JPG,2,amini-cocoa-contamination-dataset,CC BY 4.0,train
ID_BhnYPb.jpg,healthy,dataset/images/train/ID_BhnYPb.jpg,1,amini-cocoa-contamination-dataset,CC BY 4.0,train
ID_p4txcr.jpg,healthy,dataset/images/train/ID_p4txcr.jpg,1,amini-cocoa-contamination-dataset,CC BY 4.0,train
ID_H3jZhw.jpg,cssvd,dataset/images/train/ID_H3jZhw.jpg,2,amini-cocoa-contamination-dataset,CC BY 4.0,train
ID_qwhrIP.jpeg,healthy,dataset/images/train/ID_qwhrIP.jpeg,1,amini-cocoa-contamination-dataset,CC BY 4.0,train
ID_WWh9Q6.jpg,cssvd,dataset/images/train/ID_WWh9Q6.jpg,1,amini-cocoa-contamination-dataset,CC BY 4.0,train
ID_uvGRF1.jpg,anthracnose,dataset/images/train/ID_uvGRF1.jpg,3,amini-cocoa-contamination-dataset,CC BY 4.0,train
ID_yxATbl.jpeg,cssvd,dataset/images/train/ID_yxATbl.jpeg,1,amini-cocoa-contamination-dataset,CC BY 4.0,train
ID_RLFuA9.jpg,anthracnose,dataset/images/train/ID_RLFuA9.jpg,3,amini-cocoa-contamination-dataset,CC BY 4.0,train
ID_FH7sqv.jpg,cssvd,dataset/images/train/ID_FH7sqv.jpg,1,amini-cocoa-contamination-dataset,CC BY 4.0,train
ID_tXINI2.jpeg,healthy,dataset/images/train/ID_tXINI2.jpeg,3,amini-cocoa-contamination-dataset,CC BY 4.0,train
ID_J4jaP8.jpg,anthracnose,dataset/images/train/ID_J4jaP8.jpg,1,amini-cocoa-contamination-dataset,CC BY 4.0,train
ID_ifcbRE.jpg,healthy,dataset/images/train/ID_ifcbRE.jpg,1,amini-cocoa-contamination-dataset,CC BY 4.0,train
ID_XCkH1z.jpg,cssvd,dataset/images/train/ID_XCkH1z.jpg,3,amini-cocoa-contamination-dataset,CC BY 4.0,train
ID_XVJE0g.jpg,anthracnose,dataset/images/train/ID_XVJE0g.jpg,1,amini-cocoa-contamination-dataset,CC BY 4.0,train
ID_norn6P.jpg,anthracnose,dataset/images/train/ID_norn6P.jpg,2,amini-cocoa-contamination-dataset,CC BY 4.0,train
ID_GGM64Y.jpg,cssvd,dataset/images/train/ID_GGM64Y.jpg,1,amini-cocoa-contamination-dataset,CC BY 4.0,train
ID_EbjqdX.jpg,anthracnose,dataset/images/train/ID_EbjqdX.jpg,1,amini-cocoa-contamination-dataset,CC BY 4.0,train
ID_bND1kj.jpg,anthracnose,dataset/images/train/ID_bND1kj.jpg,2,amini-cocoa-contamination-dataset,CC BY 4.0,train
ID_fxmOvH.jpg,cssvd,dataset/images/train/ID_fxmOvH.jpg,1,amini-cocoa-contamination-dataset,CC BY 4.0,train
ID_FtYRqz.jpeg,healthy,dataset/images/train/ID_FtYRqz.jpeg,1,amini-cocoa-contamination-dataset,CC BY 4.0,train
ID_fxqIz1.jpg,cssvd,dataset/images/train/ID_fxqIz1.jpg,1,amini-cocoa-contamination-dataset,CC BY 4.0,train
ID_eCM8A3.jpeg,healthy,dataset/images/train/ID_eCM8A3.jpeg,3,amini-cocoa-contamination-dataset,CC BY 4.0,train
ID_tOOxT6.jpeg,healthy,dataset/images/train/ID_tOOxT6.jpeg,1,amini-cocoa-contamination-dataset,CC BY 4.0,train
ID_gC7Bzt.jpg,healthy,dataset/images/train/ID_gC7Bzt.jpg,7,amini-cocoa-contamination-dataset,CC BY 4.0,train
ID_NuOIDF.jpeg,healthy,dataset/images/train/ID_NuOIDF.jpeg,2,amini-cocoa-contamination-dataset,CC BY 4.0,train
ID_dhyPDO.jpeg,anthracnose,dataset/images/train/ID_dhyPDO.jpeg,1,amini-cocoa-contamination-dataset,CC BY 4.0,train
ID_e4QGkT.jpg,healthy,dataset/images/train/ID_e4QGkT.jpg,3,amini-cocoa-contamination-dataset,CC BY 4.0,train
ID_XQEreK.jpeg,anthracnose,dataset/images/train/ID_XQEreK.jpeg,1,amini-cocoa-contamination-dataset,CC BY 4.0,train
ID_BI4cdP.jpg,anthracnose,dataset/images/train/ID_BI4cdP.jpg,2,amini-cocoa-contamination-dataset,CC BY 4.0,train
ID_jTWHzU.jpeg,anthracnose,dataset/images/train/ID_jTWHzU.jpeg,1,amini-cocoa-contamination-dataset,CC BY 4.0,train
ID_aGDRvO.jpg,healthy,dataset/images/train/ID_aGDRvO.jpg,2,amini-cocoa-contamination-dataset,CC BY 4.0,train
ID_ez0ZaQ.jpg,cssvd,dataset/images/train/ID_ez0ZaQ.jpg,2,amini-cocoa-contamination-dataset,CC BY 4.0,train
ID_HOj9QS.jpg,cssvd,dataset/images/train/ID_HOj9QS.jpg,2,amini-cocoa-contamination-dataset,CC BY 4.0,train
ID_Tj58rF.JPG,anthracnose,dataset/images/train/ID_Tj58rF.JPG,1,amini-cocoa-contamination-dataset,CC BY 4.0,train
ID_NFVu2r.jpg,cssvd,dataset/images/train/ID_NFVu2r.jpg,3,amini-cocoa-contamination-dataset,CC BY 4.0,train
ID_RzVGnn.jpg,cssvd,dataset/images/train/ID_RzVGnn.jpg,3,amini-cocoa-contamination-dataset,CC BY 4.0,train
ID_YG32gk.jpg,cssvd,dataset/images/train/ID_YG32gk.jpg,1,amini-cocoa-contamination-dataset,CC BY 4.0,train
ID_rehgXP.jpeg,healthy,dataset/images/train/ID_rehgXP.jpeg,1,amini-cocoa-contamination-dataset,CC BY 4.0,train
ID_rxjneJ.jpeg,anthracnose,dataset/images/train/ID_rxjneJ.jpeg,1,amini-cocoa-contamination-dataset,CC BY 4.0,train
ID_zCctYD.jpg,anthracnose,dataset/images/train/ID_zCctYD.jpg,2,amini-cocoa-contamination-dataset,CC BY 4.0,train
ID_psxThV.jpg,anthracnose,dataset/images/train/ID_psxThV.jpg,4,amini-cocoa-contamination-dataset,CC BY 4.0,train
ID_b1dB3q.jpeg,anthracnose,dataset/images/train/ID_b1dB3q.jpeg,1,amini-cocoa-contamination-dataset,CC BY 4.0,train
ID_oRpSf2.jpeg,cssvd,dataset/images/train/ID_oRpSf2.jpeg,1,amini-cocoa-contamination-dataset,CC BY 4.0,train
ID_o2tyPA.jpeg,anthracnose,dataset/images/train/ID_o2tyPA.jpeg,2,amini-cocoa-contamination-dataset,CC BY 4.0,train
ID_Qo35sd.jpg,healthy,dataset/images/train/ID_Qo35sd.jpg,2,amini-cocoa-contamination-dataset,CC BY 4.0,train
ID_ZXVT2v.jpg,cssvd,dataset/images/train/ID_ZXVT2v.jpg,1,amini-cocoa-contamination-dataset,CC BY 4.0,train
ID_CaSTr4.jpeg,healthy,dataset/images/train/ID_CaSTr4.jpeg,1,amini-cocoa-contamination-dataset,CC BY 4.0,train
ID_ELEd68.JPG,healthy,dataset/images/train/ID_ELEd68.JPG,2,amini-cocoa-contamination-dataset,CC BY 4.0,train
ID_GZJD7E.jpg,cssvd,dataset/images/train/ID_GZJD7E.jpg,5,amini-cocoa-contamination-dataset,CC BY 4.0,train
ID_AGRHMs.jpg,cssvd,dataset/images/train/ID_AGRHMs.jpg,2,amini-cocoa-contamination-dataset,CC BY 4.0,train
ID_EvFybv.jpg,anthracnose,dataset/images/train/ID_EvFybv.jpg,1,amini-cocoa-contamination-dataset,CC BY 4.0,train
ID_QitFhY.jpeg,anthracnose,dataset/images/train/ID_QitFhY.jpeg,1,amini-cocoa-contamination-dataset,CC BY 4.0,train
ID_O9Kq6p.JPG,healthy,dataset/images/train/ID_O9Kq6p.JPG,4,amini-cocoa-contamination-dataset,CC BY 4.0,train
ID_ADUP0r.JPG,anthracnose,dataset/images/train/ID_ADUP0r.JPG,1,amini-cocoa-contamination-dataset,CC BY 4.0,train
ID_gc0jkv.jpeg,healthy,dataset/images/train/ID_gc0jkv.jpeg,4,amini-cocoa-contamination-dataset,CC BY 4.0,train
ID_FliLbi.jpeg,healthy,dataset/images/train/ID_FliLbi.jpeg,1,amini-cocoa-contamination-dataset,CC BY 4.0,train
ID_a75z9t.jpg,healthy,dataset/images/train/ID_a75z9t.jpg,1,amini-cocoa-contamination-dataset,CC BY 4.0,train
ID_UJyo7C.jpeg,anthracnose,dataset/images/train/ID_UJyo7C.jpeg,1,amini-cocoa-contamination-dataset,CC BY 4.0,train
ID_MEKOPX.jpeg,healthy,dataset/images/train/ID_MEKOPX.jpeg,3,amini-cocoa-contamination-dataset,CC BY 4.0,train
ID_ggkY7K.jpg,anthracnose,dataset/images/train/ID_ggkY7K.jpg,1,amini-cocoa-contamination-dataset,CC BY 4.0,train
ID_CMh7eW.jpeg,cssvd,dataset/images/train/ID_CMh7eW.jpeg,1,amini-cocoa-contamination-dataset,CC BY 4.0,train
ID_UrKjY8.jpeg,anthracnose,dataset/images/train/ID_UrKjY8.jpeg,1,amini-cocoa-contamination-dataset,CC BY 4.0,train
ID_Lg0H9Y.jpg,cssvd,dataset/images/train/ID_Lg0H9Y.jpg,1,amini-cocoa-contamination-dataset,CC BY 4.0,train
ID_uC9Rb7.jpeg,cssvd,dataset/images/train/ID_uC9Rb7.jpeg,1,amini-cocoa-contamination-dataset,CC BY 4.0,train
ID_mpj0LY.jpg,cssvd,dataset/images/train/ID_mpj0LY.jpg,1,amini-cocoa-contamination-dataset,CC BY 4.0,train
ID_hAWuc0.jpg,healthy,dataset/images/train/ID_hAWuc0.jpg,3,amini-cocoa-contamination-dataset,CC BY 4.0,train
ID_twzOBP.jpg,cssvd,dataset/images/train/ID_twzOBP.jpg,1,amini-cocoa-contamination-dataset,CC BY 4.0,train
ID_hoSi2b.jpg,cssvd,dataset/images/train/ID_hoSi2b.jpg,1,amini-cocoa-contamination-dataset,CC BY 4.0,train
ID_z0GRgN.jpg,cssvd,dataset/images/train/ID_z0GRgN.jpg,1,amini-cocoa-contamination-dataset,CC BY 4.0,train
ID_r1LWke.JPG,healthy,dataset/images/train/ID_r1LWke.JPG,2,amini-cocoa-contamination-dataset,CC BY 4.0,train
ID_TWmvgJ.jpg,anthracnose,dataset/images/train/ID_TWmvgJ.jpg,1,amini-cocoa-contamination-dataset,CC BY 4.0,train
ID_p91bSA.jpg,cssvd,dataset/images/train/ID_p91bSA.jpg,1,amini-cocoa-contamination-dataset,CC BY 4.0,train
ID_DRFDYJ.jpg,cssvd,dataset/images/train/ID_DRFDYJ.jpg,1,amini-cocoa-contamination-dataset,CC BY 4.0,train
ID_czNXwq.jpeg,healthy,dataset/images/train/ID_czNXwq.jpeg,1,amini-cocoa-contamination-dataset,CC BY 4.0,train
ID_rWIuCS.jpg,cssvd,dataset/images/train/ID_rWIuCS.jpg,1,amini-cocoa-contamination-dataset,CC BY 4.0,train
ID_byuDan.jpg,cssvd,dataset/images/train/ID_byuDan.jpg,1,amini-cocoa-contamination-dataset,CC BY 4.0,train
ID_u50fTm.jpg,cssvd,dataset/images/train/ID_u50fTm.jpg,1,amini-cocoa-contamination-dataset,CC BY 4.0,train
ID_C1Gqym.jpg,anthracnose,dataset/images/train/ID_C1Gqym.jpg,2,amini-cocoa-contamination-dataset,CC BY 4.0,train
ID_ZZ4u8i.jpg,healthy,dataset/images/train/ID_ZZ4u8i.jpg,5,amini-cocoa-contamination-dataset,CC BY 4.0,train
ID_zMfNgd.JPG,cssvd,dataset/images/train/ID_zMfNgd.JPG,1,amini-cocoa-contamination-dataset,CC BY 4.0,train
ID_psJ6Le.jpg,cssvd,dataset/images/train/ID_psJ6Le.jpg,1,amini-cocoa-contamination-dataset,CC BY 4.0,train
ID_ylWYBf.jpeg,anthracnose,dataset/images/train/ID_ylWYBf.jpeg,1,amini-cocoa-contamination-dataset,CC BY 4.0,train
ID_RmrG07.jpeg,cssvd,dataset/images/train/ID_RmrG07.jpeg,2,amini-cocoa-contamination-dataset,CC BY 4.0,train
ID_SsEIPV.jpg,cssvd,dataset/images/train/ID_SsEIPV.jpg,1,amini-cocoa-contamination-dataset,CC BY 4.0,train
ID_TpAJnE.jpeg,healthy,dataset/images/train/ID_TpAJnE.jpeg,2,amini-cocoa-contamination-dataset,CC BY 4.0,train
ID_gHcnyJ.jpg,healthy,dataset/images/train/ID_gHcnyJ.jpg,3,amini-cocoa-contamination-dataset,CC BY 4.0,train
ID_y0FHMz.jpg,anthracnose,dataset/images/train/ID_y0FHMz.jpg,1,amini-cocoa-contamination-dataset,CC BY 4.0,train
ID_Mx8Khu.jpg,cssvd,dataset/images/train/ID_Mx8Khu.jpg,2,amini-cocoa-contamination-dataset,CC BY 4.0,train
ID_LbMK0L.jpg,anthracnose,dataset/images/train/ID_LbMK0L.jpg,1,amini-cocoa-contamination-dataset,CC BY 4.0,train
ID_iwEr0S.jpg,cssvd,dataset/images/train/ID_iwEr0S.jpg,1,amini-cocoa-contamination-dataset,CC BY 4.0,train
ID_sqd2qP.jpeg,healthy,dataset/images/train/ID_sqd2qP.jpeg,3,amini-cocoa-contamination-dataset,CC BY 4.0,train
ID_cCrbt6.jpg,cssvd,dataset/images/train/ID_cCrbt6.jpg,1,amini-cocoa-contamination-dataset,CC BY 4.0,train
ID_JinHHH.jpg,healthy,dataset/images/train/ID_JinHHH.jpg,3,amini-cocoa-contamination-dataset,CC BY 4.0,train
ID_rJTFcd.jpg,healthy,dataset/images/train/ID_rJTFcd.jpg,7,amini-cocoa-contamination-dataset,CC BY 4.0,train
ID_S5Omsv.jpeg,anthracnose,dataset/images/train/ID_S5Omsv.jpeg,1,amini-cocoa-contamination-dataset,CC BY 4.0,train
ID_LgjZ9R.jpg,cssvd,dataset/images/train/ID_LgjZ9R.jpg,2,amini-cocoa-contamination-dataset,CC BY 4.0,train
ID_lXSAiZ.jpeg,cssvd,dataset/images/train/ID_lXSAiZ.jpeg,1,amini-cocoa-contamination-dataset,CC BY 4.0,train
ID_l01AsH.JPG,anthracnose,dataset/images/train/ID_l01AsH.JPG,1,amini-cocoa-contamination-dataset,CC BY 4.0,train
ID_NbU1Pn.jpeg,healthy,dataset/images/train/ID_NbU1Pn.jpeg,1,amini-cocoa-contamination-dataset,CC BY 4.0,train
ID_Zo3fRe.jpeg,cssvd,dataset/images/train/ID_Zo3fRe.jpeg,1,amini-cocoa-contamination-dataset,CC BY 4.0,train
ID_xIxEGM.jpg,healthy,dataset/images/train/ID_xIxEGM.jpg,2,amini-cocoa-contamination-dataset,CC BY 4.0,train
ID_wCQDfX.jpg,anthracnose,dataset/images/train/ID_wCQDfX.jpg,1,amini-cocoa-contamination-dataset,CC BY 4.0,train
ID_etu64D.jpeg,healthy,dataset/images/train/ID_etu64D.jpeg,1,amini-cocoa-contamination-dataset,CC BY 4.0,train
ID_LMu19k.jpg,cssvd,dataset/images/train/ID_LMu19k.jpg,1,amini-cocoa-contamination-dataset,CC BY 4.0,train
ID_idtUlj.jpg,cssvd,dataset/images/train/ID_idtUlj.jpg,1,amini-cocoa-contamination-dataset,CC BY 4.0,train
ID_NkROjj.jpg,anthracnose,dataset/images/train/ID_NkROjj.jpg,2,amini-cocoa-contamination-dataset,CC BY 4.0,train
ID_vQgvKN.JPG,anthracnose,dataset/images/train/ID_vQgvKN.JPG,1,amini-cocoa-contamination-dataset,CC BY 4.0,train
ID_QJJyIY.jpg,healthy,dataset/images/train/ID_QJJyIY.jpg,6,amini-cocoa-contamination-dataset,CC BY 4.0,train
ID_WV3jTa.jpeg,healthy,dataset/images/train/ID_WV3jTa.jpeg,1,amini-cocoa-contamination-dataset,CC BY 4.0,train
ID_zMTymE.jpg,cssvd,dataset/images/train/ID_zMTymE.jpg,4,amini-cocoa-contamination-dataset,CC BY 4.0,train
ID_GbDn7K.jpeg,anthracnose,dataset/images/train/ID_GbDn7K.jpeg,1,amini-cocoa-contamination-dataset,CC BY 4.0,train
ID_gJvjaB.jpg,cssvd,dataset/images/train/ID_gJvjaB.jpg,1,amini-cocoa-contamination-dataset,CC BY 4.0,train
ID_ECZk6Z.jpg,cssvd,dataset/images/train/ID_ECZk6Z.jpg,1,amini-cocoa-contamination-dataset,CC BY 4.0,train
ID_Jo0Ka0.jpg,anthracnose,dataset/images/train/ID_Jo0Ka0.jpg,1,amini-cocoa-contamination-dataset,CC BY 4.0,train
ID_qgMNXV.jpg,anthracnose,dataset/images/train/ID_qgMNXV.jpg,1,amini-cocoa-contamination-dataset,CC BY 4.0,train
ID_GkZMVQ.jpeg,anthracnose,dataset/images/train/ID_GkZMVQ.jpeg,1,amini-cocoa-contamination-dataset,CC BY 4.0,train
ID_BaA6Vn.jpg,anthracnose,dataset/images/train/ID_BaA6Vn.jpg,2,amini-cocoa-contamination-dataset,CC BY 4.0,train
ID_jakqYM.jpg,cssvd,dataset/images/train/ID_jakqYM.jpg,1,amini-cocoa-contamination-dataset,CC BY 4.0,train
ID_Xt1jRw.jpg,anthracnose,dataset/images/train/ID_Xt1jRw.jpg,1,amini-cocoa-contamination-dataset,CC BY 4.0,train
ID_FH3IFa.jpg,cssvd,dataset/images/train/ID_FH3IFa.jpg,1,amini-cocoa-contamination-dataset,CC BY 4.0,train
ID_crD9na.jpg,healthy,dataset/images/train/ID_crD9na.jpg,1,amini-cocoa-contamination-dataset,CC BY 4.0,train
ID_Id2l7d.jpg,cssvd,dataset/images/train/ID_Id2l7d.jpg,2,amini-cocoa-contamination-dataset,CC BY 4.0,train
ID_TJDwJy.jpg,anthracnose,dataset/images/train/ID_TJDwJy.jpg,1,amini-cocoa-contamination-dataset,CC BY 4.0,train
ID_yXKGYf.jpeg,anthracnose,dataset/images/train/ID_yXKGYf.jpeg,1,amini-cocoa-contamination-dataset,CC BY 4.0,train
ID_uAiqvR.jpeg,healthy,dataset/images/train/ID_uAiqvR.jpeg,3,amini-cocoa-contamination-dataset,CC BY 4.0,train
ID_leOirQ.jpeg,anthracnose,dataset/images/train/ID_leOirQ.jpeg,1,amini-cocoa-contamination-dataset,CC BY 4.0,train
ID_T4rtv3.jpeg,cssvd,dataset/images/train/ID_T4rtv3.jpeg,3,amini-cocoa-contamination-dataset,CC BY 4.0,train
ID_q89lMO.jpg,healthy,dataset/images/train/ID_q89lMO.jpg,4,amini-cocoa-contamination-dataset,CC BY 4.0,train
ID_hQX5kd.jpg,anthracnose,dataset/images/train/ID_hQX5kd.jpg,3,amini-cocoa-contamination-dataset,CC BY 4.0,train
ID_xkQuUK.jpg,cssvd,dataset/images/train/ID_xkQuUK.jpg,1,amini-cocoa-contamination-dataset,CC BY 4.0,train
ID_nauxsB.jpg,cssvd,dataset/images/train/ID_nauxsB.jpg,2,amini-cocoa-contamination-dataset,CC BY 4.0,train
ID_LGS4wW.jpg,cssvd,dataset/images/train/ID_LGS4wW.jpg,2,amini-cocoa-contamination-dataset,CC BY 4.0,train
ID_PFAtzU.JPG,healthy,dataset/images/train/ID_PFAtzU.JPG,5,amini-cocoa-contamination-dataset,CC BY 4.0,train
ID_lYuzaF.jpg,cssvd,dataset/images/train/ID_lYuzaF.jpg,1,amini-cocoa-contamination-dataset,CC BY 4.0,train
ID_RvG4Wt.jpg,cssvd,dataset/images/train/ID_RvG4Wt.jpg,1,amini-cocoa-contamination-dataset,CC BY 4.0,train
ID_MqxQj4.jpg,cssvd,dataset/images/train/ID_MqxQj4.jpg,1,amini-cocoa-contamination-dataset,CC BY 4.0,train
ID_WWZjhY.jpg,healthy,dataset/images/train/ID_WWZjhY.jpg,5,amini-cocoa-contamination-dataset,CC BY 4.0,train
ID_Fk5KSd.jpg,cssvd,dataset/images/train/ID_Fk5KSd.jpg,2,amini-cocoa-contamination-dataset,CC BY 4.0,train
ID_rSn0h6.jpg,cssvd,dataset/images/train/ID_rSn0h6.jpg,1,amini-cocoa-contamination-dataset,CC BY 4.0,train
ID_pq4fCu.jpg,cssvd,dataset/images/train/ID_pq4fCu.jpg,1,amini-cocoa-contamination-dataset,CC BY 4.0,train
ID_mlciGf.jpg,cssvd,dataset/images/train/ID_mlciGf.jpg,3,amini-cocoa-contamination-dataset,CC BY 4.0,train
ID_cG1q0u.jpg,cssvd,dataset/images/train/ID_cG1q0u.jpg,1,amini-cocoa-contamination-dataset,CC BY 4.0,train
ID_j2yx3p.jpg,cssvd,dataset/images/train/ID_j2yx3p.jpg,2,amini-cocoa-contamination-dataset,CC BY 4.0,train
ID_hJ0FZL.jpg,healthy,dataset/images/train/ID_hJ0FZL.jpg,2,amini-cocoa-contamination-dataset,CC BY 4.0,train
ID_fUITiq.jpg,cssvd,dataset/images/train/ID_fUITiq.jpg,1,amini-cocoa-contamination-dataset,CC BY 4.0,train
ID_RflaaA.jpg,cssvd,dataset/images/train/ID_RflaaA.jpg,3,amini-cocoa-contamination-dataset,CC BY 4.0,train
ID_hhZ51g.jpeg,anthracnose,dataset/images/train/ID_hhZ51g.jpeg,1,amini-cocoa-contamination-dataset,CC BY 4.0,train
ID_C9dheE.jpg,cssvd,dataset/images/train/ID_C9dheE.jpg,5,amini-cocoa-contamination-dataset,CC BY 4.0,train
ID_emIPVX.jpeg,anthracnose,dataset/images/train/ID_emIPVX.jpeg,2,amini-cocoa-contamination-dataset,CC BY 4.0,train
ID_U5jOiU.jpg,cssvd,dataset/images/train/ID_U5jOiU.jpg,4,amini-cocoa-contamination-dataset,CC BY 4.0,train
ID_sfhX2S.jpg,anthracnose,dataset/images/train/ID_sfhX2S.jpg,3,amini-cocoa-contamination-dataset,CC BY 4.0,train
ID_uWGqfJ.jpg,cssvd,dataset/images/train/ID_uWGqfJ.jpg,1,amini-cocoa-contamination-dataset,CC BY 4.0,train
ID_ISLfiZ.jpeg,cssvd,dataset/images/train/ID_ISLfiZ.jpeg,1,amini-cocoa-contamination-dataset,CC BY 4.0,train
ID_XcJ9Qi.jpg,healthy,dataset/images/train/ID_XcJ9Qi.jpg,1,amini-cocoa-contamination-dataset,CC BY 4.0,train
ID_ezJLws.jpg,cssvd,dataset/images/train/ID_ezJLws.jpg,2,amini-cocoa-contamination-dataset,CC BY 4.0,train
ID_TJaWIB.jpeg,healthy,dataset/images/train/ID_TJaWIB.jpeg,2,amini-cocoa-contamination-dataset,CC BY 4.0,train
ID_FNLeWz.jpg,healthy,dataset/images/train/ID_FNLeWz.jpg,2,amini-cocoa-contamination-dataset,CC BY 4.0,train
ID_a9pyQx.jpg,healthy,dataset/images/train/ID_a9pyQx.jpg,3,amini-cocoa-contamination-dataset,CC BY 4.0,train
ID_boUKTf.jpeg,healthy,dataset/images/train/ID_boUKTf.jpeg,2,amini-cocoa-contamination-dataset,CC BY 4.0,train
ID_fx7wrX.jpg,cssvd,dataset/images/train/ID_fx7wrX.jpg,1,amini-cocoa-contamination-dataset,CC BY 4.0,train
ID_cTzooM.jpg,cssvd,dataset/images/train/ID_cTzooM.jpg,1,amini-cocoa-contamination-dataset,CC BY 4.0,train
ID_VGCMyq.jpg,cssvd,dataset/images/train/ID_VGCMyq.jpg,2,amini-cocoa-contamination-dataset,CC BY 4.0,train
ID_KkyQ36.jpeg,healthy,dataset/images/train/ID_KkyQ36.jpeg,1,amini-cocoa-contamination-dataset,CC BY 4.0,train
ID_OeMeJw.jpg,cssvd,dataset/images/train/ID_OeMeJw.jpg,2,amini-cocoa-contamination-dataset,CC BY 4.0,train
ID_qVvsj6.jpg,cssvd,dataset/images/train/ID_qVvsj6.jpg,5,amini-cocoa-contamination-dataset,CC BY 4.0,train
ID_hFz7UE.jpg,healthy,dataset/images/train/ID_hFz7UE.jpg,3,amini-cocoa-contamination-dataset,CC BY 4.0,train
ID_gTbZrd.jpg,cssvd,dataset/images/train/ID_gTbZrd.jpg,1,amini-cocoa-contamination-dataset,CC BY 4.0,train
ID_HOPNDw.jpg,cssvd,dataset/images/train/ID_HOPNDw.jpg,1,amini-cocoa-contamination-dataset,CC BY 4.0,train
ID_lt2TVz.jpeg,cssvd,dataset/images/train/ID_lt2TVz.jpeg,4,amini-cocoa-contamination-dataset,CC BY 4.0,train
ID_LIk7y7.jpg,cssvd,dataset/images/train/ID_LIk7y7.jpg,2,amini-cocoa-contamination-dataset,CC BY 4.0,train
ID_PIg9if.jpeg,cssvd,dataset/images/train/ID_PIg9if.jpeg,2,amini-cocoa-contamination-dataset,CC BY 4.0,train
ID_T65cSF.jpeg,anthracnose,dataset/images/train/ID_T65cSF.jpeg,1,amini-cocoa-contamination-dataset,CC BY 4.0,train
ID_imHEXt.jpg,cssvd,dataset/images/train/ID_imHEXt.jpg,1,amini-cocoa-contamination-dataset,CC BY 4.0,train
ID_WULBQy.jpeg,anthracnose,dataset/images/train/ID_WULBQy.jpeg,2,amini-cocoa-contamination-dataset,CC BY 4.0,train
ID_H4m9Qj.jpg,cssvd,dataset/images/train/ID_H4m9Qj.jpg,2,amini-cocoa-contamination-dataset,CC BY 4.0,train
ID_SAVbYm.jpg,anthracnose,dataset/images/train/ID_SAVbYm.jpg,1,amini-cocoa-contamination-dataset,CC BY 4.0,train
ID_x9eFH8.jpg,cssvd,dataset/images/train/ID_x9eFH8.jpg,3,amini-cocoa-contamination-dataset,CC BY 4.0,train
ID_euEhhG.jpg,healthy,dataset/images/train/ID_euEhhG.jpg,3,amini-cocoa-contamination-dataset,CC BY 4.0,train
ID_Vuy6wr.jpg,healthy,dataset/images/train/ID_Vuy6wr.jpg,4,amini-cocoa-contamination-dataset,CC BY 4.0,train
ID_ooYJ3N.jpeg,healthy,dataset/images/train/ID_ooYJ3N.jpeg,2,amini-cocoa-contamination-dataset,CC BY 4.0,train
ID_Ckcph0.jpeg,healthy,dataset/images/train/ID_Ckcph0.jpeg,1,amini-cocoa-contamination-dataset,CC BY 4.0,train
ID_drOcrt.jpeg,anthracnose,dataset/images/train/ID_drOcrt.jpeg,1,amini-cocoa-contamination-dataset,CC BY 4.0,train
ID_pUxjaQ.jpg,cssvd,dataset/images/train/ID_pUxjaQ.jpg,2,amini-cocoa-contamination-dataset,CC BY 4.0,train
ID_eR7R0j.jpg,cssvd,dataset/images/train/ID_eR7R0j.jpg,1,amini-cocoa-contamination-dataset,CC BY 4.0,train
ID_hyqifu.jpeg,healthy,dataset/images/train/ID_hyqifu.jpeg,1,amini-cocoa-contamination-dataset,CC BY 4.0,train
ID_tqDtkc.jpeg,cssvd,dataset/images/train/ID_tqDtkc.jpeg,1,amini-cocoa-contamination-dataset,CC BY 4.0,train
ID_DUz0EB.jpeg,healthy,dataset/images/train/ID_DUz0EB.jpeg,1,amini-cocoa-contamination-dataset,CC BY 4.0,train
ID_Gi9Fi6.JPG,healthy,dataset/images/train/ID_Gi9Fi6.JPG,2,amini-cocoa-contamination-dataset,CC BY 4.0,train
ID_ejr4Hp.jpeg,healthy,dataset/images/train/ID_ejr4Hp.jpeg,3,amini-cocoa-contamination-dataset,CC BY 4.0,train
ID_R6QBuf.jpg,anthracnose,dataset/images/train/ID_R6QBuf.jpg,1,amini-cocoa-contamination-dataset,CC BY 4.0,train
ID_uad4f1.jpg,healthy,dataset/images/train/ID_uad4f1.jpg,2,amini-cocoa-contamination-dataset,CC BY 4.0,train
ID_lBFzat.jpg,anthracnose,dataset/images/train/ID_lBFzat.jpg,1,amini-cocoa-contamination-dataset,CC BY 4.0,train
ID_KPCvjE.jpeg,anthracnose,dataset/images/train/ID_KPCvjE.jpeg,1,amini-cocoa-contamination-dataset,CC BY 4.0,train
ID_HIPul1.jpg,anthracnose,dataset/images/train/ID_HIPul1.jpg,1,amini-cocoa-contamination-dataset,CC BY 4.0,train
ID_udiIEn.jpg,cssvd,dataset/images/train/ID_udiIEn.jpg,2,amini-cocoa-contamination-dataset,CC BY 4.0,train
ID_yiEku4.jpg,anthracnose,dataset/images/train/ID_yiEku4.jpg,1,amini-cocoa-contamination-dataset,CC BY 4.0,train
ID_mJ3SYg.jpg,healthy,dataset/images/train/ID_mJ3SYg.jpg,2,amini-cocoa-contamination-dataset,CC BY 4.0,train
ID_qUk8p4.jpg,cssvd,dataset/images/train/ID_qUk8p4.jpg,1,amini-cocoa-contamination-dataset,CC BY 4.0,train
ID_Uy6rwR.jpeg,anthracnose,dataset/images/train/ID_Uy6rwR.jpeg,1,amini-cocoa-contamination-dataset,CC BY 4.0,train
ID_bYecL0.jpg,anthracnose,dataset/images/train/ID_bYecL0.jpg,1,amini-cocoa-contamination-dataset,CC BY 4.0,train
ID_UjQ79S.jpg,healthy,dataset/images/train/ID_UjQ79S.jpg,2,amini-cocoa-contamination-dataset,CC BY 4.0,train
ID_FHKvOq.jpg,anthracnose,dataset/images/train/ID_FHKvOq.jpg,1,amini-cocoa-contamination-dataset,CC BY 4.0,train
ID_icvlUs.jpg,cssvd,dataset/images/train/ID_icvlUs.jpg,1,amini-cocoa-contamination-dataset,CC BY 4.0,train
ID_r0pE4O.jpg,anthracnose,dataset/images/train/ID_r0pE4O.jpg,1,amini-cocoa-contamination-dataset,CC BY 4.0,train
ID_dnjEzo.jpeg,healthy,dataset/images/train/ID_dnjEzo.jpeg,3,amini-cocoa-contamination-dataset,CC BY 4.0,train
ID_fXAous.jpg,cssvd,dataset/images/train/ID_fXAous.jpg,1,amini-cocoa-contamination-dataset,CC BY 4.0,train
ID_j9TGdt.jpeg,anthracnose,dataset/images/train/ID_j9TGdt.jpeg,1,amini-cocoa-contamination-dataset,CC BY 4.0,train
ID_YjaGjS.jpg,cssvd,dataset/images/train/ID_YjaGjS.jpg,1,amini-cocoa-contamination-dataset,CC BY 4.0,train
ID_GpFG0p.jpg,cssvd,dataset/images/train/ID_GpFG0p.jpg,1,amini-cocoa-contamination-dataset,CC BY 4.0,train
ID_TrS7AO.jpeg,healthy,dataset/images/train/ID_TrS7AO.jpeg,1,amini-cocoa-contamination-dataset,CC BY 4.0,train
ID_IOvVdZ.jpeg,cssvd,dataset/images/train/ID_IOvVdZ.jpeg,2,amini-cocoa-contamination-dataset,CC BY 4.0,train
ID_dzdZIP.jpg,anthracnose,dataset/images/train/ID_dzdZIP.jpg,1,amini-cocoa-contamination-dataset,CC BY 4.0,train
ID_p0sAzF.jpg,cssvd,dataset/images/train/ID_p0sAzF.jpg,2,amini-cocoa-contamination-dataset,CC BY 4.0,train
ID_vuGvGU.jpg,anthracnose,dataset/images/train/ID_vuGvGU.jpg,2,amini-cocoa-contamination-dataset,CC BY 4.0,train
ID_OrmZXT.jpg,anthracnose,dataset/images/train/ID_OrmZXT.jpg,1,amini-cocoa-contamination-dataset,CC BY 4.0,train
ID_n8PmEh.jpg,anthracnose,dataset/images/train/ID_n8PmEh.jpg,2,amini-cocoa-contamination-dataset,CC BY 4.0,train
ID_TuxIPA.jpg,anthracnose,dataset/images/train/ID_TuxIPA.jpg,1,amini-cocoa-contamination-dataset,CC BY 4.0,train
ID_d1uzBr.jpg,cssvd,dataset/images/train/ID_d1uzBr.jpg,1,amini-cocoa-contamination-dataset,CC BY 4.0,train
ID_DHEvgP.jpg,cssvd,dataset/images/train/ID_DHEvgP.jpg,3,amini-cocoa-contamination-dataset,CC BY 4.0,train
ID_cwj6T1.JPG,healthy,dataset/images/train/ID_cwj6T1.JPG,2,amini-cocoa-contamination-dataset,CC BY 4.0,train
ID_yH9VmW.jpg,healthy,dataset/images/train/ID_yH9VmW.jpg,3,amini-cocoa-contamination-dataset,CC BY 4.0,train
ID_FQ67gN.jpeg,anthracnose,dataset/images/train/ID_FQ67gN.jpeg,1,amini-cocoa-contamination-dataset,CC BY 4.0,train
ID_zhB8ns.jpg,healthy,dataset/images/train/ID_zhB8ns.jpg,2,amini-cocoa-contamination-dataset,CC BY 4.0,train
ID_WZ20o2.jpeg,cssvd,dataset/images/train/ID_WZ20o2.jpeg,3,amini-cocoa-contamination-dataset,CC BY 4.0,train
ID_BTOLOO.jpg,cssvd,dataset/images/train/ID_BTOLOO.jpg,1,amini-cocoa-contamination-dataset,CC BY 4.0,train
ID_j38Uv9.jpg,healthy,dataset/images/train/ID_j38Uv9.jpg,4,amini-cocoa-contamination-dataset,CC BY 4.0,train
ID_JZa3Vh.jpg,anthracnose,dataset/images/train/ID_JZa3Vh.jpg,2,amini-cocoa-contamination-dataset,CC BY 4.0,train
ID_CpGE6D.jpeg,anthracnose,dataset/images/train/ID_CpGE6D.jpeg,1,amini-cocoa-contamination-dataset,CC BY 4.0,train
ID_BFkYW0.jpg,cssvd,dataset/images/train/ID_BFkYW0.jpg,2,amini-cocoa-contamination-dataset,CC BY 4.0,train
ID_KfIeBL.jpg,cssvd,dataset/images/train/ID_KfIeBL.jpg,3,amini-cocoa-contamination-dataset,CC BY 4.0,train
ID_UCva65.jpg,cssvd,dataset/images/train/ID_UCva65.jpg,1,amini-cocoa-contamination-dataset,CC BY 4.0,train
ID_O6jSFO.jpg,cssvd,dataset/images/train/ID_O6jSFO.jpg,1,amini-cocoa-contamination-dataset,CC BY 4.0,train
ID_rYlNow.jpg,anthracnose,dataset/images/train/ID_rYlNow.jpg,1,amini-cocoa-contamination-dataset,CC BY 4.0,train
ID_yPtTik.JPG,cssvd,dataset/images/train/ID_yPtTik.JPG,1,amini-cocoa-contamination-dataset,CC BY 4.0,train
ID_QGbcTa.jpg,anthracnose,dataset/images/train/ID_QGbcTa.jpg,2,amini-cocoa-contamination-dataset,CC BY 4.0,train
ID_KrPIHC.jpg,cssvd,dataset/images/train/ID_KrPIHC.jpg,1,amini-cocoa-contamination-dataset,CC BY 4.0,train
ID_ycA5v6.jpg,cssvd,dataset/images/train/ID_ycA5v6.jpg,1,amini-cocoa-contamination-dataset,CC BY 4.0,train
ID_zlFpIy.jpg,cssvd,dataset/images/train/ID_zlFpIy.jpg,1,amini-cocoa-contamination-dataset,CC BY 4.0,train
ID_sFXWTT.jpg,healthy,dataset/images/train/ID_sFXWTT.jpg,3,amini-cocoa-contamination-dataset,CC BY 4.0,train
ID_ob7RWb.jpeg,anthracnose,dataset/images/train/ID_ob7RWb.jpeg,1,amini-cocoa-contamination-dataset,CC BY 4.0,train
ID_JRxgFk.jpg,cssvd,dataset/images/train/ID_JRxgFk.jpg,1,amini-cocoa-contamination-dataset,CC BY 4.0,train
ID_jMlMct.jpeg,healthy,dataset/images/train/ID_jMlMct.jpeg,1,amini-cocoa-contamination-dataset,CC BY 4.0,train
ID_mIRMvI.jpg,anthracnose,dataset/images/train/ID_mIRMvI.jpg,1,amini-cocoa-contamination-dataset,CC BY 4.0,train
ID_d3tqnE.jpg,cssvd,dataset/images/train/ID_d3tqnE.jpg,1,amini-cocoa-contamination-dataset,CC BY 4.0,train
ID_Q4mjHS.jpeg,healthy,dataset/images/train/ID_Q4mjHS.jpeg,2,amini-cocoa-contamination-dataset,CC BY 4.0,train
ID_Jrt1dg.jpg,cssvd,dataset/images/train/ID_Jrt1dg.jpg,1,amini-cocoa-contamination-dataset,CC BY 4.0,train
ID_ZwLNtw.jpeg,cssvd,dataset/images/train/ID_ZwLNtw.jpeg,3,amini-cocoa-contamination-dataset,CC BY 4.0,train
ID_omeyxu.jpeg,healthy,dataset/images/train/ID_omeyxu.jpeg,1,amini-cocoa-contamination-dataset,CC BY 4.0,train
ID_mje9aq.jpg,cssvd,dataset/images/train/ID_mje9aq.jpg,1,amini-cocoa-contamination-dataset,CC BY 4.0,train
ID_vUqDG4.jpeg,anthracnose,dataset/images/train/ID_vUqDG4.jpeg,1,amini-cocoa-contamination-dataset,CC BY 4.0,train
ID_cDVmTI.jpg,healthy,dataset/images/train/ID_cDVmTI.jpg,1,amini-cocoa-contamination-dataset,CC BY 4.0,train
ID_zMgc0G.jpeg,healthy,dataset/images/train/ID_zMgc0G.jpeg,2,amini-cocoa-contamination-dataset,CC BY 4.0,train
ID_OlhiMl.jpeg,healthy,dataset/images/train/ID_OlhiMl.jpeg,2,amini-cocoa-contamination-dataset,CC BY 4.0,train
ID_a7uaci.jpeg,anthracnose,dataset/images/train/ID_a7uaci.jpeg,1,amini-cocoa-contamination-dataset,CC BY 4.0,train
ID_dVLBJ6.jpg,healthy,dataset/images/train/ID_dVLBJ6.jpg,2,amini-cocoa-contamination-dataset,CC BY 4.0,train
ID_nIBl0Z.jpg,cssvd,dataset/images/train/ID_nIBl0Z.jpg,1,amini-cocoa-contamination-dataset,CC BY 4.0,train
ID_BgQsAX.jpg,anthracnose,dataset/images/train/ID_BgQsAX.jpg,1,amini-cocoa-contamination-dataset,CC BY 4.0,train
ID_YPZJXu.jpg,cssvd,dataset/images/train/ID_YPZJXu.jpg,3,amini-cocoa-contamination-dataset,CC BY 4.0,train
ID_s6GYuu.jpg,cssvd,dataset/images/train/ID_s6GYuu.jpg,2,amini-cocoa-contamination-dataset,CC BY 4.0,train
ID_gEk3ql.JPG,healthy,dataset/images/train/ID_gEk3ql.JPG,10,amini-cocoa-contamination-dataset,CC BY 4.0,train
ID_bQWN1t.jpg,healthy,dataset/images/train/ID_bQWN1t.jpg,4,amini-cocoa-contamination-dataset,CC BY 4.0,train
ID_h7hYew.jpeg,anthracnose,dataset/images/train/ID_h7hYew.jpeg,1,amini-cocoa-contamination-dataset,CC BY 4.0,train
ID_syhYvJ.JPG,healthy,dataset/images/train/ID_syhYvJ.JPG,2,amini-cocoa-contamination-dataset,CC BY 4.0,train
ID_MCZcC1.jpg,anthracnose,dataset/images/train/ID_MCZcC1.jpg,1,amini-cocoa-contamination-dataset,CC BY 4.0,train
ID_CGTYfy.jpeg,healthy,dataset/images/train/ID_CGTYfy.jpeg,3,amini-cocoa-contamination-dataset,CC BY 4.0,train
ID_hkI6Kc.jpeg,healthy,dataset/images/train/ID_hkI6Kc.jpeg,1,amini-cocoa-contamination-dataset,CC BY 4.0,train
ID_iI4qR6.jpeg,anthracnose,dataset/images/train/ID_iI4qR6.jpeg,1,amini-cocoa-contamination-dataset,CC BY 4.0,train
ID_dcjHub.jpg,cssvd,dataset/images/train/ID_dcjHub.jpg,1,amini-cocoa-contamination-dataset,CC BY 4.0,train
ID_KzqwVj.jpg,cssvd,dataset/images/train/ID_KzqwVj.jpg,2,amini-cocoa-contamination-dataset,CC BY 4.0,train
ID_ro3M2h.jpg,healthy,dataset/images/train/ID_ro3M2h.jpg,3,amini-cocoa-contamination-dataset,CC BY 4.0,train
ID_meqoi4.jpg,cssvd,dataset/images/train/ID_meqoi4.jpg,1,amini-cocoa-contamination-dataset,CC BY 4.0,train
ID_GpgWm9.jpg,anthracnose,dataset/images/train/ID_GpgWm9.jpg,1,amini-cocoa-contamination-dataset,CC BY 4.0,train
ID_ZNFC0G.jpeg,healthy,dataset/images/train/ID_ZNFC0G.jpeg,2,amini-cocoa-contamination-dataset,CC BY 4.0,train
ID_EcRbAM.jpg,cssvd,dataset/images/train/ID_EcRbAM.jpg,1,amini-cocoa-contamination-dataset,CC BY 4.0,train
ID_TVfwF3.jpeg,healthy,dataset/images/train/ID_TVfwF3.jpeg,2,amini-cocoa-contamination-dataset,CC BY 4.0,train
ID_se7fkd.jpeg,cssvd,dataset/images/train/ID_se7fkd.jpeg,2,amini-cocoa-contamination-dataset,CC BY 4.0,train
ID_fmBsaE.jpeg,cssvd,dataset/images/train/ID_fmBsaE.jpeg,2,amini-cocoa-contamination-dataset,CC BY 4.0,train
ID_KuR7jr.jpg,cssvd,dataset/images/train/ID_KuR7jr.jpg,1,amini-cocoa-contamination-dataset,CC BY 4.0,train
ID_OATbB2.jpg,cssvd,dataset/images/train/ID_OATbB2.jpg,1,amini-cocoa-contamination-dataset,CC BY 4.0,train
ID_vzqrLE.jpg,cssvd,dataset/images/train/ID_vzqrLE.jpg,1,amini-cocoa-contamination-dataset,CC BY 4.0,train
ID_XF1b8f.jpeg,anthracnose,dataset/images/train/ID_XF1b8f.jpeg,1,amini-cocoa-contamination-dataset,CC BY 4.0,train
ID_arAAok.jpg,healthy,dataset/images/train/ID_arAAok.jpg,1,amini-cocoa-contamination-dataset,CC BY 4.0,train
ID_QGTUDW.jpg,anthracnose,dataset/images/train/ID_QGTUDW.jpg,2,amini-cocoa-contamination-dataset,CC BY 4.0,train
ID_vQL8UG.jpg,cssvd,dataset/images/train/ID_vQL8UG.jpg,2,amini-cocoa-contamination-dataset,CC BY 4.0,train
ID_daFRF8.JPG,healthy,dataset/images/train/ID_daFRF8.JPG,3,amini-cocoa-contamination-dataset,CC BY 4.0,train
ID_W3tKEh.jpeg,healthy,dataset/images/train/ID_W3tKEh.jpeg,1,amini-cocoa-contamination-dataset,CC BY 4.0,train
ID_BxCnJ3.jpg,anthracnose,dataset/images/train/ID_BxCnJ3.jpg,1,amini-cocoa-contamination-dataset,CC BY 4.0,train
ID_DwBtgK.jpeg,anthracnose,dataset/images/train/ID_DwBtgK.jpeg,1,amini-cocoa-contamination-dataset,CC BY 4.0,train
ID_cHyx0w.jpg,cssvd,dataset/images/train/ID_cHyx0w.jpg,1,amini-cocoa-contamination-dataset,CC BY 4.0,train
ID_UMUb5c.jpg,cssvd,dataset/images/train/ID_UMUb5c.jpg,2,amini-cocoa-contamination-dataset,CC BY 4.0,train
ID_jbJ91F.jpg,cssvd,dataset/images/train/ID_jbJ91F.jpg,1,amini-cocoa-contamination-dataset,CC BY 4.0,train
ID_lBK80z.jpg,cssvd,dataset/images/train/ID_lBK80z.jpg,1,amini-cocoa-contamination-dataset,CC BY 4.0,train
ID_Sq0lq1.jpg,healthy,dataset/images/train/ID_Sq0lq1.jpg,2,amini-cocoa-contamination-dataset,CC BY 4.0,train
ID_Sh9fyQ.jpg,cssvd,dataset/images/train/ID_Sh9fyQ.jpg,1,amini-cocoa-contamination-dataset,CC BY 4.0,train
ID_nXKKfg.jpg,healthy,dataset/images/train/ID_nXKKfg.jpg,4,amini-cocoa-contamination-dataset,CC BY 4.0,train
ID_ZtXuO8.jpeg,cssvd,dataset/images/train/ID_ZtXuO8.jpeg,1,amini-cocoa-contamination-dataset,CC BY 4.0,train
ID_jo8hK3.jpeg,anthracnose,dataset/images/train/ID_jo8hK3.jpeg,1,amini-cocoa-contamination-dataset,CC BY 4.0,train
ID_eYbG0y.jpg,anthracnose,dataset/images/train/ID_eYbG0y.jpg,1,amini-cocoa-contamination-dataset,CC BY 4.0,train
ID_RFVVaF.jpg,cssvd,dataset/images/train/ID_RFVVaF.jpg,1,amini-cocoa-contamination-dataset,CC BY 4.0,train
ID_Xp56ze.jpeg,healthy,dataset/images/train/ID_Xp56ze.jpeg,1,amini-cocoa-contamination-dataset,CC BY 4.0,train
ID_MqjKqu.jpeg,healthy,dataset/images/train/ID_MqjKqu.jpeg,1,amini-cocoa-contamination-dataset,CC BY 4.0,train
ID_nlmRv9.jpg,cssvd,dataset/images/train/ID_nlmRv9.jpg,4,amini-cocoa-contamination-dataset,CC BY 4.0,train
ID_LkJ8Zz.jpg,anthracnose,dataset/images/train/ID_LkJ8Zz.jpg,3,amini-cocoa-contamination-dataset,CC BY 4.0,train
ID_K7Np0C.jpeg,healthy,dataset/images/train/ID_K7Np0C.jpeg,2,amini-cocoa-contamination-dataset,CC BY 4.0,train
ID_QlOyml.jpg,cssvd,dataset/images/train/ID_QlOyml.jpg,2,amini-cocoa-contamination-dataset,CC BY 4.0,train
ID_bElnUR.jpg,cssvd,dataset/images/train/ID_bElnUR.jpg,1,amini-cocoa-contamination-dataset,CC BY 4.0,train
ID_D8AD7q.jpg,healthy,dataset/images/train/ID_D8AD7q.jpg,4,amini-cocoa-contamination-dataset,CC BY 4.0,train
ID_FqB8FS.jpeg,healthy,dataset/images/train/ID_FqB8FS.jpeg,1,amini-cocoa-contamination-dataset,CC BY 4.0,train
ID_dZFz3R.jpg,cssvd,dataset/images/train/ID_dZFz3R.jpg,1,amini-cocoa-contamination-dataset,CC BY 4.0,train
ID_L1fPTx.jpg,healthy,dataset/images/train/ID_L1fPTx.jpg,1,amini-cocoa-contamination-dataset,CC BY 4.0,train
ID_jj4SlG.jpeg,healthy,dataset/images/train/ID_jj4SlG.jpeg,2,amini-cocoa-contamination-dataset,CC BY 4.0,train
ID_mDXn0w.jpg,cssvd,dataset/images/train/ID_mDXn0w.jpg,4,amini-cocoa-contamination-dataset,CC BY 4.0,train
ID_CFhLWy.jpg,healthy,dataset/images/train/ID_CFhLWy.jpg,3,amini-cocoa-contamination-dataset,CC BY 4.0,train
ID_kJ1GAa.jpg,cssvd,dataset/images/train/ID_kJ1GAa.jpg,1,amini-cocoa-contamination-dataset,CC BY 4.0,train
ID_uU3hrs.jpg,cssvd,dataset/images/train/ID_uU3hrs.jpg,2,amini-cocoa-contamination-dataset,CC BY 4.0,train
ID_V6PUXT.JPG,healthy,dataset/images/train/ID_V6PUXT.JPG,5,amini-cocoa-contamination-dataset,CC BY 4.0,train
ID_xCRNkB.jpeg,cssvd,dataset/images/train/ID_xCRNkB.jpeg,2,amini-cocoa-contamination-dataset,CC BY 4.0,train
ID_Lkc5Vv.jpg,anthracnose,dataset/images/train/ID_Lkc5Vv.jpg,1,amini-cocoa-contamination-dataset,CC BY 4.0,train
ID_xe2vAB.jpeg,anthracnose,dataset/images/train/ID_xe2vAB.jpeg,2,amini-cocoa-contamination-dataset,CC BY 4.0,train
ID_oPgTjG.JPG,healthy,dataset/images/train/ID_oPgTjG.JPG,4,amini-cocoa-contamination-dataset,CC BY 4.0,train
ID_vjg1JF.jpg,anthracnose,dataset/images/train/ID_vjg1JF.jpg,3,amini-cocoa-contamination-dataset,CC BY 4.0,train
ID_w4woXg.jpeg,anthracnose,dataset/images/train/ID_w4woXg.jpeg,1,amini-cocoa-contamination-dataset,CC BY 4.0,train
ID_qOUqaF.jpeg,healthy,dataset/images/train/ID_qOUqaF.jpeg,3,amini-cocoa-contamination-dataset,CC BY 4.0,train
ID_We79Ov.jpg,healthy,dataset/images/train/ID_We79Ov.jpg,3,amini-cocoa-contamination-dataset,CC BY 4.0,train
ID_h1G3Q7.jpg,cssvd,dataset/images/train/ID_h1G3Q7.jpg,1,amini-cocoa-contamination-dataset,CC BY 4.0,train
ID_rNLzIK.jpg,anthracnose,dataset/images/train/ID_rNLzIK.jpg,1,amini-cocoa-contamination-dataset,CC BY 4.0,train
ID_TsKBBh.jpeg,healthy,dataset/images/train/ID_TsKBBh.jpeg,1,amini-cocoa-contamination-dataset,CC BY 4.0,train
ID_jJixiR.jpg,anthracnose,dataset/images/train/ID_jJixiR.jpg,1,amini-cocoa-contamination-dataset,CC BY 4.0,train
ID_VEZw68.jpeg,cssvd,dataset/images/train/ID_VEZw68.jpeg,1,amini-cocoa-contamination-dataset,CC BY 4.0,train
ID_U6cqPV.jpg,anthracnose,dataset/images/train/ID_U6cqPV.jpg,1,amini-cocoa-contamination-dataset,CC BY 4.0,train
ID_QTflTD.jpeg,cssvd,dataset/images/train/ID_QTflTD.jpeg,2,amini-cocoa-contamination-dataset,CC BY 4.0,train
ID_P3Ko2F.jpg,cssvd,dataset/images/train/ID_P3Ko2F.jpg,1,amini-cocoa-contamination-dataset,CC BY 4.0,train
ID_p3UKzy.jpg,healthy,dataset/images/train/ID_p3UKzy.jpg,3,amini-cocoa-contamination-dataset,CC BY 4.0,train
ID_y70Vq7.jpg,anthracnose,dataset/images/train/ID_y70Vq7.jpg,1,amini-cocoa-contamination-dataset,CC BY 4.0,train
ID_TXYCXO.jpg,anthracnose,dataset/images/train/ID_TXYCXO.jpg,2,amini-cocoa-contamination-dataset,CC BY 4.0,train
ID_O4AvwE.jpg,cssvd,dataset/images/train/ID_O4AvwE.jpg,1,amini-cocoa-contamination-dataset,CC BY 4.0,train
ID_wIHlly.jpg,healthy,dataset/images/train/ID_wIHlly.jpg,3,amini-cocoa-contamination-dataset,CC BY 4.0,train
ID_uolHev.jpeg,anthracnose,dataset/images/train/ID_uolHev.jpeg,1,amini-cocoa-contamination-dataset,CC BY 4.0,train
ID_oMoZ1n.jpg,healthy,dataset/images/train/ID_oMoZ1n.jpg,9,amini-cocoa-contamination-dataset,CC BY 4.0,train
ID_BNM1Vm.jpg,cssvd,dataset/images/train/ID_BNM1Vm.jpg,1,amini-cocoa-contamination-dataset,CC BY 4.0,train
ID_XjPjsi.jpg,healthy,dataset/images/train/ID_XjPjsi.jpg,3,amini-cocoa-contamination-dataset,CC BY 4.0,train
ID_r968mp.jpeg,healthy,dataset/images/train/ID_r968mp.jpeg,2,amini-cocoa-contamination-dataset,CC BY 4.0,train
ID_ilxfrh.jpg,healthy,dataset/images/train/ID_ilxfrh.jpg,5,amini-cocoa-contamination-dataset,CC BY 4.0,train
ID_wT30hP.jpg,anthracnose,dataset/images/train/ID_wT30hP.jpg,2,amini-cocoa-contamination-dataset,CC BY 4.0,train
ID_WEqQcd.JPG,anthracnose,dataset/images/train/ID_WEqQcd.JPG,2,amini-cocoa-contamination-dataset,CC BY 4.0,train
ID_kx9aCt.jpg,cssvd,dataset/images/train/ID_kx9aCt.jpg,2,amini-cocoa-contamination-dataset,CC BY 4.0,train
ID_S6sUrG.jpg,cssvd,dataset/images/train/ID_S6sUrG.jpg,3,amini-cocoa-contamination-dataset,CC BY 4.0,train
ID_V4GK1P.jpg,cssvd,dataset/images/train/ID_V4GK1P.jpg,1,amini-cocoa-contamination-dataset,CC BY 4.0,train
ID_kZCx2G.jpg,healthy,dataset/images/train/ID_kZCx2G.jpg,5,amini-cocoa-contamination-dataset,CC BY 4.0,train
ID_bq4JF6.jpg,anthracnose,dataset/images/train/ID_bq4JF6.jpg,1,amini-cocoa-contamination-dataset,CC BY 4.0,train
ID_EPOhFd.JPG,anthracnose,dataset/images/train/ID_EPOhFd.JPG,1,amini-cocoa-contamination-dataset,CC BY 4.0,train
ID_KeMP5I.jpg,cssvd,dataset/images/train/ID_KeMP5I.jpg,2,amini-cocoa-contamination-dataset,CC BY 4.0,train
ID_HybWwp.jpg,anthracnose,dataset/images/train/ID_HybWwp.jpg,2,amini-cocoa-contamination-dataset,CC BY 4.0,train
ID_skS2CF.jpeg,cssvd,dataset/images/train/ID_skS2CF.jpeg,1,amini-cocoa-contamination-dataset,CC BY 4.0,train
ID_GjPkM0.jpg,healthy,dataset/images/train/ID_GjPkM0.jpg,4,amini-cocoa-contamination-dataset,CC BY 4.0,train
ID_hADR5u.jpeg,anthracnose,dataset/images/train/ID_hADR5u.jpeg,1,amini-cocoa-contamination-dataset,CC BY 4.0,train
ID_MQkZBH.jpeg,cssvd,dataset/images/train/ID_MQkZBH.jpeg,1,amini-cocoa-contamination-dataset,CC BY 4.0,train
ID_kIfxac.jpg,cssvd,dataset/images/train/ID_kIfxac.jpg,1,amini-cocoa-contamination-dataset,CC BY 4.0,train
ID_gmFxcl.jpg,cssvd,dataset/images/train/ID_gmFxcl.jpg,1,amini-cocoa-contamination-dataset,CC BY 4.0,train
ID_x6vqDO.jpg,anthracnose,dataset/images/train/ID_x6vqDO.jpg,4,amini-cocoa-contamination-dataset,CC BY 4.0,train
ID_VGRSR0.jpg,anthracnose,dataset/images/train/ID_VGRSR0.jpg,2,amini-cocoa-contamination-dataset,CC BY 4.0,train
ID_cplqSV.jpg,anthracnose,dataset/images/train/ID_cplqSV.jpg,2,amini-cocoa-contamination-dataset,CC BY 4.0,train
ID_lCINFt.jpeg,cssvd,dataset/images/train/ID_lCINFt.jpeg,1,amini-cocoa-contamination-dataset,CC BY 4.0,train
ID_nxkOVQ.jpg,cssvd,dataset/images/train/ID_nxkOVQ.jpg,2,amini-cocoa-contamination-dataset,CC BY 4.0,train
ID_uWZSVT.jpeg,anthracnose,dataset/images/train/ID_uWZSVT.jpeg,1,amini-cocoa-contamination-dataset,CC BY 4.0,train
ID_tTUHoU.jpg,cssvd,dataset/images/train/ID_tTUHoU.jpg,1,amini-cocoa-contamination-dataset,CC BY 4.0,train
ID_Mz8sqs.jpg,cssvd,dataset/images/train/ID_Mz8sqs.jpg,1,amini-cocoa-contamination-dataset,CC BY 4.0,train
ID_gDAHkZ.jpg,anthracnose,dataset/images/train/ID_gDAHkZ.jpg,3,amini-cocoa-contamination-dataset,CC BY 4.0,train
ID_lFxV4i.jpeg,healthy,dataset/images/train/ID_lFxV4i.jpeg,1,amini-cocoa-contamination-dataset,CC BY 4.0,train
ID_OcHPF1.jpg,anthracnose,dataset/images/train/ID_OcHPF1.jpg,1,amini-cocoa-contamination-dataset,CC BY 4.0,train
ID_fsOn06.jpg,anthracnose,dataset/images/train/ID_fsOn06.jpg,2,amini-cocoa-contamination-dataset,CC BY 4.0,train
ID_eTebkS.jpg,healthy,dataset/images/train/ID_eTebkS.jpg,4,amini-cocoa-contamination-dataset,CC BY 4.0,train
ID_MO81oq.jpg,cssvd,dataset/images/train/ID_MO81oq.jpg,2,amini-cocoa-contamination-dataset,CC BY 4.0,train
ID_zVL36E.jpg,anthracnose,dataset/images/train/ID_zVL36E.jpg,1,amini-cocoa-contamination-dataset,CC BY 4.0,train
ID_p50i3G.jpeg,cssvd,dataset/images/train/ID_p50i3G.jpeg,3,amini-cocoa-contamination-dataset,CC BY 4.0,train
ID_lUVm1x.jpg,healthy,dataset/images/train/ID_lUVm1x.jpg,2,amini-cocoa-contamination-dataset,CC BY 4.0,train
ID_cQqJaz.jpg,healthy,dataset/images/train/ID_cQqJaz.jpg,6,amini-cocoa-contamination-dataset,CC BY 4.0,train
ID_NH1AAO.jpg,anthracnose,dataset/images/train/ID_NH1AAO.jpg,1,amini-cocoa-contamination-dataset,CC BY 4.0,train
ID_Ylri0x.jpg,cssvd,dataset/images/train/ID_Ylri0x.jpg,2,amini-cocoa-contamination-dataset,CC BY 4.0,train
ID_Qr3Qae.jpg,healthy,dataset/images/train/ID_Qr3Qae.jpg,1,amini-cocoa-contamination-dataset,CC BY 4.0,train
ID_Zc5iha.jpg,healthy,dataset/images/train/ID_Zc5iha.jpg,2,amini-cocoa-contamination-dataset,CC BY 4.0,train
ID_dOxqJU.jpg,cssvd,dataset/images/train/ID_dOxqJU.jpg,1,amini-cocoa-contamination-dataset,CC BY 4.0,train
ID_KxpaXs.jpeg,cssvd,dataset/images/train/ID_KxpaXs.jpeg,1,amini-cocoa-contamination-dataset,CC BY 4.0,train
ID_Aykxbw.jpg,cssvd,dataset/images/train/ID_Aykxbw.jpg,1,amini-cocoa-contamination-dataset,CC BY 4.0,train
ID_NZZUhO.jpg,anthracnose,dataset/images/train/ID_NZZUhO.jpg,4,amini-cocoa-contamination-dataset,CC BY 4.0,train
ID_nbREwS.jpeg,anthracnose,dataset/images/train/ID_nbREwS.jpeg,1,amini-cocoa-contamination-dataset,CC BY 4.0,train
ID_uRyRsK.jpg,cssvd,dataset/images/train/ID_uRyRsK.jpg,1,amini-cocoa-contamination-dataset,CC BY 4.0,train
ID_hQaRgR.jpeg,anthracnose,dataset/images/train/ID_hQaRgR.jpeg,1,amini-cocoa-contamination-dataset,CC BY 4.0,train
ID_r2wA1F.jpeg,anthracnose,dataset/images/train/ID_r2wA1F.jpeg,1,amini-cocoa-contamination-dataset,CC BY 4.0,train
ID_CLsW8F.jpeg,anthracnose,dataset/images/train/ID_CLsW8F.jpeg,1,amini-cocoa-contamination-dataset,CC BY 4.0,train
ID_qrGPyJ.jpg,anthracnose,dataset/images/train/ID_qrGPyJ.jpg,2,amini-cocoa-contamination-dataset,CC BY 4.0,train
ID_DUTjoc.jpeg,anthracnose,dataset/images/train/ID_DUTjoc.jpeg,1,amini-cocoa-contamination-dataset,CC BY 4.0,train
ID_TjJf8H.jpg,cssvd,dataset/images/train/ID_TjJf8H.jpg,1,amini-cocoa-contamination-dataset,CC BY 4.0,train
ID_HIGKr5.jpeg,anthracnose,dataset/images/train/ID_HIGKr5.jpeg,1,amini-cocoa-contamination-dataset,CC BY 4.0,train
ID_MnjXIr.jpeg,cssvd,dataset/images/train/ID_MnjXIr.jpeg,1,amini-cocoa-contamination-dataset,CC BY 4.0,train
ID_nUmAXC.jpg,healthy,dataset/images/train/ID_nUmAXC.jpg,3,amini-cocoa-contamination-dataset,CC BY 4.0,train
ID_Y3n1TX.jpg,anthracnose,dataset/images/train/ID_Y3n1TX.jpg,3,amini-cocoa-contamination-dataset,CC BY 4.0,train
ID_VHbLCj.jpg,healthy,dataset/images/train/ID_VHbLCj.jpg,1,amini-cocoa-contamination-dataset,CC BY 4.0,train
ID_IQqCIU.jpg,cssvd,dataset/images/train/ID_IQqCIU.jpg,1,amini-cocoa-contamination-dataset,CC BY 4.0,train
ID_gLCDiM.jpg,cssvd,dataset/images/train/ID_gLCDiM.jpg,1,amini-cocoa-contamination-dataset,CC BY 4.0,train
ID_alnSjB.jpeg,cssvd,dataset/images/train/ID_alnSjB.jpeg,2,amini-cocoa-contamination-dataset,CC BY 4.0,train
ID_a2zxFb.jpg,cssvd,dataset/images/train/ID_a2zxFb.jpg,1,amini-cocoa-contamination-dataset,CC BY 4.0,train
ID_QNft1g.jpeg,healthy,dataset/images/train/ID_QNft1g.jpeg,2,amini-cocoa-contamination-dataset,CC BY 4.0,train
ID_HCr9vz.jpg,healthy,dataset/images/train/ID_HCr9vz.jpg,4,amini-cocoa-contamination-dataset,CC BY 4.0,train
ID_uOaENk.jpeg,healthy,dataset/images/train/ID_uOaENk.jpeg,1,amini-cocoa-contamination-dataset,CC BY 4.0,train
ID_k8CAYW.jpg,cssvd,dataset/images/train/ID_k8CAYW.jpg,1,amini-cocoa-contamination-dataset,CC BY 4.0,train
ID_ZD5OdG.jpg,healthy,dataset/images/train/ID_ZD5OdG.jpg,2,amini-cocoa-contamination-dataset,CC BY 4.0,train
ID_nuhHGr.jpeg,anthracnose,dataset/images/train/ID_nuhHGr.jpeg,1,amini-cocoa-contamination-dataset,CC BY 4.0,train
ID_PyheVY.jpg,healthy,dataset/images/train/ID_PyheVY.jpg,1,amini-cocoa-contamination-dataset,CC BY 4.0,train
ID_XmDirt.jpeg,healthy,dataset/images/train/ID_XmDirt.jpeg,3,amini-cocoa-contamination-dataset,CC BY 4.0,train
ID_oirZcL.jpg,cssvd,dataset/images/train/ID_oirZcL.jpg,3,amini-cocoa-contamination-dataset,CC BY 4.0,train
ID_YUEcg5.jpeg,healthy,dataset/images/train/ID_YUEcg5.jpeg,1,amini-cocoa-contamination-dataset,CC BY 4.0,train
ID_Auh1dw.jpeg,healthy,dataset/images/train/ID_Auh1dw.jpeg,1,amini-cocoa-contamination-dataset,CC BY 4.0,train
ID_dWBtGY.jpg,anthracnose,dataset/images/train/ID_dWBtGY.jpg,1,amini-cocoa-contamination-dataset,CC BY 4.0,train
ID_dLzKqM.jpeg,cssvd,dataset/images/train/ID_dLzKqM.jpeg,3,amini-cocoa-contamination-dataset,CC BY 4.0,train
ID_S2bRkL.jpg,healthy,dataset/images/train/ID_S2bRkL.jpg,7,amini-cocoa-contamination-dataset,CC BY 4.0,train
ID_agKKpf.jpeg,anthracnose,dataset/images/train/ID_agKKpf.jpeg,1,amini-cocoa-contamination-dataset,CC BY 4.0,train
ID_tdVDpD.jpg,anthracnose,dataset/images/train/ID_tdVDpD.jpg,1,amini-cocoa-contamination-dataset,CC BY 4.0,train
ID_eS4YaG.jpg,cssvd,dataset/images/train/ID_eS4YaG.jpg,1,amini-cocoa-contamination-dataset,CC BY 4.0,train
ID_OfckmE.jpg,anthracnose,dataset/images/train/ID_OfckmE.jpg,2,amini-cocoa-contamination-dataset,CC BY 4.0,train
ID_n2yUMn.jpeg,healthy,dataset/images/train/ID_n2yUMn.jpeg,2,amini-cocoa-contamination-dataset,CC BY 4.0,train
ID_dfJsQ9.jpeg,healthy,dataset/images/train/ID_dfJsQ9.jpeg,2,amini-cocoa-contamination-dataset,CC BY 4.0,train
ID_DSclWF.jpeg,anthracnose,dataset/images/train/ID_DSclWF.jpeg,1,amini-cocoa-contamination-dataset,CC BY 4.0,train
ID_VJmq0c.jpg,cssvd,dataset/images/train/ID_VJmq0c.jpg,1,amini-cocoa-contamination-dataset,CC BY 4.0,train
ID_dQ5YNe.jpg,cssvd,dataset/images/train/ID_dQ5YNe.jpg,1,amini-cocoa-contamination-dataset,CC BY 4.0,train
ID_MEzLV0.jpeg,healthy,dataset/images/train/ID_MEzLV0.jpeg,2,amini-cocoa-contamination-dataset,CC BY 4.0,train
ID_ubP2OU.jpg,cssvd,dataset/images/train/ID_ubP2OU.jpg,2,amini-cocoa-contamination-dataset,CC BY 4.0,train
ID_rBZvd4.jpg,cssvd,dataset/images/train/ID_rBZvd4.jpg,3,amini-cocoa-contamination-dataset,CC BY 4.0,train
ID_wRbcNK.jpg,cssvd,dataset/images/train/ID_wRbcNK.jpg,3,amini-cocoa-contamination-dataset,CC BY 4.0,train
ID_olXkHS.jpg,anthracnose,dataset/images/train/ID_olXkHS.jpg,1,amini-cocoa-contamination-dataset,CC BY 4.0,train
ID_yCztMI.jpeg,healthy,dataset/images/train/ID_yCztMI.jpeg,1,amini-cocoa-contamination-dataset,CC BY 4.0,train
ID_ZRwRc1.jpg,cssvd,dataset/images/train/ID_ZRwRc1.jpg,1,amini-cocoa-contamination-dataset,CC BY 4.0,train
ID_eKtbu8.jpg,healthy,dataset/images/train/ID_eKtbu8.jpg,2,amini-cocoa-contamination-dataset,CC BY 4.0,train
ID_DRc1D8.jpg,cssvd,dataset/images/train/ID_DRc1D8.jpg,1,amini-cocoa-contamination-dataset,CC BY 4.0,train
ID_DjT3G5.jpg,cssvd,dataset/images/train/ID_DjT3G5.jpg,1,amini-cocoa-contamination-dataset,CC BY 4.0,train
ID_Xt0gK3.jpg,cssvd,dataset/images/train/ID_Xt0gK3.jpg,1,amini-cocoa-contamination-dataset,CC BY 4.0,train
ID_RYn1TJ.jpg,anthracnose,dataset/images/train/ID_RYn1TJ.jpg,2,amini-cocoa-contamination-dataset,CC BY 4.0,train
ID_Nms6Kc.jpeg,anthracnose,dataset/images/train/ID_Nms6Kc.jpeg,1,amini-cocoa-contamination-dataset,CC BY 4.0,train
ID_Vqsvol.jpg,cssvd,dataset/images/train/ID_Vqsvol.jpg,1,amini-cocoa-contamination-dataset,CC BY 4.0,train
ID_HsjP1r.jpeg,cssvd,dataset/images/train/ID_HsjP1r.jpeg,2,amini-cocoa-contamination-dataset,CC BY 4.0,train
ID_cmfzof.jpg,anthracnose,dataset/images/train/ID_cmfzof.jpg,1,amini-cocoa-contamination-dataset,CC BY 4.0,train
ID_HWosD0.jpg,cssvd,dataset/images/train/ID_HWosD0.jpg,1,amini-cocoa-contamination-dataset,CC BY 4.0,train
ID_xRbfVh.jpg,healthy,dataset/images/train/ID_xRbfVh.jpg,2,amini-cocoa-contamination-dataset,CC BY 4.0,train
ID_RavXRe.jpg,cssvd,dataset/images/train/ID_RavXRe.jpg,2,amini-cocoa-contamination-dataset,CC BY 4.0,train
ID_hqGyiB.jpg,cssvd,dataset/images/train/ID_hqGyiB.jpg,4,amini-cocoa-contamination-dataset,CC BY 4.0,train
ID_jcxg2D.jpg,cssvd,dataset/images/train/ID_jcxg2D.jpg,1,amini-cocoa-contamination-dataset,CC BY 4.0,train
ID_xSLxKZ.jpg,healthy,dataset/images/train/ID_xSLxKZ.jpg,1,amini-cocoa-contamination-dataset,CC BY 4.0,train
ID_ozDzDO.jpg,healthy,dataset/images/train/ID_ozDzDO.jpg,2,amini-cocoa-contamination-dataset,CC BY 4.0,train
ID_vibxtZ.jpg,cssvd,dataset/images/train/ID_vibxtZ.jpg,1,amini-cocoa-contamination-dataset,CC BY 4.0,train
ID_Aer1qp.JPG,anthracnose,dataset/images/train/ID_Aer1qp.JPG,2,amini-cocoa-contamination-dataset,CC BY 4.0,train
ID_yeLQCq.jpeg,healthy,dataset/images/train/ID_yeLQCq.jpeg,2,amini-cocoa-contamination-dataset,CC BY 4.0,train
ID_MTBw8I.jpg,cssvd,dataset/images/train/ID_MTBw8I.jpg,3,amini-cocoa-contamination-dataset,CC BY 4.0,train
ID_VpzGog.jpg,healthy,dataset/images/train/ID_VpzGog.jpg,7,amini-cocoa-contamination-dataset,CC BY 4.0,train
ID_n768G7.jpg,cssvd,dataset/images/train/ID_n768G7.jpg,1,amini-cocoa-contamination-dataset,CC BY 4.0,train
ID_KtIyiB.jpg,healthy,dataset/images/train/ID_KtIyiB.jpg,2,amini-cocoa-contamination-dataset,CC BY 4.0,train
ID_AfcaJL.jpg,healthy,dataset/images/train/ID_AfcaJL.jpg,3,amini-cocoa-contamination-dataset,CC BY 4.0,train
ID_n0Y3GC.jpeg,healthy,dataset/images/train/ID_n0Y3GC.jpeg,1,amini-cocoa-contamination-dataset,CC BY 4.0,train
ID_jJIKx3.jpg,cssvd,dataset/images/train/ID_jJIKx3.jpg,2,amini-cocoa-contamination-dataset,CC BY 4.0,train
ID_a8ILTq.JPG,healthy,dataset/images/train/ID_a8ILTq.JPG,4,amini-cocoa-contamination-dataset,CC BY 4.0,train
ID_Z0G8sk.jpeg,anthracnose,dataset/images/train/ID_Z0G8sk.jpeg,1,amini-cocoa-contamination-dataset,CC BY 4.0,train
ID_AJf7yR.jpg,cssvd,dataset/images/train/ID_AJf7yR.jpg,1,amini-cocoa-contamination-dataset,CC BY 4.0,train
ID_iXVcCD.jpg,cssvd,dataset/images/train/ID_iXVcCD.jpg,1,amini-cocoa-contamination-dataset,CC BY 4.0,train
ID_wTnSH6.jpeg,anthracnose,dataset/images/train/ID_wTnSH6.jpeg,1,amini-cocoa-contamination-dataset,CC BY 4.0,train
ID_TqKtQA.jpg,anthracnose,dataset/images/train/ID_TqKtQA.jpg,1,amini-cocoa-contamination-dataset,CC BY 4.0,train
ID_lfWBVM.jpg,cssvd,dataset/images/train/ID_lfWBVM.jpg,1,amini-cocoa-contamination-dataset,CC BY 4.0,train
ID_Bi4YAL.jpg,cssvd,dataset/images/train/ID_Bi4YAL.jpg,2,amini-cocoa-contamination-dataset,CC BY 4.0,train
ID_RwYhVU.jpg,cssvd,dataset/images/train/ID_RwYhVU.jpg,2,amini-cocoa-contamination-dataset,CC BY 4.0,train
ID_yqFSps.jpg,anthracnose,dataset/images/train/ID_yqFSps.jpg,1,amini-cocoa-contamination-dataset,CC BY 4.0,train
ID_IuBkcQ.jpeg,cssvd,dataset/images/train/ID_IuBkcQ.jpeg,1,amini-cocoa-contamination-dataset,CC BY 4.0,train
ID_NU9I2X.jpeg,anthracnose,dataset/images/train/ID_NU9I2X.jpeg,1,amini-cocoa-contamination-dataset,CC BY 4.0,train
ID_v6r7NE.jpg,healthy,dataset/images/train/ID_v6r7NE.jpg,1,amini-cocoa-contamination-dataset,CC BY 4.0,train
ID_CuVosq.jpg,cssvd,dataset/images/train/ID_CuVosq.jpg,1,amini-cocoa-contamination-dataset,CC BY 4.0,train
ID_XeaH0E.jpg,cssvd,dataset/images/train/ID_XeaH0E.jpg,2,amini-cocoa-contamination-dataset,CC BY 4.0,train
ID_Ii9uuT.JPG,cssvd,dataset/images/train/ID_Ii9uuT.JPG,1,amini-cocoa-contamination-dataset,CC BY 4.0,train
ID_WUUpvN.jpg,anthracnose,dataset/images/train/ID_WUUpvN.jpg,1,amini-cocoa-contamination-dataset,CC BY 4.0,train
ID_TSZ56x.jpeg,cssvd,dataset/images/train/ID_TSZ56x.jpeg,1,amini-cocoa-contamination-dataset,CC BY 4.0,train
ID_CIwk0v.jpg,cssvd,dataset/images/train/ID_CIwk0v.jpg,1,amini-cocoa-contamination-dataset,CC BY 4.0,train
ID_pIPvix.jpg,cssvd,dataset/images/train/ID_pIPvix.jpg,1,amini-cocoa-contamination-dataset,CC BY 4.0,train
ID_VTnQu1.jpg,anthracnose,dataset/images/train/ID_VTnQu1.jpg,1,amini-cocoa-contamination-dataset,CC BY 4.0,train
ID_GMdKYY.jpeg,cssvd,dataset/images/train/ID_GMdKYY.jpeg,2,amini-cocoa-contamination-dataset,CC BY 4.0,train
ID_bUNuSh.jpeg,cssvd,dataset/images/train/ID_bUNuSh.jpeg,1,amini-cocoa-contamination-dataset,CC BY 4.0,train
ID_M4uCXc.jpg,cssvd,dataset/images/train/ID_M4uCXc.jpg,1,amini-cocoa-contamination-dataset,CC BY 4.0,train
ID_C82AUP.jpg,cssvd,dataset/images/train/ID_C82AUP.jpg,1,amini-cocoa-contamination-dataset,CC BY 4.0,train
ID_zrfxYp.jpeg,healthy,dataset/images/train/ID_zrfxYp.jpeg,1,amini-cocoa-contamination-dataset,CC BY 4.0,train
ID_W3ZfOF.jpg,anthracnose,dataset/images/train/ID_W3ZfOF.jpg,1,amini-cocoa-contamination-dataset,CC BY 4.0,train
ID_cY2gnS.jpg,cssvd,dataset/images/train/ID_cY2gnS.jpg,1,amini-cocoa-contamination-dataset,CC BY 4.0,train
ID_nyHqcJ.jpg,healthy,dataset/images/train/ID_nyHqcJ.jpg,3,amini-cocoa-contamination-dataset,CC BY 4.0,train
ID_B5twnS.jpeg,healthy,dataset/images/train/ID_B5twnS.jpeg,1,amini-cocoa-contamination-dataset,CC BY 4.0,train
ID_V73QLT.jpg,cssvd,dataset/images/train/ID_V73QLT.jpg,1,amini-cocoa-contamination-dataset,CC BY 4.0,train
ID_fmYejW.jpg,anthracnose,dataset/images/train/ID_fmYejW.jpg,1,amini-cocoa-contamination-dataset,CC BY 4.0,train
ID_MSpOs2.jpg,healthy,dataset/images/train/ID_MSpOs2.jpg,5,amini-cocoa-contamination-dataset,CC BY 4.0,train
ID_eEUQ5z.jpg,anthracnose,dataset/images/train/ID_eEUQ5z.jpg,3,amini-cocoa-contamination-dataset,CC BY 4.0,train
ID_BN1stL.jpeg,cssvd,dataset/images/train/ID_BN1stL.jpeg,1,amini-cocoa-contamination-dataset,CC BY 4.0,train
ID_uiGuus.jpg,cssvd,dataset/images/train/ID_uiGuus.jpg,1,amini-cocoa-contamination-dataset,CC BY 4.0,train
ID_f933bx.jpeg,healthy,dataset/images/train/ID_f933bx.jpeg,1,amini-cocoa-contamination-dataset,CC BY 4.0,train
ID_eZ2Ufd.jpg,healthy,dataset/images/train/ID_eZ2Ufd.jpg,5,amini-cocoa-contamination-dataset,CC BY 4.0,train
ID_yP2upp.jpeg,anthracnose,dataset/images/train/ID_yP2upp.jpeg,1,amini-cocoa-contamination-dataset,CC BY 4.0,train
ID_qIQIqS.jpg,anthracnose,dataset/images/train/ID_qIQIqS.jpg,5,amini-cocoa-contamination-dataset,CC BY 4.0,train
ID_lc3DDr.jpg,anthracnose,dataset/images/train/ID_lc3DDr.jpg,4,amini-cocoa-contamination-dataset,CC BY 4.0,train
ID_HO3AY6.jpeg,healthy,dataset/images/train/ID_HO3AY6.jpeg,7,amini-cocoa-contamination-dataset,CC BY 4.0,train
ID_VYmWg8.jpg,anthracnose,dataset/images/train/ID_VYmWg8.jpg,3,amini-cocoa-contamination-dataset,CC BY 4.0,train
ID_gXHbIf.jpg,cssvd,dataset/images/train/ID_gXHbIf.jpg,4,amini-cocoa-contamination-dataset,CC BY 4.0,train
ID_l0SkyD.jpg,anthracnose,dataset/images/train/ID_l0SkyD.jpg,1,amini-cocoa-contamination-dataset,CC BY 4.0,train
ID_jcgJMr.jpg,anthracnose,dataset/images/train/ID_jcgJMr.jpg,1,amini-cocoa-contamination-dataset,CC BY 4.0,train
ID_Xaw09O.jpg,healthy,dataset/images/train/ID_Xaw09O.jpg,1,amini-cocoa-contamination-dataset,CC BY 4.0,train
ID_N4STsJ.jpg,cssvd,dataset/images/train/ID_N4STsJ.jpg,3,amini-cocoa-contamination-dataset,CC BY 4.0,train
ID_lI0uWX.jpg,healthy,dataset/images/train/ID_lI0uWX.jpg,3,amini-cocoa-contamination-dataset,CC BY 4.0,train
ID_yGRazM.jpg,cssvd,dataset/images/train/ID_yGRazM.jpg,1,amini-cocoa-contamination-dataset,CC BY 4.0,train
ID_y5zwE6.jpeg,cssvd,dataset/images/train/ID_y5zwE6.jpeg,2,amini-cocoa-contamination-dataset,CC BY 4.0,train
ID_NoXeam.jpg,cssvd,dataset/images/train/ID_NoXeam.jpg,1,amini-cocoa-contamination-dataset,CC BY 4.0,train
ID_D6zlHH.jpg,cssvd,dataset/images/train/ID_D6zlHH.jpg,1,amini-cocoa-contamination-dataset,CC BY 4.0,train
ID_dW2xhB.jpg,anthracnose,dataset/images/train/ID_dW2xhB.jpg,1,amini-cocoa-contamination-dataset,CC BY 4.0,train
ID_EiLQ6U.jpeg,healthy,dataset/images/train/ID_EiLQ6U.jpeg,5,amini-cocoa-contamination-dataset,CC BY 4.0,train
ID_M9wgl1.jpeg,cssvd,dataset/images/train/ID_M9wgl1.jpeg,1,amini-cocoa-contamination-dataset,CC BY 4.0,train
ID_BS8889.jpg,cssvd,dataset/images/train/ID_BS8889.jpg,1,amini-cocoa-contamination-dataset,CC BY 4.0,train
ID_AjOgpi.jpg,healthy,dataset/images/train/ID_AjOgpi.jpg,2,amini-cocoa-contamination-dataset,CC BY 4.0,train
ID_odtIhP.jpeg,anthracnose,dataset/images/train/ID_odtIhP.jpeg,1,amini-cocoa-contamination-dataset,CC BY 4.0,train
ID_uoVBXD.jpg,cssvd,dataset/images/train/ID_uoVBXD.jpg,1,amini-cocoa-contamination-dataset,CC BY 4.0,train
ID_kEEXLY.JPG,healthy,dataset/images/train/ID_kEEXLY.JPG,1,amini-cocoa-contamination-dataset,CC BY 4.0,train
ID_uN8wSZ.jpeg,anthracnose,dataset/images/train/ID_uN8wSZ.jpeg,1,amini-cocoa-contamination-dataset,CC BY 4.0,train
ID_E9hEVO.jpeg,anthracnose,dataset/images/train/ID_E9hEVO.jpeg,1,amini-cocoa-contamination-dataset,CC BY 4.0,train
ID_VBDxp4.jpeg,healthy,dataset/images/train/ID_VBDxp4.jpeg,3,amini-cocoa-contamination-dataset,CC BY 4.0,train
ID_H9ERLS.jpg,anthracnose,dataset/images/train/ID_H9ERLS.jpg,1,amini-cocoa-contamination-dataset,CC BY 4.0,train
ID_ANhQDr.jpg,anthracnose,dataset/images/train/ID_ANhQDr.jpg,1,amini-cocoa-contamination-dataset,CC BY 4.0,train
ID_cCrovb.jpg,healthy,dataset/images/train/ID_cCrovb.jpg,4,amini-cocoa-contamination-dataset,CC BY 4.0,train
ID_GC6EZV.jpg,cssvd,dataset/images/train/ID_GC6EZV.jpg,1,amini-cocoa-contamination-dataset,CC BY 4.0,train
ID_nWoPPK.jpg,cssvd,dataset/images/train/ID_nWoPPK.jpg,1,amini-cocoa-contamination-dataset,CC BY 4.0,train
ID_hdwAPs.jpg,anthracnose,dataset/images/train/ID_hdwAPs.jpg,3,amini-cocoa-contamination-dataset,CC BY 4.0,train
ID_QO887h.jpg,cssvd,dataset/images/train/ID_QO887h.jpg,2,amini-cocoa-contamination-dataset,CC BY 4.0,train
ID_d4z2SH.jpg,anthracnose,dataset/images/train/ID_d4z2SH.jpg,2,amini-cocoa-contamination-dataset,CC BY 4.0,train
ID_EMyTir.jpeg,cssvd,dataset/images/train/ID_EMyTir.jpeg,1,amini-cocoa-contamination-dataset,CC BY 4.0,train
ID_gnCQWL.jpeg,anthracnose,dataset/images/train/ID_gnCQWL.jpeg,1,amini-cocoa-contamination-dataset,CC BY 4.0,train
ID_R8cIaK.jpeg,healthy,dataset/images/train/ID_R8cIaK.jpeg,3,amini-cocoa-contamination-dataset,CC BY 4.0,train
ID_F38EPI.jpg,cssvd,dataset/images/train/ID_F38EPI.jpg,1,amini-cocoa-contamination-dataset,CC BY 4.0,train
ID_UDf8Or.jpg,cssvd,dataset/images/train/ID_UDf8Or.jpg,1,amini-cocoa-contamination-dataset,CC BY 4.0,train
ID_onUkgl.jpg,cssvd,dataset/images/train/ID_onUkgl.jpg,1,amini-cocoa-contamination-dataset,CC BY 4.0,train
ID_Olcex7.jpeg,healthy,dataset/images/train/ID_Olcex7.jpeg,3,amini-cocoa-contamination-dataset,CC BY 4.0,train
ID_eU5oNA.jpg,cssvd,dataset/images/train/ID_eU5oNA.jpg,2,amini-cocoa-contamination-dataset,CC BY 4.0,train
ID_wxnk3f.jpeg,healthy,dataset/images/train/ID_wxnk3f.jpeg,1,amini-cocoa-contamination-dataset,CC BY 4.0,train
ID_p4oO4x.jpeg,healthy,dataset/images/train/ID_p4oO4x.jpeg,1,amini-cocoa-contamination-dataset,CC BY 4.0,train
ID_UHDrKh.jpg,anthracnose,dataset/images/train/ID_UHDrKh.jpg,1,amini-cocoa-contamination-dataset,CC BY 4.0,train
ID_lLt8pn.jpeg,cssvd,dataset/images/train/ID_lLt8pn.jpeg,3,amini-cocoa-contamination-dataset,CC BY 4.0,train
ID_afx7Rn.jpg,anthracnose,dataset/images/train/ID_afx7Rn.jpg,1,amini-cocoa-contamination-dataset,CC BY 4.0,train
ID_xdAN6V.jpg,cssvd,dataset/images/train/ID_xdAN6V.jpg,2,amini-cocoa-contamination-dataset,CC BY 4.0,train
ID_ymMXcD.jpeg,healthy,dataset/images/train/ID_ymMXcD.jpeg,2,amini-cocoa-contamination-dataset,CC BY 4.0,train
ID_uGliCk.jpg,healthy,dataset/images/train/ID_uGliCk.jpg,3,amini-cocoa-contamination-dataset,CC BY 4.0,train
ID_ggOneh.jpg,cssvd,dataset/images/train/ID_ggOneh.jpg,2,amini-cocoa-contamination-dataset,CC BY 4.0,train
ID_TAlnv1.jpg,cssvd,dataset/images/train/ID_TAlnv1.jpg,1,amini-cocoa-contamination-dataset,CC BY 4.0,train
ID_Y3inrX.jpg,cssvd,dataset/images/train/ID_Y3inrX.jpg,3,amini-cocoa-contamination-dataset,CC BY 4.0,train
ID_QHexbQ.JPG,healthy,dataset/images/train/ID_QHexbQ.JPG,6,amini-cocoa-contamination-dataset,CC BY 4.0,train
ID_M2Maob.jpeg,cssvd,dataset/images/train/ID_M2Maob.jpeg,4,amini-cocoa-contamination-dataset,CC BY 4.0,train
ID_Tma0ij.jpg,cssvd,dataset/images/train/ID_Tma0ij.jpg,1,amini-cocoa-contamination-dataset,CC BY 4.0,train
ID_CzJtvy.jpg,healthy,dataset/images/train/ID_CzJtvy.jpg,2,amini-cocoa-contamination-dataset,CC BY 4.0,train
ID_z5IlU0.jpeg,healthy,dataset/images/train/ID_z5IlU0.jpeg,2,amini-cocoa-contamination-dataset,CC BY 4.0,train
ID_YqK4kd.jpg,healthy,dataset/images/train/ID_YqK4kd.jpg,3,amini-cocoa-contamination-dataset,CC BY 4.0,train
ID_k0McRl.jpeg,cssvd,dataset/images/train/ID_k0McRl.jpeg,1,amini-cocoa-contamination-dataset,CC BY 4.0,train
ID_mXwq7p.jpg,healthy,dataset/images/train/ID_mXwq7p.jpg,2,amini-cocoa-contamination-dataset,CC BY 4.0,train
ID_ZIy9ik.JPG,healthy,dataset/images/train/ID_ZIy9ik.JPG,6,amini-cocoa-contamination-dataset,CC BY 4.0,train
ID_kYxBfU.jpg,healthy,dataset/images/train/ID_kYxBfU.jpg,1,amini-cocoa-contamination-dataset,CC BY 4.0,train
ID_uJkJFg.JPG,anthracnose,dataset/images/train/ID_uJkJFg.JPG,2,amini-cocoa-contamination-dataset,CC BY 4.0,train
ID_Z4vYI9.jpg,anthracnose,dataset/images/train/ID_Z4vYI9.jpg,1,amini-cocoa-contamination-dataset,CC BY 4.0,train
ID_N6uNo7.jpg,healthy,dataset/images/train/ID_N6uNo7.jpg,3,amini-cocoa-contamination-dataset,CC BY 4.0,train
ID_uXxIaw.jpg,anthracnose,dataset/images/train/ID_uXxIaw.jpg,1,amini-cocoa-contamination-dataset,CC BY 4.0,train
ID_etsd7w.jpg,healthy,dataset/images/train/ID_etsd7w.jpg,7,amini-cocoa-contamination-dataset,CC BY 4.0,train
ID_pFJQc9.jpg,cssvd,dataset/images/train/ID_pFJQc9.jpg,1,amini-cocoa-contamination-dataset,CC BY 4.0,train
ID_K8HP1X.jpg,cssvd,dataset/images/train/ID_K8HP1X.jpg,1,amini-cocoa-contamination-dataset,CC BY 4.0,train
ID_zsFuBb.jpg,healthy,dataset/images/train/ID_zsFuBb.jpg,2,amini-cocoa-contamination-dataset,CC BY 4.0,train
ID_FHDhzz.jpg,cssvd,dataset/images/train/ID_FHDhzz.jpg,2,amini-cocoa-contamination-dataset,CC BY 4.0,train
ID_fU7zYj.jpeg,anthracnose,dataset/images/train/ID_fU7zYj.jpeg,2,amini-cocoa-contamination-dataset,CC BY 4.0,train
ID_lwHf75.jpeg,cssvd,dataset/images/train/ID_lwHf75.jpeg,2,amini-cocoa-contamination-dataset,CC BY 4.0,train
ID_YAdFuI.jpeg,healthy,dataset/images/train/ID_YAdFuI.jpeg,1,amini-cocoa-contamination-dataset,CC BY 4.0,train
ID_QLHOIc.jpg,cssvd,dataset/images/train/ID_QLHOIc.jpg,1,amini-cocoa-contamination-dataset,CC BY 4.0,train
ID_Ekv143.jpg,cssvd,dataset/images/train/ID_Ekv143.jpg,1,amini-cocoa-contamination-dataset,CC BY 4.0,train
ID_qL2Qxz.jpg,healthy,dataset/images/train/ID_qL2Qxz.jpg,2,amini-cocoa-contamination-dataset,CC BY 4.0,train
ID_Jhes8L.jpg,healthy,dataset/images/train/ID_Jhes8L.jpg,2,amini-cocoa-contamination-dataset,CC BY 4.0,train
ID_ee2uNL.jpg,healthy,dataset/images/train/ID_ee2uNL.jpg,3,amini-cocoa-contamination-dataset,CC BY 4.0,train
ID_fitYn6.jpg,cssvd,dataset/images/train/ID_fitYn6.jpg,1,amini-cocoa-contamination-dataset,CC BY 4.0,train
ID_iQqECO.jpeg,cssvd,dataset/images/train/ID_iQqECO.jpeg,1,amini-cocoa-contamination-dataset,CC BY 4.0,train
ID_ydq4kR.jpg,cssvd,dataset/images/train/ID_ydq4kR.jpg,1,amini-cocoa-contamination-dataset,CC BY 4.0,train
ID_lyAE1B.jpg,anthracnose,dataset/images/train/ID_lyAE1B.jpg,1,amini-cocoa-contamination-dataset,CC BY 4.0,train
ID_ANjSRA.jpg,healthy,dataset/images/train/ID_ANjSRA.jpg,1,amini-cocoa-contamination-dataset,CC BY 4.0,train
ID_IoJVUQ.jpeg,anthracnose,dataset/images/train/ID_IoJVUQ.jpeg,1,amini-cocoa-contamination-dataset,CC BY 4.0,train
ID_KrD86q.jpeg,cssvd,dataset/images/train/ID_KrD86q.jpeg,3,amini-cocoa-contamination-dataset,CC BY 4.0,train
ID_gBGW3x.jpg,healthy,dataset/images/train/ID_gBGW3x.jpg,3,amini-cocoa-contamination-dataset,CC BY 4.0,train
ID_OE83eN.jpeg,anthracnose,dataset/images/train/ID_OE83eN.jpeg,1,amini-cocoa-contamination-dataset,CC BY 4.0,train
ID_mKxmKN.jpg,healthy,dataset/images/train/ID_mKxmKN.jpg,3,amini-cocoa-contamination-dataset,CC BY 4.0,train
ID_DZJPAM.jpg,cssvd,dataset/images/train/ID_DZJPAM.jpg,3,amini-cocoa-contamination-dataset,CC BY 4.0,train
ID_gyADNM.jpeg,cssvd,dataset/images/train/ID_gyADNM.jpeg,2,amini-cocoa-contamination-dataset,CC BY 4.0,train
ID_KZwJAM.jpeg,healthy,dataset/images/train/ID_KZwJAM.jpeg,1,amini-cocoa-contamination-dataset,CC BY 4.0,train
ID_mnxdKs.jpeg,anthracnose,dataset/images/train/ID_mnxdKs.jpeg,1,amini-cocoa-contamination-dataset,CC BY 4.0,train
ID_Ax6KD6.JPG,healthy,dataset/images/train/ID_Ax6KD6.JPG,5,amini-cocoa-contamination-dataset,CC BY 4.0,train
ID_j7JXUk.jpeg,cssvd,dataset/images/train/ID_j7JXUk.jpeg,1,amini-cocoa-contamination-dataset,CC BY 4.0,train
ID_VEBypp.jpg,anthracnose,dataset/images/train/ID_VEBypp.jpg,1,amini-cocoa-contamination-dataset,CC BY 4.0,train
ID_DmyAIW.jpg,cssvd,dataset/images/train/ID_DmyAIW.jpg,3,amini-cocoa-contamination-dataset,CC BY 4.0,train
ID_TfgjQJ.jpg,healthy,dataset/images/train/ID_TfgjQJ.jpg,1,amini-cocoa-contamination-dataset,CC BY 4.0,train
ID_v2gtxX.jpg,anthracnose,dataset/images/train/ID_v2gtxX.jpg,2,amini-cocoa-contamination-dataset,CC BY 4.0,train
ID_SttpR2.jpeg,healthy,dataset/images/train/ID_SttpR2.jpeg,2,amini-cocoa-contamination-dataset,CC BY 4.0,train
ID_k7E9yz.jpeg,anthracnose,dataset/images/train/ID_k7E9yz.jpeg,1,amini-cocoa-contamination-dataset,CC BY 4.0,train
ID_hOWY3t.jpg,cssvd,dataset/images/train/ID_hOWY3t.jpg,1,amini-cocoa-contamination-dataset,CC BY 4.0,train
ID_C2P1jk.jpg,cssvd,dataset/images/train/ID_C2P1jk.jpg,1,amini-cocoa-contamination-dataset,CC BY 4.0,train
ID_VS7u8P.jpeg,anthracnose,dataset/images/train/ID_VS7u8P.jpeg,1,amini-cocoa-contamination-dataset,CC BY 4.0,train
ID_JRQa0e.jpeg,cssvd,dataset/images/train/ID_JRQa0e.jpeg,1,amini-cocoa-contamination-dataset,CC BY 4.0,train
ID_yEv7EX.jpg,cssvd,dataset/images/train/ID_yEv7EX.jpg,3,amini-cocoa-contamination-dataset,CC BY 4.0,train
ID_dR9iya.jpg,healthy,dataset/images/train/ID_dR9iya.jpg,5,amini-cocoa-contamination-dataset,CC BY 4.0,train
ID_BzGhLj.jpg,cssvd,dataset/images/train/ID_BzGhLj.jpg,1,amini-cocoa-contamination-dataset,CC BY 4.0,train
ID_V60SD9.jpg,cssvd,dataset/images/train/ID_V60SD9.jpg,1,amini-cocoa-contamination-dataset,CC BY 4.0,train
ID_YGQhwO.jpeg,anthracnose,dataset/images/train/ID_YGQhwO.jpeg,1,amini-cocoa-contamination-dataset,CC BY 4.0,train
ID_cDnRah.jpeg,anthracnose,dataset/images/train/ID_cDnRah.jpeg,1,amini-cocoa-contamination-dataset,CC BY 4.0,train
ID_GUq8MN.jpg,cssvd,dataset/images/train/ID_GUq8MN.jpg,2,amini-cocoa-contamination-dataset,CC BY 4.0,train
ID_VQM7m3.jpg,anthracnose,dataset/images/train/ID_VQM7m3.jpg,2,amini-cocoa-contamination-dataset,CC BY 4.0,train
ID_vCu3JJ.jpg,cssvd,dataset/images/train/ID_vCu3JJ.jpg,1,amini-cocoa-contamination-dataset,CC BY 4.0,train
ID_es1bbl.jpg,anthracnose,dataset/images/train/ID_es1bbl.jpg,2,amini-cocoa-contamination-dataset,CC BY 4.0,train
ID_eCsQvh.jpg,cssvd,dataset/images/train/ID_eCsQvh.jpg,1,amini-cocoa-contamination-dataset,CC BY 4.0,train
ID_Wa1IXp.jpg,anthracnose,dataset/images/train/ID_Wa1IXp.jpg,2,amini-cocoa-contamination-dataset,CC BY 4.0,train
ID_mEb7ED.jpg,anthracnose,dataset/images/train/ID_mEb7ED.jpg,1,amini-cocoa-contamination-dataset,CC BY 4.0,train
ID_qOVy63.jpg,cssvd,dataset/images/train/ID_qOVy63.jpg,1,amini-cocoa-contamination-dataset,CC BY 4.0,train
ID_nXX2vx.jpg,anthracnose,dataset/images/train/ID_nXX2vx.jpg,1,amini-cocoa-contamination-dataset,CC BY 4.0,train
ID_FSBAv0.jpg,cssvd,dataset/images/train/ID_FSBAv0.jpg,1,amini-cocoa-contamination-dataset,CC BY 4.0,train
ID_qjhrcu.jpeg,healthy,dataset/images/train/ID_qjhrcu.jpeg,1,amini-cocoa-contamination-dataset,CC BY 4.0,train
ID_faUGsw.jpg,healthy,dataset/images/train/ID_faUGsw.jpg,4,amini-cocoa-contamination-dataset,CC BY 4.0,train
ID_K8jHgL.jpeg,anthracnose,dataset/images/train/ID_K8jHgL.jpeg,2,amini-cocoa-contamination-dataset,CC BY 4.0,train
ID_pLl5TA.jpeg,cssvd,dataset/images/train/ID_pLl5TA.jpeg,3,amini-cocoa-contamination-dataset,CC BY 4.0,train
ID_AtRxIU.jpg,cssvd,dataset/images/train/ID_AtRxIU.jpg,1,amini-cocoa-contamination-dataset,CC BY 4.0,train
ID_asxprm.jpg,anthracnose,dataset/images/train/ID_asxprm.jpg,3,amini-cocoa-contamination-dataset,CC BY 4.0,train
ID_aHFDK5.jpg,anthracnose,dataset/images/train/ID_aHFDK5.jpg,3,amini-cocoa-contamination-dataset,CC BY 4.0,train
ID_X6KnyW.jpg,cssvd,dataset/images/train/ID_X6KnyW.jpg,1,amini-cocoa-contamination-dataset,CC BY 4.0,train
ID_Wuy3HT.jpg,healthy,dataset/images/train/ID_Wuy3HT.jpg,1,amini-cocoa-contamination-dataset,CC BY 4.0,train
ID_UHZrX6.jpeg,healthy,dataset/images/train/ID_UHZrX6.jpeg,2,amini-cocoa-contamination-dataset,CC BY 4.0,train
ID_cUbCsi.jpg,anthracnose,dataset/images/train/ID_cUbCsi.jpg,1,amini-cocoa-contamination-dataset,CC BY 4.0,train
ID_KWKfVZ.jpg,cssvd,dataset/images/train/ID_KWKfVZ.jpg,1,amini-cocoa-contamination-dataset,CC BY 4.0,train
ID_Dt2rBg.jpg,healthy,dataset/images/train/ID_Dt2rBg.jpg,9,amini-cocoa-contamination-dataset,CC BY 4.0,train
ID_uRgHgG.jpg,cssvd,dataset/images/train/ID_uRgHgG.jpg,1,amini-cocoa-contamination-dataset,CC BY 4.0,train
ID_pehlJL.jpg,cssvd,dataset/images/train/ID_pehlJL.jpg,2,amini-cocoa-contamination-dataset,CC BY 4.0,train
ID_uRQrtd.jpeg,cssvd,dataset/images/train/ID_uRQrtd.jpeg,1,amini-cocoa-contamination-dataset,CC BY 4.0,train
ID_Kj43ue.jpg,cssvd,dataset/images/train/ID_Kj43ue.jpg,1,amini-cocoa-contamination-dataset,CC BY 4.0,train
ID_InTxNf.jpg,anthracnose,dataset/images/train/ID_InTxNf.jpg,1,amini-cocoa-contamination-dataset,CC BY 4.0,train
ID_CjWBVm.jpg,healthy,dataset/images/train/ID_CjWBVm.jpg,1,amini-cocoa-contamination-dataset,CC BY 4.0,train
ID_RTyOjD.jpg,anthracnose,dataset/images/train/ID_RTyOjD.jpg,1,amini-cocoa-contamination-dataset,CC BY 4.0,train
ID_BOxTJS.jpeg,anthracnose,dataset/images/train/ID_BOxTJS.jpeg,1,amini-cocoa-contamination-dataset,CC BY 4.0,train
ID_hoPuwB.jpg,cssvd,dataset/images/train/ID_hoPuwB.jpg,1,amini-cocoa-contamination-dataset,CC BY 4.0,train
ID_KbaWjL.jpeg,anthracnose,dataset/images/train/ID_KbaWjL.jpeg,1,amini-cocoa-contamination-dataset,CC BY 4.0,train
ID_ve4GSh.jpg,healthy,dataset/images/train/ID_ve4GSh.jpg,2,amini-cocoa-contamination-dataset,CC BY 4.0,train
ID_EperqJ.jpg,anthracnose,dataset/images/train/ID_EperqJ.jpg,1,amini-cocoa-contamination-dataset,CC BY 4.0,train
ID_HEYEQG.jpg,cssvd,dataset/images/train/ID_HEYEQG.jpg,1,amini-cocoa-contamination-dataset,CC BY 4.0,train
ID_rIJxlI.jpeg,cssvd,dataset/images/train/ID_rIJxlI.jpeg,2,amini-cocoa-contamination-dataset,CC BY 4.0,train
ID_mIfgPr.jpeg,anthracnose,dataset/images/train/ID_mIfgPr.jpeg,2,amini-cocoa-contamination-dataset,CC BY 4.0,train
ID_kx9mIl.jpg,cssvd,dataset/images/train/ID_kx9mIl.jpg,1,amini-cocoa-contamination-dataset,CC BY 4.0,train
ID_mb0Ddl.jpg,cssvd,dataset/images/train/ID_mb0Ddl.jpg,2,amini-cocoa-contamination-dataset,CC BY 4.0,train
ID_o7cAzC.jpeg,cssvd,dataset/images/train/ID_o7cAzC.jpeg,2,amini-cocoa-contamination-dataset,CC BY 4.0,train
ID_NzbfEH.jpg,anthracnose,dataset/images/train/ID_NzbfEH.jpg,1,amini-cocoa-contamination-dataset,CC BY 4.0,train
ID_bnHmIh.jpg,cssvd,dataset/images/train/ID_bnHmIh.jpg,1,amini-cocoa-contamination-dataset,CC BY 4.0,train
ID_fAlseN.jpg,cssvd,dataset/images/train/ID_fAlseN.jpg,1,amini-cocoa-contamination-dataset,CC BY 4.0,train
ID_JRjOWi.jpeg,anthracnose,dataset/images/train/ID_JRjOWi.jpeg,1,amini-cocoa-contamination-dataset,CC BY 4.0,train
ID_OuG7Zm.jpeg,cssvd,dataset/images/train/ID_OuG7Zm.jpeg,1,amini-cocoa-contamination-dataset,CC BY 4.0,train
ID_LWLvkQ.jpg,cssvd,dataset/images/train/ID_LWLvkQ.jpg,1,amini-cocoa-contamination-dataset,CC BY 4.0,train
ID_kyQg6b.jpg,anthracnose,dataset/images/train/ID_kyQg6b.jpg,1,amini-cocoa-contamination-dataset,CC BY 4.0,train
ID_lYFP9H.jpg,anthracnose,dataset/images/train/ID_lYFP9H.jpg,2,amini-cocoa-contamination-dataset,CC BY 4.0,train
ID_R8QJML.jpg,cssvd,dataset/images/train/ID_R8QJML.jpg,1,amini-cocoa-contamination-dataset,CC BY 4.0,train
ID_gnxl4g.jpg,cssvd,dataset/images/train/ID_gnxl4g.jpg,2,amini-cocoa-contamination-dataset,CC BY 4.0,train
ID_cLg0zR.jpg,healthy,dataset/images/train/ID_cLg0zR.jpg,1,amini-cocoa-contamination-dataset,CC BY 4.0,train
ID_xL4khd.jpg,anthracnose,dataset/images/train/ID_xL4khd.jpg,1,amini-cocoa-contamination-dataset,CC BY 4.0,train
ID_uJqWOx.jpg,cssvd,dataset/images/train/ID_uJqWOx.jpg,1,amini-cocoa-contamination-dataset,CC BY 4.0,train
ID_krz5Kc.jpeg,healthy,dataset/images/train/ID_krz5Kc.jpeg,2,amini-cocoa-contamination-dataset,CC BY 4.0,train
ID_AWKx5p.jpg,anthracnose,dataset/images/train/ID_AWKx5p.jpg,2,amini-cocoa-contamination-dataset,CC BY 4.0,train
ID_tUUnr6.jpeg,anthracnose,dataset/images/train/ID_tUUnr6.jpeg,1,amini-cocoa-contamination-dataset,CC BY 4.0,train
ID_PpIKAl.jpg,anthracnose,dataset/images/train/ID_PpIKAl.jpg,1,amini-cocoa-contamination-dataset,CC BY 4.0,train
ID_sjzAKv.jpeg,healthy,dataset/images/train/ID_sjzAKv.jpeg,2,amini-cocoa-contamination-dataset,CC BY 4.0,train
ID_G0nlrf.jpg,healthy,dataset/images/train/ID_G0nlrf.jpg,2,amini-cocoa-contamination-dataset,CC BY 4.0,train
ID_OkkNua.jpeg,cssvd,dataset/images/train/ID_OkkNua.jpeg,2,amini-cocoa-contamination-dataset,CC BY 4.0,train
ID_jRfbnd.jpg,anthracnose,dataset/images/train/ID_jRfbnd.jpg,2,amini-cocoa-contamination-dataset,CC BY 4.0,train
ID_e4f53H.jpg,cssvd,dataset/images/train/ID_e4f53H.jpg,1,amini-cocoa-contamination-dataset,CC BY 4.0,train
ID_tSDUGb.jpg,cssvd,dataset/images/train/ID_tSDUGb.jpg,1,amini-cocoa-contamination-dataset,CC BY 4.0,train
ID_WA6k4V.jpg,healthy,dataset/images/train/ID_WA6k4V.jpg,4,amini-cocoa-contamination-dataset,CC BY 4.0,train
ID_zLz0Aq.jpeg,anthracnose,dataset/images/train/ID_zLz0Aq.jpeg,1,amini-cocoa-contamination-dataset,CC BY 4.0,train
ID_tx3027.jpg,anthracnose,dataset/images/train/ID_tx3027.jpg,1,amini-cocoa-contamination-dataset,CC BY 4.0,train
ID_T5GbE2.jpeg,anthracnose,dataset/images/train/ID_T5GbE2.jpeg,1,amini-cocoa-contamination-dataset,CC BY 4.0,train
ID_hfCNZd.JPG,healthy,dataset/images/train/ID_hfCNZd.JPG,2,amini-cocoa-contamination-dataset,CC BY 4.0,train
ID_bv9Nvh.jpg,anthracnose,dataset/images/train/ID_bv9Nvh.jpg,1,amini-cocoa-contamination-dataset,CC BY 4.0,train
ID_VACGlw.jpg,healthy,dataset/images/train/ID_VACGlw.jpg,4,amini-cocoa-contamination-dataset,CC BY 4.0,train
ID_Hd2bAv.jpg,anthracnose,dataset/images/train/ID_Hd2bAv.jpg,1,amini-cocoa-contamination-dataset,CC BY 4.0,train
ID_I5Ct4W.jpg,healthy,dataset/images/train/ID_I5Ct4W.jpg,3,amini-cocoa-contamination-dataset,CC BY 4.0,train
ID_bLSKDf.jpg,cssvd,dataset/images/train/ID_bLSKDf.jpg,1,amini-cocoa-contamination-dataset,CC BY 4.0,train
ID_jczDq9.jpg,cssvd,dataset/images/train/ID_jczDq9.jpg,1,amini-cocoa-contamination-dataset,CC BY 4.0,train
ID_fijZ4D.jpg,cssvd,dataset/images/train/ID_fijZ4D.jpg,1,amini-cocoa-contamination-dataset,CC BY 4.0,train
ID_ULx8cJ.jpg,anthracnose,dataset/images/train/ID_ULx8cJ.jpg,1,amini-cocoa-contamination-dataset,CC BY 4.0,train
ID_szufKb.jpg,healthy,dataset/images/train/ID_szufKb.jpg,1,amini-cocoa-contamination-dataset,CC BY 4.0,train
ID_UO9Vk6.JPG,healthy,dataset/images/train/ID_UO9Vk6.JPG,6,amini-cocoa-contamination-dataset,CC BY 4.0,train
ID_w7xRLr.jpg,anthracnose,dataset/images/train/ID_w7xRLr.jpg,1,amini-cocoa-contamination-dataset,CC BY 4.0,train
ID_B8gqMH.jpg,cssvd,dataset/images/train/ID_B8gqMH.jpg,1,amini-cocoa-contamination-dataset,CC BY 4.0,train
ID_jvljo9.jpg,healthy,dataset/images/train/ID_jvljo9.jpg,6,amini-cocoa-contamination-dataset,CC BY 4.0,train
ID_d4Oad4.jpg,cssvd,dataset/images/train/ID_d4Oad4.jpg,1,amini-cocoa-contamination-dataset,CC BY 4.0,train
ID_X8VMZq.jpg,anthracnose,dataset/images/train/ID_X8VMZq.jpg,1,amini-cocoa-contamination-dataset,CC BY 4.0,train
ID_BULwEf.jpg,anthracnose,dataset/images/train/ID_BULwEf.jpg,1,amini-cocoa-contamination-dataset,CC BY 4.0,train
ID_vHzMKg.jpeg,healthy,dataset/images/train/ID_vHzMKg.jpeg,1,amini-cocoa-contamination-dataset,CC BY 4.0,train
ID_LL6Nhk.jpeg,anthracnose,dataset/images/train/ID_LL6Nhk.jpeg,1,amini-cocoa-contamination-dataset,CC BY 4.0,train
ID_nj7GZM.jpg,cssvd,dataset/images/train/ID_nj7GZM.jpg,3,amini-cocoa-contamination-dataset,CC BY 4.0,train
ID_MhzVhP.jpg,cssvd,dataset/images/train/ID_MhzVhP.jpg,4,amini-cocoa-contamination-dataset,CC BY 4.0,train
ID_SuN3N8.jpg,cssvd,dataset/images/train/ID_SuN3N8.jpg,1,amini-cocoa-contamination-dataset,CC BY 4.0,train
ID_IGIR4B.jpeg,anthracnose,dataset/images/train/ID_IGIR4B.jpeg,1,amini-cocoa-contamination-dataset,CC BY 4.0,train
ID_nlC8M1.jpg,cssvd,dataset/images/train/ID_nlC8M1.jpg,1,amini-cocoa-contamination-dataset,CC BY 4.0,train
ID_ldb0jU.jpeg,cssvd,dataset/images/train/ID_ldb0jU.jpeg,1,amini-cocoa-contamination-dataset,CC BY 4.0,train
ID_wO1hfB.jpg,healthy,dataset/images/train/ID_wO1hfB.jpg,3,amini-cocoa-contamination-dataset,CC BY 4.0,train
ID_Apww3J.jpg,cssvd,dataset/images/train/ID_Apww3J.jpg,1,amini-cocoa-contamination-dataset,CC BY 4.0,train
ID_NCVLR0.jpg,healthy,dataset/images/train/ID_NCVLR0.jpg,1,amini-cocoa-contamination-dataset,CC BY 4.0,train
ID_nD1yeq.jpg,healthy,dataset/images/train/ID_nD1yeq.jpg,2,amini-cocoa-contamination-dataset,CC BY 4.0,train
ID_q48Kxp.jpg,healthy,dataset/images/train/ID_q48Kxp.jpg,1,amini-cocoa-contamination-dataset,CC BY 4.0,train
ID_KOZjj9.jpg,healthy,dataset/images/train/ID_KOZjj9.jpg,2,amini-cocoa-contamination-dataset,CC BY 4.0,train
ID_ySxnjN.jpg,anthracnose,dataset/images/train/ID_ySxnjN.jpg,2,amini-cocoa-contamination-dataset,CC BY 4.0,train
ID_zvZJag.jpeg,healthy,dataset/images/train/ID_zvZJag.jpeg,5,amini-cocoa-contamination-dataset,CC BY 4.0,train
ID_kXZFQB.jpg,cssvd,dataset/images/train/ID_kXZFQB.jpg,1,amini-cocoa-contamination-dataset,CC BY 4.0,train
ID_Ufk6mn.JPG,healthy,dataset/images/train/ID_Ufk6mn.JPG,1,amini-cocoa-contamination-dataset,CC BY 4.0,train
ID_KiSmd9.jpg,cssvd,dataset/images/train/ID_KiSmd9.jpg,1,amini-cocoa-contamination-dataset,CC BY 4.0,train
ID_mYNJFm.jpg,cssvd,dataset/images/train/ID_mYNJFm.jpg,1,amini-cocoa-contamination-dataset,CC BY 4.0,train
ID_RUdIPh.jpg,cssvd,dataset/images/train/ID_RUdIPh.jpg,1,amini-cocoa-contamination-dataset,CC BY 4.0,train
ID_QZyOk7.jpg,anthracnose,dataset/images/train/ID_QZyOk7.jpg,2,amini-cocoa-contamination-dataset,CC BY 4.0,train
ID_rakoSu.jpg,anthracnose,dataset/images/train/ID_rakoSu.jpg,1,amini-cocoa-contamination-dataset,CC BY 4.0,train
ID_srDu6d.jpg,cssvd,dataset/images/train/ID_srDu6d.jpg,1,amini-cocoa-contamination-dataset,CC BY 4.0,train
ID_YTrSMb.jpg,cssvd,dataset/images/train/ID_YTrSMb.jpg,1,amini-cocoa-contamination-dataset,CC BY 4.0,train
ID_nGRiCW.jpg,anthracnose,dataset/images/train/ID_nGRiCW.jpg,1,amini-cocoa-contamination-dataset,CC BY 4.0,train
ID_V68SRm.jpeg,anthracnose,dataset/images/train/ID_V68SRm.jpeg,1,amini-cocoa-contamination-dataset,CC BY 4.0,train
ID_YJGob7.jpg,anthracnose,dataset/images/train/ID_YJGob7.jpg,1,amini-cocoa-contamination-dataset,CC BY 4.0,train
ID_vBvvG8.jpeg,healthy,dataset/images/train/ID_vBvvG8.jpeg,2,amini-cocoa-contamination-dataset,CC BY 4.0,train
ID_uNG7gV.jpg,cssvd,dataset/images/train/ID_uNG7gV.jpg,1,amini-cocoa-contamination-dataset,CC BY 4.0,train
ID_xyHoNZ.jpg,cssvd,dataset/images/train/ID_xyHoNZ.jpg,1,amini-cocoa-contamination-dataset,CC BY 4.0,train
ID_ws1Yko.jpeg,healthy,dataset/images/train/ID_ws1Yko.jpeg,2,amini-cocoa-contamination-dataset,CC BY 4.0,train
ID_BNYIFN.jpeg,cssvd,dataset/images/train/ID_BNYIFN.jpeg,1,amini-cocoa-contamination-dataset,CC BY 4.0,train
ID_dgvACW.jpg,cssvd,dataset/images/train/ID_dgvACW.jpg,1,amini-cocoa-contamination-dataset,CC BY 4.0,train
ID_wobPbm.jpeg,cssvd,dataset/images/train/ID_wobPbm.jpeg,2,amini-cocoa-contamination-dataset,CC BY 4.0,train
ID_HkNM97.jpeg,healthy,dataset/images/train/ID_HkNM97.jpeg,3,amini-cocoa-contamination-dataset,CC BY 4.0,train
ID_nJddVY.jpeg,healthy,dataset/images/train/ID_nJddVY.jpeg,2,amini-cocoa-contamination-dataset,CC BY 4.0,train
ID_PiBgoz.jpg,healthy,dataset/images/train/ID_PiBgoz.jpg,2,amini-cocoa-contamination-dataset,CC BY 4.0,train
ID_whG2Ud.jpg,cssvd,dataset/images/train/ID_whG2Ud.jpg,1,amini-cocoa-contamination-dataset,CC BY 4.0,train
ID_ctKtRg.jpg,healthy,dataset/images/train/ID_ctKtRg.jpg,2,amini-cocoa-contamination-dataset,CC BY 4.0,train
ID_COY1qQ.jpg,healthy,dataset/images/train/ID_COY1qQ.jpg,1,amini-cocoa-contamination-dataset,CC BY 4.0,train
ID_iRtX7a.jpg,cssvd,dataset/images/train/ID_iRtX7a.jpg,1,amini-cocoa-contamination-dataset,CC BY 4.0,train
ID_SJxOii.jpeg,cssvd,dataset/images/train/ID_SJxOii.jpeg,1,amini-cocoa-contamination-dataset,CC BY 4.0,train
ID_I4AIWo.jpg,anthracnose,dataset/images/train/ID_I4AIWo.jpg,6,amini-cocoa-contamination-dataset,CC BY 4.0,train
ID_q1hAnW.jpg,anthracnose,dataset/images/train/ID_q1hAnW.jpg,1,amini-cocoa-contamination-dataset,CC BY 4.0,train
ID_S9kbCJ.JPG,cssvd,dataset/images/train/ID_S9kbCJ.JPG,1,amini-cocoa-contamination-dataset,CC BY 4.0,train
ID_sYJJQ4.jpeg,healthy,dataset/images/train/ID_sYJJQ4.jpeg,4,amini-cocoa-contamination-dataset,CC BY 4.0,train
ID_ljU1NN.jpg,cssvd,dataset/images/train/ID_ljU1NN.jpg,1,amini-cocoa-contamination-dataset,CC BY 4.0,train
ID_x72JXs.jpg,anthracnose,dataset/images/train/ID_x72JXs.jpg,2,amini-cocoa-contamination-dataset,CC BY 4.0,train
ID_yRUowb.jpg,cssvd,dataset/images/train/ID_yRUowb.jpg,1,amini-cocoa-contamination-dataset,CC BY 4.0,train
ID_zISXvq.JPG,healthy,dataset/images/train/ID_zISXvq.JPG,6,amini-cocoa-contamination-dataset,CC BY 4.0,train
ID_sSo7xk.jpg,anthracnose,dataset/images/train/ID_sSo7xk.jpg,1,amini-cocoa-contamination-dataset,CC BY 4.0,train
ID_tQTqiH.jpg,anthracnose,dataset/images/train/ID_tQTqiH.jpg,1,amini-cocoa-contamination-dataset,CC BY 4.0,train
ID_Gs3oLS.jpeg,anthracnose,dataset/images/train/ID_Gs3oLS.jpeg,2,amini-cocoa-contamination-dataset,CC BY 4.0,train
ID_vP2Ai4.jpeg,anthracnose,dataset/images/train/ID_vP2Ai4.jpeg,1,amini-cocoa-contamination-dataset,CC BY 4.0,train
ID_XrbD8l.JPG,healthy,dataset/images/train/ID_XrbD8l.JPG,1,amini-cocoa-contamination-dataset,CC BY 4.0,train
ID_NcA2qf.jpeg,cssvd,dataset/images/train/ID_NcA2qf.jpeg,1,amini-cocoa-contamination-dataset,CC BY 4.0,train
ID_V3vvQI.JPG,anthracnose,dataset/images/train/ID_V3vvQI.JPG,1,amini-cocoa-contamination-dataset,CC BY 4.0,train
ID_xPxUpL.jpg,anthracnose,dataset/images/train/ID_xPxUpL.jpg,1,amini-cocoa-contamination-dataset,CC BY 4.0,train
ID_nEvirU.jpg,cssvd,dataset/images/train/ID_nEvirU.jpg,2,amini-cocoa-contamination-dataset,CC BY 4.0,train
ID_qhOf8b.jpg,cssvd,dataset/images/train/ID_qhOf8b.jpg,1,amini-cocoa-contamination-dataset,CC BY 4.0,train
ID_nZim7G.jpg,anthracnose,dataset/images/train/ID_nZim7G.jpg,1,amini-cocoa-contamination-dataset,CC BY 4.0,train
ID_oVvdmb.jpg,cssvd,dataset/images/train/ID_oVvdmb.jpg,1,amini-cocoa-contamination-dataset,CC BY 4.0,train
ID_h9gTbZ.jpg,cssvd,dataset/images/train/ID_h9gTbZ.jpg,2,amini-cocoa-contamination-dataset,CC BY 4.0,train
ID_xkiJ8v.jpeg,healthy,dataset/images/train/ID_xkiJ8v.jpeg,1,amini-cocoa-contamination-dataset,CC BY 4.0,train
ID_HBhI0Q.jpg,anthracnose,dataset/images/train/ID_HBhI0Q.jpg,1,amini-cocoa-contamination-dataset,CC BY 4.0,train
ID_e6U5Bg.jpg,anthracnose,dataset/images/train/ID_e6U5Bg.jpg,1,amini-cocoa-contamination-dataset,CC BY 4.0,train
ID_QJenkr.jpg,cssvd,dataset/images/train/ID_QJenkr.jpg,1,amini-cocoa-contamination-dataset,CC BY 4.0,train
ID_ZN7FO7.jpg,healthy,dataset/images/train/ID_ZN7FO7.jpg,2,amini-cocoa-contamination-dataset,CC BY 4.0,train
ID_mES3Ul.jpeg,healthy,dataset/images/train/ID_mES3Ul.jpeg,3,amini-cocoa-contamination-dataset,CC BY 4.0,train
ID_FpzR0k.jpg,cssvd,dataset/images/train/ID_FpzR0k.jpg,1,amini-cocoa-contamination-dataset,CC BY 4.0,train
ID_b6idHi.jpg,healthy,dataset/images/train/ID_b6idHi.jpg,5,amini-cocoa-contamination-dataset,CC BY 4.0,train
ID_VirB4B.jpeg,anthracnose,dataset/images/train/ID_VirB4B.jpeg,1,amini-cocoa-contamination-dataset,CC BY 4.0,train
ID_kF8GAJ.jpg,healthy,dataset/images/train/ID_kF8GAJ.jpg,1,amini-cocoa-contamination-dataset,CC BY 4.0,train
ID_S5UUr0.jpeg,cssvd,dataset/images/train/ID_S5UUr0.jpeg,1,amini-cocoa-contamination-dataset,CC BY 4.0,train
ID_oHQxsL.jpg,healthy,dataset/images/train/ID_oHQxsL.jpg,2,amini-cocoa-contamination-dataset,CC BY 4.0,train
ID_eAC9cw.jpeg,anthracnose,dataset/images/train/ID_eAC9cw.jpeg,1,amini-cocoa-contamination-dataset,CC BY 4.0,train
ID_UIprDv.jpg,cssvd,dataset/images/train/ID_UIprDv.jpg,2,amini-cocoa-contamination-dataset,CC BY 4.0,train
ID_Luw0R4.jpg,healthy,dataset/images/train/ID_Luw0R4.jpg,3,amini-cocoa-contamination-dataset,CC BY 4.0,train
ID_XRUmwY.jpeg,cssvd,dataset/images/train/ID_XRUmwY.jpeg,2,amini-cocoa-contamination-dataset,CC BY 4.0,train
ID_eJPCkd.jpg,cssvd,dataset/images/train/ID_eJPCkd.jpg,3,amini-cocoa-contamination-dataset,CC BY 4.0,train
ID_djY5kF.jpg,anthracnose,dataset/images/train/ID_djY5kF.jpg,3,amini-cocoa-contamination-dataset,CC BY 4.0,train
ID_ANT5S4.jpg,healthy,dataset/images/train/ID_ANT5S4.jpg,2,amini-cocoa-contamination-dataset,CC BY 4.0,train
ID_F0CtpD.jpeg,anthracnose,dataset/images/train/ID_F0CtpD.jpeg,1,amini-cocoa-contamination-dataset,CC BY 4.0,train
ID_TQy2o5.jpg,cssvd,dataset/images/train/ID_TQy2o5.jpg,1,amini-cocoa-contamination-dataset,CC BY 4.0,train
ID_OOe7QK.jpg,cssvd,dataset/images/train/ID_OOe7QK.jpg,1,amini-cocoa-contamination-dataset,CC BY 4.0,train
ID_TwNbsO.jpg,cssvd,dataset/images/train/ID_TwNbsO.jpg,1,amini-cocoa-contamination-dataset,CC BY 4.0,train
ID_F1uMYM.jpg,cssvd,dataset/images/train/ID_F1uMYM.jpg,2,amini-cocoa-contamination-dataset,CC BY 4.0,train
ID_a84CBX.jpg,cssvd,dataset/images/train/ID_a84CBX.jpg,1,amini-cocoa-contamination-dataset,CC BY 4.0,train
ID_Qcb8eY.jpg,cssvd,dataset/images/train/ID_Qcb8eY.jpg,1,amini-cocoa-contamination-dataset,CC BY 4.0,train
ID_vsmOEP.jpg,cssvd,dataset/images/train/ID_vsmOEP.jpg,1,amini-cocoa-contamination-dataset,CC BY 4.0,train
ID_biJ9SD.jpg,healthy,dataset/images/train/ID_biJ9SD.jpg,2,amini-cocoa-contamination-dataset,CC BY 4.0,train
ID_UNRFvh.jpeg,healthy,dataset/images/train/ID_UNRFvh.jpeg,4,amini-cocoa-contamination-dataset,CC BY 4.0,train
ID_DzqSKa.jpg,cssvd,dataset/images/train/ID_DzqSKa.jpg,1,amini-cocoa-contamination-dataset,CC BY 4.0,train
ID_NSzLqF.jpg,anthracnose,dataset/images/train/ID_NSzLqF.jpg,1,amini-cocoa-contamination-dataset,CC BY 4.0,train
ID_JMesqN.jpg,anthracnose,dataset/images/train/ID_JMesqN.jpg,1,amini-cocoa-contamination-dataset,CC BY 4.0,train
ID_egGKeY.jpg,cssvd,dataset/images/train/ID_egGKeY.jpg,2,amini-cocoa-contamination-dataset,CC BY 4.0,train
ID_qhzdgf.jpg,cssvd,dataset/images/train/ID_qhzdgf.jpg,3,amini-cocoa-contamination-dataset,CC BY 4.0,train
ID_agSNVy.jpg,anthracnose,dataset/images/train/ID_agSNVy.jpg,1,amini-cocoa-contamination-dataset,CC BY 4.0,train
ID_uHUquV.jpg,anthracnose,dataset/images/train/ID_uHUquV.jpg,1,amini-cocoa-contamination-dataset,CC BY 4.0,train
ID_B6BwKf.JPG,healthy,dataset/images/train/ID_B6BwKf.JPG,4,amini-cocoa-contamination-dataset,CC BY 4.0,train
ID_H3Skct.jpg,healthy,dataset/images/train/ID_H3Skct.jpg,4,amini-cocoa-contamination-dataset,CC BY 4.0,train
ID_V6suLj.jpeg,healthy,dataset/images/train/ID_V6suLj.jpeg,3,amini-cocoa-contamination-dataset,CC BY 4.0,train
ID_uhemH0.jpg,healthy,dataset/images/train/ID_uhemH0.jpg,1,amini-cocoa-contamination-dataset,CC BY 4.0,train
ID_nhJE6y.jpg,healthy,dataset/images/train/ID_nhJE6y.jpg,1,amini-cocoa-contamination-dataset,CC BY 4.0,train
ID_D5sIld.jpg,cssvd,dataset/images/train/ID_D5sIld.jpg,1,amini-cocoa-contamination-dataset,CC BY 4.0,train
ID_BsWVWD.jpeg,cssvd,dataset/images/train/ID_BsWVWD.jpeg,1,amini-cocoa-contamination-dataset,CC BY 4.0,train
ID_JPS94p.jpg,anthracnose,dataset/images/train/ID_JPS94p.jpg,1,amini-cocoa-contamination-dataset,CC BY 4.0,train
ID_RZ2AsH.jpg,healthy,dataset/images/train/ID_RZ2AsH.jpg,2,amini-cocoa-contamination-dataset,CC BY 4.0,train
ID_noTsx8.JPG,healthy,dataset/images/train/ID_noTsx8.JPG,2,amini-cocoa-contamination-dataset,CC BY 4.0,train
ID_V5Abi1.jpeg,healthy,dataset/images/train/ID_V5Abi1.jpeg,1,amini-cocoa-contamination-dataset,CC BY 4.0,train
ID_YliQkP.jpg,healthy,dataset/images/train/ID_YliQkP.jpg,2,amini-cocoa-contamination-dataset,CC BY 4.0,train
ID_GfPbXB.jpg,anthracnose,dataset/images/train/ID_GfPbXB.jpg,2,amini-cocoa-contamination-dataset,CC BY 4.0,train
ID_Tcvess.jpg,anthracnose,dataset/images/train/ID_Tcvess.jpg,3,amini-cocoa-contamination-dataset,CC BY 4.0,train
ID_mWaoNd.jpg,anthracnose,dataset/images/train/ID_mWaoNd.jpg,4,amini-cocoa-contamination-dataset,CC BY 4.0,train
ID_uspr7d.jpg,cssvd,dataset/images/train/ID_uspr7d.jpg,1,amini-cocoa-contamination-dataset,CC BY 4.0,train
ID_EZyczJ.jpg,cssvd,dataset/images/train/ID_EZyczJ.jpg,1,amini-cocoa-contamination-dataset,CC BY 4.0,train
ID_m2qX03.jpg,healthy,dataset/images/train/ID_m2qX03.jpg,1,amini-cocoa-contamination-dataset,CC BY 4.0,train
ID_VcsT8o.jpeg,healthy,dataset/images/train/ID_VcsT8o.jpeg,2,amini-cocoa-contamination-dataset,CC BY 4.0,train
ID_Lh7i3T.jpg,cssvd,dataset/images/train/ID_Lh7i3T.jpg,1,amini-cocoa-contamination-dataset,CC BY 4.0,train
ID_nHj487.jpeg,healthy,dataset/images/train/ID_nHj487.jpeg,3,amini-cocoa-contamination-dataset,CC BY 4.0,train
ID_UbmA8v.jpeg,cssvd,dataset/images/train/ID_UbmA8v.jpeg,1,amini-cocoa-contamination-dataset,CC BY 4.0,train
ID_HkDy6x.jpeg,healthy,dataset/images/train/ID_HkDy6x.jpeg,1,amini-cocoa-contamination-dataset,CC BY 4.0,train
ID_Z4xVXm.jpeg,healthy,dataset/images/train/ID_Z4xVXm.jpeg,1,amini-cocoa-contamination-dataset,CC BY 4.0,train
ID_wvk07Y.jpeg,healthy,dataset/images/train/ID_wvk07Y.jpeg,4,amini-cocoa-contamination-dataset,CC BY 4.0,train
ID_JcBK7J.jpg,healthy,dataset/images/train/ID_JcBK7J.jpg,5,amini-cocoa-contamination-dataset,CC BY 4.0,train
ID_mFtDKW.jpg,cssvd,dataset/images/train/ID_mFtDKW.jpg,2,amini-cocoa-contamination-dataset,CC BY 4.0,train
ID_Pq7Bsc.jpg,cssvd,dataset/images/train/ID_Pq7Bsc.jpg,1,amini-cocoa-contamination-dataset,CC BY 4.0,train
ID_Ey3szs.jpg,cssvd,dataset/images/train/ID_Ey3szs.jpg,1,amini-cocoa-contamination-dataset,CC BY 4.0,train
ID_LHcSBa.jpeg,anthracnose,dataset/images/train/ID_LHcSBa.jpeg,1,amini-cocoa-contamination-dataset,CC BY 4.0,train
ID_sB0KCa.jpg,anthracnose,dataset/images/train/ID_sB0KCa.jpg,3,amini-cocoa-contamination-dataset,CC BY 4.0,train
ID_ZvxcMs.jpg,cssvd,dataset/images/train/ID_ZvxcMs.jpg,1,amini-cocoa-contamination-dataset,CC BY 4.0,train
ID_nBQJbe.jpg,healthy,dataset/images/train/ID_nBQJbe.jpg,1,amini-cocoa-contamination-dataset,CC BY 4.0,train
ID_B71sn7.jpeg,healthy,dataset/images/train/ID_B71sn7.jpeg,2,amini-cocoa-contamination-dataset,CC BY 4.0,train
ID_eyGyaj.jpeg,cssvd,dataset/images/train/ID_eyGyaj.jpeg,1,amini-cocoa-contamination-dataset,CC BY 4.0,train
ID_EHmDyD.jpg,cssvd,dataset/images/train/ID_EHmDyD.jpg,1,amini-cocoa-contamination-dataset,CC BY 4.0,train
ID_I1nTHu.jpg,cssvd,dataset/images/train/ID_I1nTHu.jpg,1,amini-cocoa-contamination-dataset,CC BY 4.0,train
ID_yx3VUA.jpeg,healthy,dataset/images/train/ID_yx3VUA.jpeg,1,amini-cocoa-contamination-dataset,CC BY 4.0,train
ID_TXuZKp.jpeg,anthracnose,dataset/images/train/ID_TXuZKp.jpeg,1,amini-cocoa-contamination-dataset,CC BY 4.0,train
ID_siWmZz.jpg,cssvd,dataset/images/train/ID_siWmZz.jpg,3,amini-cocoa-contamination-dataset,CC BY 4.0,train
ID_sJcvgB.jpeg,healthy,dataset/images/train/ID_sJcvgB.jpeg,3,amini-cocoa-contamination-dataset,CC BY 4.0,train
ID_k2bfCr.jpg,cssvd,dataset/images/train/ID_k2bfCr.jpg,1,amini-cocoa-contamination-dataset,CC BY 4.0,train
ID_lqWKsm.jpeg,anthracnose,dataset/images/train/ID_lqWKsm.jpeg,2,amini-cocoa-contamination-dataset,CC BY 4.0,train
ID_PHJ5tj.jpg,healthy,dataset/images/train/ID_PHJ5tj.jpg,2,amini-cocoa-contamination-dataset,CC BY 4.0,train
ID_iWy3Wi.jpeg,cssvd,dataset/images/train/ID_iWy3Wi.jpeg,3,amini-cocoa-contamination-dataset,CC BY 4.0,train
ID_n1Z8TC.jpg,anthracnose,dataset/images/train/ID_n1Z8TC.jpg,1,amini-cocoa-contamination-dataset,CC BY 4.0,train
ID_gOeLwX.jpg,anthracnose,dataset/images/train/ID_gOeLwX.jpg,1,amini-cocoa-contamination-dataset,CC BY 4.0,train
ID_j7RIxO.jpeg,anthracnose,dataset/images/train/ID_j7RIxO.jpeg,1,amini-cocoa-contamination-dataset,CC BY 4.0,train
ID_gmXBOq.jpg,cssvd,dataset/images/train/ID_gmXBOq.jpg,1,amini-cocoa-contamination-dataset,CC BY 4.0,train
ID_jT0bXp.jpeg,healthy,dataset/images/train/ID_jT0bXp.jpeg,1,amini-cocoa-contamination-dataset,CC BY 4.0,train
ID_nxnvcn.jpg,anthracnose,dataset/images/train/ID_nxnvcn.jpg,2,amini-cocoa-contamination-dataset,CC BY 4.0,train
ID_KJM8an.jpeg,cssvd,dataset/images/train/ID_KJM8an.jpeg,1,amini-cocoa-contamination-dataset,CC BY 4.0,train
ID_U7Gzyg.jpeg,anthracnose,dataset/images/train/ID_U7Gzyg.jpeg,1,amini-cocoa-contamination-dataset,CC BY 4.0,train
ID_OA0igc.jpg,anthracnose,dataset/images/train/ID_OA0igc.jpg,1,amini-cocoa-contamination-dataset,CC BY 4.0,train
ID_yV8njm.jpg,healthy,dataset/images/train/ID_yV8njm.jpg,1,amini-cocoa-contamination-dataset,CC BY 4.0,train
ID_jHO58i.JPG,anthracnose,dataset/images/train/ID_jHO58i.JPG,1,amini-cocoa-contamination-dataset,CC BY 4.0,train
ID_e7wChY.jpg,healthy,dataset/images/train/ID_e7wChY.jpg,1,amini-cocoa-contamination-dataset,CC BY 4.0,train
ID_BWAlYM.jpeg,healthy,dataset/images/train/ID_BWAlYM.jpeg,1,amini-cocoa-contamination-dataset,CC BY 4.0,train
ID_pWRulb.jpeg,anthracnose,dataset/images/train/ID_pWRulb.jpeg,1,amini-cocoa-contamination-dataset,CC BY 4.0,train
ID_EZslfU.jpeg,healthy,dataset/images/train/ID_EZslfU.jpeg,1,amini-cocoa-contamination-dataset,CC BY 4.0,train
ID_SVzl5X.jpeg,anthracnose,dataset/images/train/ID_SVzl5X.jpeg,1,amini-cocoa-contamination-dataset,CC BY 4.0,train
ID_SsxQ9x.jpg,cssvd,dataset/images/train/ID_SsxQ9x.jpg,1,amini-cocoa-contamination-dataset,CC BY 4.0,train
ID_O8bwEx.JPG,cssvd,dataset/images/train/ID_O8bwEx.JPG,1,amini-cocoa-contamination-dataset,CC BY 4.0,train
ID_PwYBGu.jpg,anthracnose,dataset/images/train/ID_PwYBGu.jpg,2,amini-cocoa-contamination-dataset,CC BY 4.0,train
ID_fjpZR6.jpg,cssvd,dataset/images/train/ID_fjpZR6.jpg,1,amini-cocoa-contamination-dataset,CC BY 4.0,train
ID_dtWNzi.jpeg,anthracnose,dataset/images/train/ID_dtWNzi.jpeg,1,amini-cocoa-contamination-dataset,CC BY 4.0,train
ID_YOURZE.jpeg,anthracnose,dataset/images/train/ID_YOURZE.jpeg,1,amini-cocoa-contamination-dataset,CC BY 4.0,train
ID_uzCO9s.jpeg,cssvd,dataset/images/train/ID_uzCO9s.jpeg,1,amini-cocoa-contamination-dataset,CC BY 4.0,train
ID_Ln5vC2.jpg,anthracnose,dataset/images/train/ID_Ln5vC2.jpg,3,amini-cocoa-contamination-dataset,CC BY 4.0,train
ID_a7ugd1.jpg,cssvd,dataset/images/train/ID_a7ugd1.jpg,2,amini-cocoa-contamination-dataset,CC BY 4.0,train
ID_GP6Nei.jpg,cssvd,dataset/images/train/ID_GP6Nei.jpg,1,amini-cocoa-contamination-dataset,CC BY 4.0,train
ID_SP2AnQ.jpeg,anthracnose,dataset/images/train/ID_SP2AnQ.jpeg,1,amini-cocoa-contamination-dataset,CC BY 4.0,train
ID_GZiCtp.jpg,cssvd,dataset/images/train/ID_GZiCtp.jpg,2,amini-cocoa-contamination-dataset,CC BY 4.0,train
ID_IPDSVM.jpeg,anthracnose,dataset/images/train/ID_IPDSVM.jpeg,1,amini-cocoa-contamination-dataset,CC BY 4.0,train
ID_DviCDi.jpeg,healthy,dataset/images/train/ID_DviCDi.jpeg,1,amini-cocoa-contamination-dataset,CC BY 4.0,train
ID_uwcVhh.jpg,cssvd,dataset/images/train/ID_uwcVhh.jpg,1,amini-cocoa-contamination-dataset,CC BY 4.0,train
ID_wXRzdx.jpg,cssvd,dataset/images/train/ID_wXRzdx.jpg,1,amini-cocoa-contamination-dataset,CC BY 4.0,train
ID_Hm1rUc.jpeg,cssvd,dataset/images/train/ID_Hm1rUc.jpeg,2,amini-cocoa-contamination-dataset,CC BY 4.0,train
ID_o9XDWi.jpg,cssvd,dataset/images/train/ID_o9XDWi.jpg,1,amini-cocoa-contamination-dataset,CC BY 4.0,train
ID_XRftvi.jpg,anthracnose,dataset/images/train/ID_XRftvi.jpg,1,amini-cocoa-contamination-dataset,CC BY 4.0,train
ID_OSuwyE.jpg,cssvd,dataset/images/train/ID_OSuwyE.jpg,1,amini-cocoa-contamination-dataset,CC BY 4.0,train
ID_Mmbukm.jpg,cssvd,dataset/images/train/ID_Mmbukm.jpg,1,amini-cocoa-contamination-dataset,CC BY 4.0,train
ID_ijUq1L.jpg,cssvd,dataset/images/train/ID_ijUq1L.jpg,2,amini-cocoa-contamination-dataset,CC BY 4.0,train
ID_XptLVA.jpg,anthracnose,dataset/images/train/ID_XptLVA.jpg,1,amini-cocoa-contamination-dataset,CC BY 4.0,train
ID_J4UmaR.JPG,healthy,dataset/images/train/ID_J4UmaR.JPG,4,amini-cocoa-contamination-dataset,CC BY 4.0,train
ID_apb5RS.jpg,anthracnose,dataset/images/train/ID_apb5RS.jpg,1,amini-cocoa-contamination-dataset,CC BY 4.0,train
ID_PnbSPs.jpg,cssvd,dataset/images/train/ID_PnbSPs.jpg,2,amini-cocoa-contamination-dataset,CC BY 4.0,train
ID_U4jn6E.jpg,cssvd,dataset/images/train/ID_U4jn6E.jpg,1,amini-cocoa-contamination-dataset,CC BY 4.0,train
ID_a6Vi0y.jpg,healthy,dataset/images/train/ID_a6Vi0y.jpg,1,amini-cocoa-contamination-dataset,CC BY 4.0,train
ID_B1GBWw.jpg,cssvd,dataset/images/train/ID_B1GBWw.jpg,5,amini-cocoa-contamination-dataset,CC BY 4.0,train
ID_aNsNxm.jpeg,cssvd,dataset/images/train/ID_aNsNxm.jpeg,1,amini-cocoa-contamination-dataset,CC BY 4.0,train
ID_iguv0V.jpg,healthy,dataset/images/train/ID_iguv0V.jpg,2,amini-cocoa-contamination-dataset,CC BY 4.0,train
ID_JWGCGl.jpg,healthy,dataset/images/train/ID_JWGCGl.jpg,6,amini-cocoa-contamination-dataset,CC BY 4.0,train
ID_tDL5PK.jpeg,cssvd,dataset/images/train/ID_tDL5PK.jpeg,1,amini-cocoa-contamination-dataset,CC BY 4.0,train
ID_r4UmXb.jpg,cssvd,dataset/images/train/ID_r4UmXb.jpg,1,amini-cocoa-contamination-dataset,CC BY 4.0,train
ID_lJc0SV.jpg,healthy,dataset/images/train/ID_lJc0SV.jpg,4,amini-cocoa-contamination-dataset,CC BY 4.0,train
ID_fByT1p.JPG,healthy,dataset/images/train/ID_fByT1p.JPG,3,amini-cocoa-contamination-dataset,CC BY 4.0,train
ID_yxbXGK.jpg,cssvd,dataset/images/train/ID_yxbXGK.jpg,1,amini-cocoa-contamination-dataset,CC BY 4.0,train
ID_ttOYvp.jpg,cssvd,dataset/images/train/ID_ttOYvp.jpg,3,amini-cocoa-contamination-dataset,CC BY 4.0,train
ID_Kc4tOK.jpeg,cssvd,dataset/images/train/ID_Kc4tOK.jpeg,2,amini-cocoa-contamination-dataset,CC BY 4.0,train
ID_hWw3AE.jpeg,healthy,dataset/images/train/ID_hWw3AE.jpeg,3,amini-cocoa-contamination-dataset,CC BY 4.0,train
ID_umHBOr.jpg,cssvd,dataset/images/train/ID_umHBOr.jpg,1,amini-cocoa-contamination-dataset,CC BY 4.0,train
ID_BQih4N.jpg,anthracnose,dataset/images/train/ID_BQih4N.jpg,2,amini-cocoa-contamination-dataset,CC BY 4.0,train
ID_dORRvF.jpg,healthy,dataset/images/train/ID_dORRvF.jpg,2,amini-cocoa-contamination-dataset,CC BY 4.0,train
ID_m6Nk3G.JPG,cssvd,dataset/images/train/ID_m6Nk3G.JPG,2,amini-cocoa-contamination-dataset,CC BY 4.0,train
ID_BlFXLT.JPG,healthy,dataset/images/train/ID_BlFXLT.JPG,1,amini-cocoa-contamination-dataset,CC BY 4.0,train
ID_aRwPkW.jpg,anthracnose,dataset/images/train/ID_aRwPkW.jpg,1,amini-cocoa-contamination-dataset,CC BY 4.0,train
ID_SJKaao.jpeg,cssvd,dataset/images/train/ID_SJKaao.jpeg,1,amini-cocoa-contamination-dataset,CC BY 4.0,train
ID_G6Ik69.jpg,anthracnose,dataset/images/train/ID_G6Ik69.jpg,1,amini-cocoa-contamination-dataset,CC BY 4.0,train
ID_EMZhbf.jpg,healthy,dataset/images/train/ID_EMZhbf.jpg,1,amini-cocoa-contamination-dataset,CC BY 4.0,train
ID_MPIvc5.jpg,anthracnose,dataset/images/train/ID_MPIvc5.jpg,2,amini-cocoa-contamination-dataset,CC BY 4.0,train
ID_xSaCjI.jpg,cssvd,dataset/images/train/ID_xSaCjI.jpg,1,amini-cocoa-contamination-dataset,CC BY 4.0,train
ID_ysmGJb.jpg,healthy,dataset/images/train/ID_ysmGJb.jpg,3,amini-cocoa-contamination-dataset,CC BY 4.0,train
ID_kQnitp.jpg,anthracnose,dataset/images/train/ID_kQnitp.jpg,1,amini-cocoa-contamination-dataset,CC BY 4.0,train
ID_tIvcjY.jpg,cssvd,dataset/images/train/ID_tIvcjY.jpg,1,amini-cocoa-contamination-dataset,CC BY 4.0,train
ID_DbQyfs.jpg,cssvd,dataset/images/train/ID_DbQyfs.jpg,1,amini-cocoa-contamination-dataset,CC BY 4.0,train
ID_Nt40cj.jpg,cssvd,dataset/images/train/ID_Nt40cj.jpg,2,amini-cocoa-contamination-dataset,CC BY 4.0,train
ID_Pb5XMr.jpeg,healthy,dataset/images/train/ID_Pb5XMr.jpeg,1,amini-cocoa-contamination-dataset,CC BY 4.0,train
ID_vEoJQG.jpg,cssvd,dataset/images/train/ID_vEoJQG.jpg,2,amini-cocoa-contamination-dataset,CC BY 4.0,train
ID_quCZuJ.jpeg,healthy,dataset/images/train/ID_quCZuJ.jpeg,1,amini-cocoa-contamination-dataset,CC BY 4.0,train
ID_QrE6i7.jpg,cssvd,dataset/images/train/ID_QrE6i7.jpg,2,amini-cocoa-contamination-dataset,CC BY 4.0,train
ID_p0xDgF.jpeg,anthracnose,dataset/images/train/ID_p0xDgF.jpeg,1,amini-cocoa-contamination-dataset,CC BY 4.0,train
ID_PawdsQ.jpg,healthy,dataset/images/train/ID_PawdsQ.jpg,6,amini-cocoa-contamination-dataset,CC BY 4.0,train
ID_qrCM98.jpg,anthracnose,dataset/images/train/ID_qrCM98.jpg,3,amini-cocoa-contamination-dataset,CC BY 4.0,train
ID_SXtGRm.jpg,cssvd,dataset/images/train/ID_SXtGRm.jpg,4,amini-cocoa-contamination-dataset,CC BY 4.0,train
ID_JzADwu.jpg,healthy,dataset/images/train/ID_JzADwu.jpg,2,amini-cocoa-contamination-dataset,CC BY 4.0,train
ID_eoRujV.jpeg,healthy,dataset/images/train/ID_eoRujV.jpeg,1,amini-cocoa-contamination-dataset,CC BY 4.0,train
ID_y613vF.jpg,anthracnose,dataset/images/train/ID_y613vF.jpg,2,amini-cocoa-contamination-dataset,CC BY 4.0,train
ID_psYRKO.jpg,cssvd,dataset/images/train/ID_psYRKO.jpg,1,amini-cocoa-contamination-dataset,CC BY 4.0,train
ID_H4OXlj.jpeg,anthracnose,dataset/images/train/ID_H4OXlj.jpeg,1,amini-cocoa-contamination-dataset,CC BY 4.0,train
ID_nRsOlR.JPG,healthy,dataset/images/train/ID_nRsOlR.JPG,3,amini-cocoa-contamination-dataset,CC BY 4.0,train
ID_tx6fR9.jpeg,cssvd,dataset/images/train/ID_tx6fR9.jpeg,1,amini-cocoa-contamination-dataset,CC BY 4.0,train
ID_LtpGHc.jpg,healthy,dataset/images/train/ID_LtpGHc.jpg,1,amini-cocoa-contamination-dataset,CC BY 4.0,train
ID_RHNJV0.jpeg,anthracnose,dataset/images/train/ID_RHNJV0.jpeg,3,amini-cocoa-contamination-dataset,CC BY 4.0,train
ID_EUJ6CX.jpeg,anthracnose,dataset/images/train/ID_EUJ6CX.jpeg,1,amini-cocoa-contamination-dataset,CC BY 4.0,train
ID_ONksfR.jpeg,healthy,dataset/images/train/ID_ONksfR.jpeg,1,amini-cocoa-contamination-dataset,CC BY 4.0,train
ID_pLoaXm.jpg,cssvd,dataset/images/train/ID_pLoaXm.jpg,2,amini-cocoa-contamination-dataset,CC BY 4.0,train
ID_vO5hXL.jpg,anthracnose,dataset/images/train/ID_vO5hXL.jpg,3,amini-cocoa-contamination-dataset,CC BY 4.0,train
ID_LFYoyL.jpeg,anthracnose,dataset/images/train/ID_LFYoyL.jpeg,1,amini-cocoa-contamination-dataset,CC BY 4.0,train
ID_jJx7J2.jpeg,healthy,dataset/images/train/ID_jJx7J2.jpeg,2,amini-cocoa-contamination-dataset,CC BY 4.0,train
ID_pf5xBN.jpeg,cssvd,dataset/images/train/ID_pf5xBN.jpeg,3,amini-cocoa-contamination-dataset,CC BY 4.0,train
ID_ljvMSL.jpeg,cssvd,dataset/images/train/ID_ljvMSL.jpeg,2,amini-cocoa-contamination-dataset,CC BY 4.0,train
ID_ZzfInA.jpg,cssvd,dataset/images/train/ID_ZzfInA.jpg,1,amini-cocoa-contamination-dataset,CC BY 4.0,train
ID_XWtdc7.jpg,cssvd,dataset/images/train/ID_XWtdc7.jpg,1,amini-cocoa-contamination-dataset,CC BY 4.0,train
ID_ErjxYN.jpeg,cssvd,dataset/images/train/ID_ErjxYN.jpeg,1,amini-cocoa-contamination-dataset,CC BY 4.0,train
ID_jaiRz0.jpeg,healthy,dataset/images/train/ID_jaiRz0.jpeg,1,amini-cocoa-contamination-dataset,CC BY 4.0,train
ID_JjxtqX.jpg,healthy,dataset/images/train/ID_JjxtqX.jpg,4,amini-cocoa-contamination-dataset,CC BY 4.0,train
ID_bIiCrJ.jpeg,cssvd,dataset/images/train/ID_bIiCrJ.jpeg,2,amini-cocoa-contamination-dataset,CC BY 4.0,train
ID_QXRb3D.jpeg,healthy,dataset/images/train/ID_QXRb3D.jpeg,2,amini-cocoa-contamination-dataset,CC BY 4.0,train
ID_HcDkfH.jpg,cssvd,dataset/images/train/ID_HcDkfH.jpg,1,amini-cocoa-contamination-dataset,CC BY 4.0,train
ID_k1uxHM.jpg,anthracnose,dataset/images/train/ID_k1uxHM.jpg,3,amini-cocoa-contamination-dataset,CC BY 4.0,train
ID_jUFehO.jpg,healthy,dataset/images/train/ID_jUFehO.jpg,1,amini-cocoa-contamination-dataset,CC BY 4.0,train
ID_kwibos.jpg,cssvd,dataset/images/train/ID_kwibos.jpg,1,amini-cocoa-contamination-dataset,CC BY 4.0,train
ID_UlIb07.jpeg,healthy,dataset/images/train/ID_UlIb07.jpeg,2,amini-cocoa-contamination-dataset,CC BY 4.0,train
ID_JbPfXi.jpeg,healthy,dataset/images/train/ID_JbPfXi.jpeg,2,amini-cocoa-contamination-dataset,CC BY 4.0,train
ID_oS13NJ.jpg,cssvd,dataset/images/train/ID_oS13NJ.jpg,1,amini-cocoa-contamination-dataset,CC BY 4.0,train
ID_MhaDzk.jpg,cssvd,dataset/images/train/ID_MhaDzk.jpg,2,amini-cocoa-contamination-dataset,CC BY 4.0,train
ID_C9SxS3.jpg,anthracnose,dataset/images/train/ID_C9SxS3.jpg,1,amini-cocoa-contamination-dataset,CC BY 4.0,train
ID_qWhkHO.jpg,cssvd,dataset/images/train/ID_qWhkHO.jpg,1,amini-cocoa-contamination-dataset,CC BY 4.0,train
ID_bCoAZg.jpg,cssvd,dataset/images/train/ID_bCoAZg.jpg,1,amini-cocoa-contamination-dataset,CC BY 4.0,train
ID_iq24B3.jpg,cssvd,dataset/images/train/ID_iq24B3.jpg,2,amini-cocoa-contamination-dataset,CC BY 4.0,train
ID_yjwlQG.jpeg,anthracnose,dataset/images/train/ID_yjwlQG.jpeg,1,amini-cocoa-contamination-dataset,CC BY 4.0,train
ID_yjMRxs.jpeg,healthy,dataset/images/train/ID_yjMRxs.jpeg,1,amini-cocoa-contamination-dataset,CC BY 4.0,train
ID_AjfziN.jpg,anthracnose,dataset/images/train/ID_AjfziN.jpg,3,amini-cocoa-contamination-dataset,CC BY 4.0,train
ID_ttmzIb.jpg,cssvd,dataset/images/train/ID_ttmzIb.jpg,1,amini-cocoa-contamination-dataset,CC BY 4.0,train
ID_mnAJQm.jpg,cssvd,dataset/images/train/ID_mnAJQm.jpg,1,amini-cocoa-contamination-dataset,CC BY 4.0,train
ID_Nk9IfK.jpeg,anthracnose,dataset/images/train/ID_Nk9IfK.jpeg,1,amini-cocoa-contamination-dataset,CC BY 4.0,train
ID_rd0JxF.jpg,cssvd,dataset/images/train/ID_rd0JxF.jpg,3,amini-cocoa-contamination-dataset,CC BY 4.0,train
ID_uNc8jo.jpg,healthy,dataset/images/train/ID_uNc8jo.jpg,1,amini-cocoa-contamination-dataset,CC BY 4.0,train
ID_daf4Y0.jpg,cssvd,dataset/images/train/ID_daf4Y0.jpg,1,amini-cocoa-contamination-dataset,CC BY 4.0,train
ID_JlL43G.JPG,healthy,dataset/images/train/ID_JlL43G.JPG,3,amini-cocoa-contamination-dataset,CC BY 4.0,train
ID_Pi21IS.jpg,cssvd,dataset/images/train/ID_Pi21IS.jpg,1,amini-cocoa-contamination-dataset,CC BY 4.0,train
ID_BGZbAb.jpeg,healthy,dataset/images/train/ID_BGZbAb.jpeg,3,amini-cocoa-contamination-dataset,CC BY 4.0,train
ID_MzDNJP.jpg,cssvd,dataset/images/train/ID_MzDNJP.jpg,3,amini-cocoa-contamination-dataset,CC BY 4.0,train
ID_uLQ1t4.jpg,cssvd,dataset/images/train/ID_uLQ1t4.jpg,1,amini-cocoa-contamination-dataset,CC BY 4.0,train
ID_GVix1D.jpg,cssvd,dataset/images/train/ID_GVix1D.jpg,2,amini-cocoa-contamination-dataset,CC BY 4.0,train
ID_JGzJfp.jpg,cssvd,dataset/images/train/ID_JGzJfp.jpg,2,amini-cocoa-contamination-dataset,CC BY 4.0,train
ID_i2OF68.jpg,cssvd,dataset/images/train/ID_i2OF68.jpg,1,amini-cocoa-contamination-dataset,CC BY 4.0,train
ID_y5tE4X.jpg,cssvd,dataset/images/train/ID_y5tE4X.jpg,3,amini-cocoa-contamination-dataset,CC BY 4.0,train
ID_fRLecX.jpg,cssvd,dataset/images/train/ID_fRLecX.jpg,1,amini-cocoa-contamination-dataset,CC BY 4.0,train
ID_AYLNiX.jpeg,healthy,dataset/images/train/ID_AYLNiX.jpeg,1,amini-cocoa-contamination-dataset,CC BY 4.0,train
ID_O6WT4z.jpg,healthy,dataset/images/train/ID_O6WT4z.jpg,5,amini-cocoa-contamination-dataset,CC BY 4.0,train
ID_NBAvJc.jpg,cssvd,dataset/images/train/ID_NBAvJc.jpg,1,amini-cocoa-contamination-dataset,CC BY 4.0,train
ID_ecUNb1.jpg,cssvd,dataset/images/train/ID_ecUNb1.jpg,1,amini-cocoa-contamination-dataset,CC BY 4.0,train
ID_eL6CXJ.jpg,cssvd,dataset/images/train/ID_eL6CXJ.jpg,1,amini-cocoa-contamination-dataset,CC BY 4.0,train
ID_P0YBDB.jpg,cssvd,dataset/images/train/ID_P0YBDB.jpg,1,amini-cocoa-contamination-dataset,CC BY 4.0,train
ID_KN6szH.jpeg,anthracnose,dataset/images/train/ID_KN6szH.jpeg,1,amini-cocoa-contamination-dataset,CC BY 4.0,train
ID_I6l3Un.jpeg,anthracnose,dataset/images/train/ID_I6l3Un.jpeg,1,amini-cocoa-contamination-dataset,CC BY 4.0,train
ID_cOA11s.jpeg,healthy,dataset/images/train/ID_cOA11s.jpeg,3,amini-cocoa-contamination-dataset,CC BY 4.0,train
ID_iE3mNq.jpeg,healthy,dataset/images/train/ID_iE3mNq.jpeg,1,amini-cocoa-contamination-dataset,CC BY 4.0,train
ID_PBq8tD.jpg,anthracnose,dataset/images/train/ID_PBq8tD.jpg,1,amini-cocoa-contamination-dataset,CC BY 4.0,train
ID_gv64Z3.jpeg,healthy,dataset/images/train/ID_gv64Z3.jpeg,1,amini-cocoa-contamination-dataset,CC BY 4.0,train
ID_ZFmCwZ.jpg,healthy,dataset/images/train/ID_ZFmCwZ.jpg,3,amini-cocoa-contamination-dataset,CC BY 4.0,train
ID_uNUBTb.jpg,anthracnose,dataset/images/train/ID_uNUBTb.jpg,4,amini-cocoa-contamination-dataset,CC BY 4.0,train
ID_lQxjBD.JPG,healthy,dataset/images/train/ID_lQxjBD.JPG,1,amini-cocoa-contamination-dataset,CC BY 4.0,train
ID_U4m06T.jpeg,cssvd,dataset/images/train/ID_U4m06T.jpeg,1,amini-cocoa-contamination-dataset,CC BY 4.0,train
ID_WZXm3d.jpg,anthracnose,dataset/images/train/ID_WZXm3d.jpg,1,amini-cocoa-contamination-dataset,CC BY 4.0,train
ID_ci2l3a.jpg,anthracnose,dataset/images/train/ID_ci2l3a.jpg,1,amini-cocoa-contamination-dataset,CC BY 4.0,train
ID_EqYzCT.jpg,cssvd,dataset/images/train/ID_EqYzCT.jpg,2,amini-cocoa-contamination-dataset,CC BY 4.0,train
ID_oky4IN.jpg,cssvd,dataset/images/train/ID_oky4IN.jpg,1,amini-cocoa-contamination-dataset,CC BY 4.0,train
ID_ywNVK1.jpg,cssvd,dataset/images/train/ID_ywNVK1.jpg,1,amini-cocoa-contamination-dataset,CC BY 4.0,train
ID_Xed2WZ.jpg,healthy,dataset/images/train/ID_Xed2WZ.jpg,5,amini-cocoa-contamination-dataset,CC BY 4.0,train
ID_PNIAem.jpeg,cssvd,dataset/images/train/ID_PNIAem.jpeg,2,amini-cocoa-contamination-dataset,CC BY 4.0,train
ID_eneIy5.jpeg,anthracnose,dataset/images/train/ID_eneIy5.jpeg,1,amini-cocoa-contamination-dataset,CC BY 4.0,train
ID_x6WZsy.jpeg,healthy,dataset/images/train/ID_x6WZsy.jpeg,1,amini-cocoa-contamination-dataset,CC BY 4.0,train
ID_Vj5HJt.jpg,cssvd,dataset/images/train/ID_Vj5HJt.jpg,1,amini-cocoa-contamination-dataset,CC BY 4.0,train
ID_ukliz8.jpg,cssvd,dataset/images/train/ID_ukliz8.jpg,2,amini-cocoa-contamination-dataset,CC BY 4.0,train
ID_LodDwC.jpg,cssvd,dataset/images/train/ID_LodDwC.jpg,1,amini-cocoa-contamination-dataset,CC BY 4.0,train
ID_PmINBX.jpg,cssvd,dataset/images/train/ID_PmINBX.jpg,1,amini-cocoa-contamination-dataset,CC BY 4.0,train
ID_JQbW8o.jpg,cssvd,dataset/images/train/ID_JQbW8o.jpg,1,amini-cocoa-contamination-dataset,CC BY 4.0,train
ID_HtWKFt.jpeg,healthy,dataset/images/train/ID_HtWKFt.jpeg,1,amini-cocoa-contamination-dataset,CC BY 4.0,train
ID_R0Aqop.jpg,cssvd,dataset/images/train/ID_R0Aqop.jpg,1,amini-cocoa-contamination-dataset,CC BY 4.0,train
ID_v03mek.jpg,anthracnose,dataset/images/train/ID_v03mek.jpg,1,amini-cocoa-contamination-dataset,CC BY 4.0,train
ID_VRSBDq.jpg,anthracnose,dataset/images/train/ID_VRSBDq.jpg,7,amini-cocoa-contamination-dataset,CC BY 4.0,train
ID_ocfe8h.jpg,anthracnose,dataset/images/train/ID_ocfe8h.jpg,1,amini-cocoa-contamination-dataset,CC BY 4.0,train
ID_r9tnJw.jpeg,anthracnose,dataset/images/train/ID_r9tnJw.jpeg,1,amini-cocoa-contamination-dataset,CC BY 4.0,train
ID_pYVlyt.jpeg,healthy,dataset/images/train/ID_pYVlyt.jpeg,1,amini-cocoa-contamination-dataset,CC BY 4.0,train
ID_i0MJG8.jpg,cssvd,dataset/images/train/ID_i0MJG8.jpg,1,amini-cocoa-contamination-dataset,CC BY 4.0,train
ID_POyDGg.jpeg,anthracnose,dataset/images/train/ID_POyDGg.jpeg,1,amini-cocoa-contamination-dataset,CC BY 4.0,train
ID_CIMDbS.jpg,anthracnose,dataset/images/train/ID_CIMDbS.jpg,1,amini-cocoa-contamination-dataset,CC BY 4.0,train
ID_dPeN7t.jpeg,healthy,dataset/images/train/ID_dPeN7t.jpeg,2,amini-cocoa-contamination-dataset,CC BY 4.0,train
ID_aA3W1h.jpg,healthy,dataset/images/train/ID_aA3W1h.jpg,3,amini-cocoa-contamination-dataset,CC BY 4.0,train
ID_p2umLL.jpeg,healthy,dataset/images/train/ID_p2umLL.jpeg,2,amini-cocoa-contamination-dataset,CC BY 4.0,train
ID_NR0lmz.jpg,healthy,dataset/images/train/ID_NR0lmz.jpg,5,amini-cocoa-contamination-dataset,CC BY 4.0,train
ID_skBkBf.jpeg,healthy,dataset/images/train/ID_skBkBf.jpeg,1,amini-cocoa-contamination-dataset,CC BY 4.0,train
ID_Osl7Sh.jpeg,cssvd,dataset/images/train/ID_Osl7Sh.jpeg,1,amini-cocoa-contamination-dataset,CC BY 4.0,train
ID_dmH4ya.jpg,cssvd,dataset/images/train/ID_dmH4ya.jpg,1,amini-cocoa-contamination-dataset,CC BY 4.0,train
ID_wP9pHl.jpg,cssvd,dataset/images/train/ID_wP9pHl.jpg,1,amini-cocoa-contamination-dataset,CC BY 4.0,train
ID_GfISSh.jpeg,healthy,dataset/images/train/ID_GfISSh.jpeg,1,amini-cocoa-contamination-dataset,CC BY 4.0,train
ID_FILm2K.JPG,healthy,dataset/images/train/ID_FILm2K.JPG,1,amini-cocoa-contamination-dataset,CC BY 4.0,train
ID_iJakWw.jpeg,cssvd,dataset/images/train/ID_iJakWw.jpeg,1,amini-cocoa-contamination-dataset,CC BY 4.0,train
ID_VX3dMQ.jpg,anthracnose,dataset/images/train/ID_VX3dMQ.jpg,1,amini-cocoa-contamination-dataset,CC BY 4.0,train
ID_m5gWks.jpg,anthracnose,dataset/images/train/ID_m5gWks.jpg,1,amini-cocoa-contamination-dataset,CC BY 4.0,train
ID_WWHKSZ.jpg,anthracnose,dataset/images/train/ID_WWHKSZ.jpg,2,amini-cocoa-contamination-dataset,CC BY 4.0,train
ID_NJasQ4.jpg,anthracnose,dataset/images/train/ID_NJasQ4.jpg,1,amini-cocoa-contamination-dataset,CC BY 4.0,train
ID_aNYpFM.jpg,cssvd,dataset/images/train/ID_aNYpFM.jpg,1,amini-cocoa-contamination-dataset,CC BY 4.0,train
ID_byPCcd.jpg,cssvd,dataset/images/train/ID_byPCcd.jpg,1,amini-cocoa-contamination-dataset,CC BY 4.0,train
ID_DCV6l2.jpeg,anthracnose,dataset/images/train/ID_DCV6l2.jpeg,1,amini-cocoa-contamination-dataset,CC BY 4.0,train
ID_PPXaYZ.jpg,healthy,dataset/images/train/ID_PPXaYZ.jpg,11,amini-cocoa-contamination-dataset,CC BY 4.0,train
ID_ui8aBv.jpg,healthy,dataset/images/train/ID_ui8aBv.jpg,1,amini-cocoa-contamination-dataset,CC BY 4.0,train
ID_I7mksg.jpg,anthracnose,dataset/images/train/ID_I7mksg.jpg,1,amini-cocoa-contamination-dataset,CC BY 4.0,train
ID_nJAMix.jpg,anthracnose,dataset/images/train/ID_nJAMix.jpg,2,amini-cocoa-contamination-dataset,CC BY 4.0,train
ID_JbzdMj.jpg,cssvd,dataset/images/train/ID_JbzdMj.jpg,1,amini-cocoa-contamination-dataset,CC BY 4.0,train
ID_rs2rv6.jpeg,healthy,dataset/images/train/ID_rs2rv6.jpeg,1,amini-cocoa-contamination-dataset,CC BY 4.0,train
ID_H4cGma.jpg,healthy,dataset/images/train/ID_H4cGma.jpg,1,amini-cocoa-contamination-dataset,CC BY 4.0,train
ID_vNEqm1.jpg,cssvd,dataset/images/train/ID_vNEqm1.jpg,1,amini-cocoa-contamination-dataset,CC BY 4.0,train
ID_zvSUD9.jpeg,anthracnose,dataset/images/train/ID_zvSUD9.jpeg,1,amini-cocoa-contamination-dataset,CC BY 4.0,train
ID_tvrSB5.jpeg,anthracnose,dataset/images/train/ID_tvrSB5.jpeg,2,amini-cocoa-contamination-dataset,CC BY 4.0,train
ID_erIIUn.jpg,cssvd,dataset/images/train/ID_erIIUn.jpg,1,amini-cocoa-contamination-dataset,CC BY 4.0,train
ID_RSqggX.jpeg,cssvd,dataset/images/train/ID_RSqggX.jpeg,1,amini-cocoa-contamination-dataset,CC BY 4.0,train
ID_LHqilp.jpg,anthracnose,dataset/images/train/ID_LHqilp.jpg,1,amini-cocoa-contamination-dataset,CC BY 4.0,train
ID_NeGEym.jpeg,healthy,dataset/images/train/ID_NeGEym.jpeg,2,amini-cocoa-contamination-dataset,CC BY 4.0,train
ID_NdFB4P.jpeg,healthy,dataset/images/train/ID_NdFB4P.jpeg,1,amini-cocoa-contamination-dataset,CC BY 4.0,train
ID_Z9cv6D.jpeg,anthracnose,dataset/images/train/ID_Z9cv6D.jpeg,2,amini-cocoa-contamination-dataset,CC BY 4.0,train
ID_yipfCd.JPG,anthracnose,dataset/images/train/ID_yipfCd.JPG,1,amini-cocoa-contamination-dataset,CC BY 4.0,train
ID_BRJQ51.JPG,healthy,dataset/images/train/ID_BRJQ51.JPG,2,amini-cocoa-contamination-dataset,CC BY 4.0,train
ID_NVGeB9.jpeg,cssvd,dataset/images/train/ID_NVGeB9.jpeg,2,amini-cocoa-contamination-dataset,CC BY 4.0,train
ID_dBk3zN.jpg,anthracnose,dataset/images/train/ID_dBk3zN.jpg,2,amini-cocoa-contamination-dataset,CC BY 4.0,train
ID_dLuCiI.jpeg,healthy,dataset/images/train/ID_dLuCiI.jpeg,5,amini-cocoa-contamination-dataset,CC BY 4.0,train
ID_TUuVpL.jpg,cssvd,dataset/images/train/ID_TUuVpL.jpg,1,amini-cocoa-contamination-dataset,CC BY 4.0,train
ID_cb8j5n.jpg,cssvd,dataset/images/train/ID_cb8j5n.jpg,1,amini-cocoa-contamination-dataset,CC BY 4.0,train
ID_uRbaKU.JPG,anthracnose,dataset/images/train/ID_uRbaKU.JPG,1,amini-cocoa-contamination-dataset,CC BY 4.0,train
ID_WjjAKP.jpg,cssvd,dataset/images/train/ID_WjjAKP.jpg,1,amini-cocoa-contamination-dataset,CC BY 4.0,train
ID_NPQOoz.jpeg,healthy,dataset/images/train/ID_NPQOoz.jpeg,1,amini-cocoa-contamination-dataset,CC BY 4.0,train
ID_bEsymf.jpg,cssvd,dataset/images/train/ID_bEsymf.jpg,2,amini-cocoa-contamination-dataset,CC BY 4.0,train
ID_QC05Rk.jpg,cssvd,dataset/images/train/ID_QC05Rk.jpg,1,amini-cocoa-contamination-dataset,CC BY 4.0,train
ID_mb8nj1.jpeg,anthracnose,dataset/images/train/ID_mb8nj1.jpeg,1,amini-cocoa-contamination-dataset,CC BY 4.0,train
ID_oM7ZtL.jpg,cssvd,dataset/images/train/ID_oM7ZtL.jpg,1,amini-cocoa-contamination-dataset,CC BY 4.0,train
ID_i6k1ck.jpg,anthracnose,dataset/images/train/ID_i6k1ck.jpg,6,amini-cocoa-contamination-dataset,CC BY 4.0,train
ID_uvqV48.jpg,anthracnose,dataset/images/train/ID_uvqV48.jpg,1,amini-cocoa-contamination-dataset,CC BY 4.0,train
ID_lvsPm4.jpg,cssvd,dataset/images/train/ID_lvsPm4.jpg,5,amini-cocoa-contamination-dataset,CC BY 4.0,train
ID_w79FG7.jpeg,healthy,dataset/images/train/ID_w79FG7.jpeg,2,amini-cocoa-contamination-dataset,CC BY 4.0,train
ID_OFKwx3.jpg,cssvd,dataset/images/train/ID_OFKwx3.jpg,1,amini-cocoa-contamination-dataset,CC BY 4.0,train
ID_Px6k0F.jpg,cssvd,dataset/images/train/ID_Px6k0F.jpg,2,amini-cocoa-contamination-dataset,CC BY 4.0,train
ID_IcPP75.jpeg,anthracnose,dataset/images/train/ID_IcPP75.jpeg,1,amini-cocoa-contamination-dataset,CC BY 4.0,train
ID_TPw4px.jpg,anthracnose,dataset/images/train/ID_TPw4px.jpg,2,amini-cocoa-contamination-dataset,CC BY 4.0,train
ID_NpuS6U.jpg,cssvd,dataset/images/train/ID_NpuS6U.jpg,1,amini-cocoa-contamination-dataset,CC BY 4.0,train
ID_is23Bb.JPG,anthracnose,dataset/images/train/ID_is23Bb.JPG,1,amini-cocoa-contamination-dataset,CC BY 4.0,train
ID_Kop4pb.jpg,anthracnose,dataset/images/train/ID_Kop4pb.jpg,2,amini-cocoa-contamination-dataset,CC BY 4.0,train
ID_qs5zdv.jpg,cssvd,dataset/images/train/ID_qs5zdv.jpg,1,amini-cocoa-contamination-dataset,CC BY 4.0,train
ID_BKWaOF.jpg,cssvd,dataset/images/train/ID_BKWaOF.jpg,1,amini-cocoa-contamination-dataset,CC BY 4.0,train
ID_NpDCnq.jpeg,healthy,dataset/images/train/ID_NpDCnq.jpeg,3,amini-cocoa-contamination-dataset,CC BY 4.0,train
ID_tUqavp.jpg,healthy,dataset/images/train/ID_tUqavp.jpg,2,amini-cocoa-contamination-dataset,CC BY 4.0,train
ID_lSWa1M.jpeg,healthy,dataset/images/train/ID_lSWa1M.jpeg,1,amini-cocoa-contamination-dataset,CC BY 4.0,train
ID_oBeoxJ.jpeg,anthracnose,dataset/images/train/ID_oBeoxJ.jpeg,1,amini-cocoa-contamination-dataset,CC BY 4.0,train
ID_V1SLqQ.jpg,healthy,dataset/images/train/ID_V1SLqQ.jpg,1,amini-cocoa-contamination-dataset,CC BY 4.0,train
ID_HVD3N5.jpeg,healthy,dataset/images/train/ID_HVD3N5.jpeg,3,amini-cocoa-contamination-dataset,CC BY 4.0,train
ID_ftXZfJ.jpg,cssvd,dataset/images/train/ID_ftXZfJ.jpg,1,amini-cocoa-contamination-dataset,CC BY 4.0,train
ID_vyuCK1.jpeg,healthy,dataset/images/train/ID_vyuCK1.jpeg,3,amini-cocoa-contamination-dataset,CC BY 4.0,train
ID_sTqLLs.jpeg,healthy,dataset/images/train/ID_sTqLLs.jpeg,1,amini-cocoa-contamination-dataset,CC BY 4.0,train
ID_ZcY0sx.jpg,cssvd,dataset/images/train/ID_ZcY0sx.jpg,1,amini-cocoa-contamination-dataset,CC BY 4.0,train
ID_PNzemk.jpg,cssvd,dataset/images/train/ID_PNzemk.jpg,1,amini-cocoa-contamination-dataset,CC BY 4.0,train
ID_IUz3r9.jpeg,healthy,dataset/images/train/ID_IUz3r9.jpeg,3,amini-cocoa-contamination-dataset,CC BY 4.0,train
ID_JbOi8K.jpeg,cssvd,dataset/images/train/ID_JbOi8K.jpeg,3,amini-cocoa-contamination-dataset,CC BY 4.0,train
ID_u4CFL0.jpg,cssvd,dataset/images/train/ID_u4CFL0.jpg,2,amini-cocoa-contamination-dataset,CC BY 4.0,train
ID_u6jwj6.jpeg,healthy,dataset/images/train/ID_u6jwj6.jpeg,4,amini-cocoa-contamination-dataset,CC BY 4.0,train
ID_ga732T.jpg,healthy,dataset/images/train/ID_ga732T.jpg,5,amini-cocoa-contamination-dataset,CC BY 4.0,train
ID_f22xL0.jpeg,anthracnose,dataset/images/train/ID_f22xL0.jpeg,1,amini-cocoa-contamination-dataset,CC BY 4.0,train
ID_nE4JpN.jpg,cssvd,dataset/images/train/ID_nE4JpN.jpg,1,amini-cocoa-contamination-dataset,CC BY 4.0,train
ID_MRgaQ7.jpg,healthy,dataset/images/train/ID_MRgaQ7.jpg,3,amini-cocoa-contamination-dataset,CC BY 4.0,train
ID_D2OFJn.jpg,anthracnose,dataset/images/train/ID_D2OFJn.jpg,1,amini-cocoa-contamination-dataset,CC BY 4.0,train
ID_eyODCI.jpg,cssvd,dataset/images/train/ID_eyODCI.jpg,1,amini-cocoa-contamination-dataset,CC BY 4.0,train
ID_YHBAKF.jpg,anthracnose,dataset/images/train/ID_YHBAKF.jpg,1,amini-cocoa-contamination-dataset,CC BY 4.0,train
ID_er2H5T.jpg,anthracnose,dataset/images/train/ID_er2H5T.jpg,1,amini-cocoa-contamination-dataset,CC BY 4.0,train
ID_mfYEcW.jpg,cssvd,dataset/images/train/ID_mfYEcW.jpg,1,amini-cocoa-contamination-dataset,CC BY 4.0,train
ID_whpeuy.jpg,cssvd,dataset/images/train/ID_whpeuy.jpg,1,amini-cocoa-contamination-dataset,CC BY 4.0,train
ID_gQ8lXF.jpg,healthy,dataset/images/train/ID_gQ8lXF.jpg,3,amini-cocoa-contamination-dataset,CC BY 4.0,train
ID_rXoyWS.jpg,healthy,dataset/images/train/ID_rXoyWS.jpg,1,amini-cocoa-contamination-dataset,CC BY 4.0,train
ID_CTMu4F.jpg,anthracnose,dataset/images/train/ID_CTMu4F.jpg,2,amini-cocoa-contamination-dataset,CC BY 4.0,train
ID_ckpnSN.jpg,cssvd,dataset/images/train/ID_ckpnSN.jpg,1,amini-cocoa-contamination-dataset,CC BY 4.0,train
ID_WJGX7l.jpg,cssvd,dataset/images/train/ID_WJGX7l.jpg,2,amini-cocoa-contamination-dataset,CC BY 4.0,train
ID_J26p8u.jpg,anthracnose,dataset/images/train/ID_J26p8u.jpg,1,amini-cocoa-contamination-dataset,CC BY 4.0,train
ID_ggJQjx.JPG,healthy,dataset/images/train/ID_ggJQjx.JPG,6,amini-cocoa-contamination-dataset,CC BY 4.0,train
ID_wWP6uc.jpg,anthracnose,dataset/images/train/ID_wWP6uc.jpg,1,amini-cocoa-contamination-dataset,CC BY 4.0,train
ID_Eb7JlO.jpg,cssvd,dataset/images/train/ID_Eb7JlO.jpg,1,amini-cocoa-contamination-dataset,CC BY 4.0,train
ID_FH5WPo.jpg,anthracnose,dataset/images/train/ID_FH5WPo.jpg,1,amini-cocoa-contamination-dataset,CC BY 4.0,train
ID_Uoy7f2.jpg,anthracnose,dataset/images/train/ID_Uoy7f2.jpg,5,amini-cocoa-contamination-dataset,CC BY 4.0,train
ID_MztPy0.jpeg,anthracnose,dataset/images/train/ID_MztPy0.jpeg,1,amini-cocoa-contamination-dataset,CC BY 4.0,train
ID_ZRZop8.jpg,cssvd,dataset/images/train/ID_ZRZop8.jpg,1,amini-cocoa-contamination-dataset,CC BY 4.0,train
ID_iREbBE.jpeg,anthracnose,dataset/images/train/ID_iREbBE.jpeg,1,amini-cocoa-contamination-dataset,CC BY 4.0,train
ID_QrmDc5.jpg,healthy,dataset/images/train/ID_QrmDc5.jpg,1,amini-cocoa-contamination-dataset,CC BY 4.0,train
ID_UAfjEJ.jpeg,healthy,dataset/images/train/ID_UAfjEJ.jpeg,1,amini-cocoa-contamination-dataset,CC BY 4.0,train
ID_Wf7e6c.jpg,cssvd,dataset/images/train/ID_Wf7e6c.jpg,3,amini-cocoa-contamination-dataset,CC BY 4.0,train
ID_AyLOZm.jpeg,healthy,dataset/images/train/ID_AyLOZm.jpeg,2,amini-cocoa-contamination-dataset,CC BY 4.0,train
ID_SbYS6O.jpg,cssvd,dataset/images/train/ID_SbYS6O.jpg,1,amini-cocoa-contamination-dataset,CC BY 4.0,train
ID_QXAmol.jpg,anthracnose,dataset/images/train/ID_QXAmol.jpg,1,amini-cocoa-contamination-dataset,CC BY 4.0,train
ID_lr2eWr.jpg,cssvd,dataset/images/train/ID_lr2eWr.jpg,1,amini-cocoa-contamination-dataset,CC BY 4.0,train
ID_nNo0yu.jpg,healthy,dataset/images/train/ID_nNo0yu.jpg,3,amini-cocoa-contamination-dataset,CC BY 4.0,train
ID_PjNqiZ.jpeg,healthy,dataset/images/train/ID_PjNqiZ.jpeg,3,amini-cocoa-contamination-dataset,CC BY 4.0,train
ID_LSqjdW.jpg,healthy,dataset/images/train/ID_LSqjdW.jpg,3,amini-cocoa-contamination-dataset,CC BY 4.0,train
ID_wJ1PDi.jpg,anthracnose,dataset/images/train/ID_wJ1PDi.jpg,1,amini-cocoa-contamination-dataset,CC BY 4.0,train
ID_cfciPk.jpg,cssvd,dataset/images/train/ID_cfciPk.jpg,1,amini-cocoa-contamination-dataset,CC BY 4.0,train
ID_P4GvZj.jpeg,healthy,dataset/images/train/ID_P4GvZj.jpeg,2,amini-cocoa-contamination-dataset,CC BY 4.0,train
ID_ebdxWo.jpg,healthy,dataset/images/train/ID_ebdxWo.jpg,4,amini-cocoa-contamination-dataset,CC BY 4.0,train
ID_RiYJga.jpg,cssvd,dataset/images/train/ID_RiYJga.jpg,1,amini-cocoa-contamination-dataset,CC BY 4.0,train
ID_HHkwGE.jpeg,anthracnose,dataset/images/train/ID_HHkwGE.jpeg,1,amini-cocoa-contamination-dataset,CC BY 4.0,train
ID_ErnJwh.jpeg,healthy,dataset/images/train/ID_ErnJwh.jpeg,2,amini-cocoa-contamination-dataset,CC BY 4.0,train
ID_VsDkQS.JPG,healthy,dataset/images/train/ID_VsDkQS.JPG,6,amini-cocoa-contamination-dataset,CC BY 4.0,train
ID_Nn8Etc.jpg,cssvd,dataset/images/train/ID_Nn8Etc.jpg,2,amini-cocoa-contamination-dataset,CC BY 4.0,train
ID_w0vh6r.jpg,cssvd,dataset/images/train/ID_w0vh6r.jpg,1,amini-cocoa-contamination-dataset,CC BY 4.0,train
ID_kPNMUK.jpg,cssvd,dataset/images/train/ID_kPNMUK.jpg,1,amini-cocoa-contamination-dataset,CC BY 4.0,train
ID_vqOXHy.jpg,healthy,dataset/images/train/ID_vqOXHy.jpg,2,amini-cocoa-contamination-dataset,CC BY 4.0,train
ID_UXoUqe.jpg,anthracnose,dataset/images/train/ID_UXoUqe.jpg,1,amini-cocoa-contamination-dataset,CC BY 4.0,train
ID_NrmUNc.jpeg,anthracnose,dataset/images/train/ID_NrmUNc.jpeg,1,amini-cocoa-contamination-dataset,CC BY 4.0,train
ID_sYePNU.jpg,cssvd,dataset/images/train/ID_sYePNU.jpg,1,amini-cocoa-contamination-dataset,CC BY 4.0,train
ID_Cv9DU4.jpg,anthracnose,dataset/images/train/ID_Cv9DU4.jpg,3,amini-cocoa-contamination-dataset,CC BY 4.0,train
ID_mfOF2u.jpg,anthracnose,dataset/images/train/ID_mfOF2u.jpg,1,amini-cocoa-contamination-dataset,CC BY 4.0,train
ID_VuvIPi.jpg,anthracnose,dataset/images/train/ID_VuvIPi.jpg,2,amini-cocoa-contamination-dataset,CC BY 4.0,train
ID_YLPRaW.jpeg,cssvd,dataset/images/train/ID_YLPRaW.jpeg,1,amini-cocoa-contamination-dataset,CC BY 4.0,train
ID_CqgGge.JPG,healthy,dataset/images/train/ID_CqgGge.JPG,2,amini-cocoa-contamination-dataset,CC BY 4.0,train
ID_BSotYX.jpg,anthracnose,dataset/images/train/ID_BSotYX.jpg,1,amini-cocoa-contamination-dataset,CC BY 4.0,train
ID_kqliJT.jpg,anthracnose,dataset/images/train/ID_kqliJT.jpg,1,amini-cocoa-contamination-dataset,CC BY 4.0,train
ID_RvlSe0.jpg,cssvd,dataset/images/train/ID_RvlSe0.jpg,1,amini-cocoa-contamination-dataset,CC BY 4.0,train
ID_rTmGEO.jpeg,anthracnose,dataset/images/train/ID_rTmGEO.jpeg,1,amini-cocoa-contamination-dataset,CC BY 4.0,train
ID_Ms0aHF.jpg,cssvd,dataset/images/train/ID_Ms0aHF.jpg,1,amini-cocoa-contamination-dataset,CC BY 4.0,train
ID_X3jW2D.JPG,healthy,dataset/images/train/ID_X3jW2D.JPG,4,amini-cocoa-contamination-dataset,CC BY 4.0,train
ID_FDY7Of.jpeg,cssvd,dataset/images/train/ID_FDY7Of.jpeg,2,amini-cocoa-contamination-dataset,CC BY 4.0,train
ID_Lfy3xZ.jpeg,healthy,dataset/images/train/ID_Lfy3xZ.jpeg,1,amini-cocoa-contamination-dataset,CC BY 4.0,train
ID_omwb92.jpeg,cssvd,dataset/images/train/ID_omwb92.jpeg,1,amini-cocoa-contamination-dataset,CC BY 4.0,train
ID_x7rTkK.jpg,anthracnose,dataset/images/train/ID_x7rTkK.jpg,1,amini-cocoa-contamination-dataset,CC BY 4.0,train
ID_DhtQeo.jpg,anthracnose,dataset/images/train/ID_DhtQeo.jpg,1,amini-cocoa-contamination-dataset,CC BY 4.0,train
ID_InmVcu.jpg,cssvd,dataset/images/train/ID_InmVcu.jpg,1,amini-cocoa-contamination-dataset,CC BY 4.0,train
ID_ySPZBp.jpg,cssvd,dataset/images/train/ID_ySPZBp.jpg,1,amini-cocoa-contamination-dataset,CC BY 4.0,train
ID_PA0zw5.jpg,anthracnose,dataset/images/train/ID_PA0zw5.jpg,3,amini-cocoa-contamination-dataset,CC BY 4.0,train
ID_fn0OmG.jpeg,anthracnose,dataset/images/train/ID_fn0OmG.jpeg,1,amini-cocoa-contamination-dataset,CC BY 4.0,train
ID_wF7EbR.jpeg,anthracnose,dataset/images/train/ID_wF7EbR.jpeg,1,amini-cocoa-contamination-dataset,CC BY 4.0,train
ID_XeQr9K.jpg,cssvd,dataset/images/train/ID_XeQr9K.jpg,1,amini-cocoa-contamination-dataset,CC BY 4.0,train
ID_SxyKDH.jpg,healthy,dataset/images/train/ID_SxyKDH.jpg,1,amini-cocoa-contamination-dataset,CC BY 4.0,train
ID_shux77.jpg,healthy,dataset/images/train/ID_shux77.jpg,3,amini-cocoa-contamination-dataset,CC BY 4.0,train
ID_hqtPFr.jpg,cssvd,dataset/images/train/ID_hqtPFr.jpg,1,amini-cocoa-contamination-dataset,CC BY 4.0,train
ID_J7tnt4.jpeg,healthy,dataset/images/train/ID_J7tnt4.jpeg,4,amini-cocoa-contamination-dataset,CC BY 4.0,train
ID_gxRGdX.jpeg,healthy,dataset/images/train/ID_gxRGdX.jpeg,2,amini-cocoa-contamination-dataset,CC BY 4.0,train
ID_DI50j4.jpg,healthy,dataset/images/train/ID_DI50j4.jpg,1,amini-cocoa-contamination-dataset,CC BY 4.0,train
ID_h0qMvf.jpg,anthracnose,dataset/images/train/ID_h0qMvf.jpg,2,amini-cocoa-contamination-dataset,CC BY 4.0,train
ID_yjMBPL.jpg,anthracnose,dataset/images/train/ID_yjMBPL.jpg,1,amini-cocoa-contamination-dataset,CC BY 4.0,train
ID_mknvyN.jpg,anthracnose,dataset/images/train/ID_mknvyN.jpg,2,amini-cocoa-contamination-dataset,CC BY 4.0,train
ID_yejcBB.jpeg,cssvd,dataset/images/train/ID_yejcBB.jpeg,2,amini-cocoa-contamination-dataset,CC BY 4.0,train
ID_Iwf35q.jpg,anthracnose,dataset/images/train/ID_Iwf35q.jpg,1,amini-cocoa-contamination-dataset,CC BY 4.0,train
ID_CcT6yF.jpeg,anthracnose,dataset/images/train/ID_CcT6yF.jpeg,2,amini-cocoa-contamination-dataset,CC BY 4.0,train
ID_lLn5Lv.jpg,cssvd,dataset/images/train/ID_lLn5Lv.jpg,4,amini-cocoa-contamination-dataset,CC BY 4.0,train
ID_uCZCap.jpg,anthracnose,dataset/images/train/ID_uCZCap.jpg,2,amini-cocoa-contamination-dataset,CC BY 4.0,train
ID_iHQF4q.jpg,anthracnose,dataset/images/train/ID_iHQF4q.jpg,1,amini-cocoa-contamination-dataset,CC BY 4.0,train
ID_HWFOuI.jpeg,cssvd,dataset/images/train/ID_HWFOuI.jpeg,1,amini-cocoa-contamination-dataset,CC BY 4.0,train
ID_o6kRex.jpg,healthy,dataset/images/train/ID_o6kRex.jpg,1,amini-cocoa-contamination-dataset,CC BY 4.0,train
ID_PgNLoG.jpg,cssvd,dataset/images/train/ID_PgNLoG.jpg,2,amini-cocoa-contamination-dataset,CC BY 4.0,train
ID_jPof1S.jpg,healthy,dataset/images/train/ID_jPof1S.jpg,1,amini-cocoa-contamination-dataset,CC BY 4.0,train
ID_PObhzd.jpg,healthy,dataset/images/train/ID_PObhzd.jpg,2,amini-cocoa-contamination-dataset,CC BY 4.0,train
ID_v0TB8L.jpg,anthracnose,dataset/images/train/ID_v0TB8L.jpg,2,amini-cocoa-contamination-dataset,CC BY 4.0,train
ID_ppo5lW.jpg,cssvd,dataset/images/train/ID_ppo5lW.jpg,1,amini-cocoa-contamination-dataset,CC BY 4.0,train
ID_nIzLHr.jpeg,anthracnose,dataset/images/train/ID_nIzLHr.jpeg,1,amini-cocoa-contamination-dataset,CC BY 4.0,train
ID_HaUySu.jpg,cssvd,dataset/images/train/ID_HaUySu.jpg,3,amini-cocoa-contamination-dataset,CC BY 4.0,train
ID_W0r2W2.jpg,anthracnose,dataset/images/train/ID_W0r2W2.jpg,1,amini-cocoa-contamination-dataset,CC BY 4.0,train
ID_FbjQNa.jpg,cssvd,dataset/images/train/ID_FbjQNa.jpg,1,amini-cocoa-contamination-dataset,CC BY 4.0,train
ID_jCePZW.jpeg,cssvd,dataset/images/train/ID_jCePZW.jpeg,1,amini-cocoa-contamination-dataset,CC BY 4.0,train
ID_vjSTWF.jpg,healthy,dataset/images/train/ID_vjSTWF.jpg,5,amini-cocoa-contamination-dataset,CC BY 4.0,train
ID_UpS6wE.jpg,cssvd,dataset/images/train/ID_UpS6wE.jpg,2,amini-cocoa-contamination-dataset,CC BY 4.0,train
ID_GGRLve.jpg,cssvd,dataset/images/train/ID_GGRLve.jpg,1,amini-cocoa-contamination-dataset,CC BY 4.0,train
ID_X09wFp.jpeg,anthracnose,dataset/images/train/ID_X09wFp.jpeg,2,amini-cocoa-contamination-dataset,CC BY 4.0,train
ID_xK7CYQ.jpg,anthracnose,dataset/images/train/ID_xK7CYQ.jpg,1,amini-cocoa-contamination-dataset,CC BY 4.0,train
ID_DfEmc9.jpeg,anthracnose,dataset/images/train/ID_DfEmc9.jpeg,1,amini-cocoa-contamination-dataset,CC BY 4.0,train
ID_pF53yY.jpg,cssvd,dataset/images/train/ID_pF53yY.jpg,1,amini-cocoa-contamination-dataset,CC BY 4.0,train
ID_KMqmjB.JPG,anthracnose,dataset/images/train/ID_KMqmjB.JPG,2,amini-cocoa-contamination-dataset,CC BY 4.0,train
ID_RmOQ6D.jpg,cssvd,dataset/images/train/ID_RmOQ6D.jpg,1,amini-cocoa-contamination-dataset,CC BY 4.0,train
ID_bxmg51.JPG,cssvd,dataset/images/train/ID_bxmg51.JPG,1,amini-cocoa-contamination-dataset,CC BY 4.0,train
ID_jctN2s.jpg,cssvd,dataset/images/train/ID_jctN2s.jpg,1,amini-cocoa-contamination-dataset,CC BY 4.0,train
ID_b0EPfG.jpg,healthy,dataset/images/train/ID_b0EPfG.jpg,1,amini-cocoa-contamination-dataset,CC BY 4.0,train
ID_ZjRUMu.jpg,cssvd,dataset/images/train/ID_ZjRUMu.jpg,1,amini-cocoa-contamination-dataset,CC BY 4.0,train
ID_B0ovIE.jpg,cssvd,dataset/images/train/ID_B0ovIE.jpg,1,amini-cocoa-contamination-dataset,CC BY 4.0,train
ID_mCDdB7.jpg,anthracnose,dataset/images/train/ID_mCDdB7.jpg,2,amini-cocoa-contamination-dataset,CC BY 4.0,train
ID_nfaxgX.jpg,anthracnose,dataset/images/train/ID_nfaxgX.jpg,1,amini-cocoa-contamination-dataset,CC BY 4.0,train
ID_R2xCLQ.jpg,anthracnose,dataset/images/train/ID_R2xCLQ.jpg,1,amini-cocoa-contamination-dataset,CC BY 4.0,train
ID_kyIDdN.jpg,anthracnose,dataset/images/train/ID_kyIDdN.jpg,1,amini-cocoa-contamination-dataset,CC BY 4.0,train
ID_UlMAV1.jpg,anthracnose,dataset/images/train/ID_UlMAV1.jpg,1,amini-cocoa-contamination-dataset,CC BY 4.0,train
ID_gjJwNu.jpg,anthracnose,dataset/images/train/ID_gjJwNu.jpg,1,amini-cocoa-contamination-dataset,CC BY 4.0,train
ID_NJzj0H.jpg,healthy,dataset/images/train/ID_NJzj0H.jpg,1,amini-cocoa-contamination-dataset,CC BY 4.0,train
ID_N9A9JN.jpeg,cssvd,dataset/images/train/ID_N9A9JN.jpeg,2,amini-cocoa-contamination-dataset,CC BY 4.0,train
ID_iZatbA.jpg,anthracnose,dataset/images/train/ID_iZatbA.jpg,4,amini-cocoa-contamination-dataset,CC BY 4.0,train
ID_Toahmq.jpeg,anthracnose,dataset/images/train/ID_Toahmq.jpeg,3,amini-cocoa-contamination-dataset,CC BY 4.0,train
ID_UTiw2U.JPG,healthy,dataset/images/train/ID_UTiw2U.JPG,4,amini-cocoa-contamination-dataset,CC BY 4.0,train
ID_qH6m1X.jpg,anthracnose,dataset/images/train/ID_qH6m1X.jpg,1,amini-cocoa-contamination-dataset,CC BY 4.0,train
ID_dbs3HV.jpg,cssvd,dataset/images/train/ID_dbs3HV.jpg,1,amini-cocoa-contamination-dataset,CC BY 4.0,train
ID_cU3UrV.JPG,healthy,dataset/images/train/ID_cU3UrV.JPG,7,amini-cocoa-contamination-dataset,CC BY 4.0,train
ID_t22Ny9.JPG,healthy,dataset/images/train/ID_t22Ny9.JPG,3,amini-cocoa-contamination-dataset,CC BY 4.0,train
ID_smp0uJ.jpeg,cssvd,dataset/images/train/ID_smp0uJ.jpeg,1,amini-cocoa-contamination-dataset,CC BY 4.0,train
ID_Mi7YFB.JPG,anthracnose,dataset/images/train/ID_Mi7YFB.JPG,1,amini-cocoa-contamination-dataset,CC BY 4.0,train
ID_Y1VNxj.jpeg,cssvd,dataset/images/train/ID_Y1VNxj.jpeg,2,amini-cocoa-contamination-dataset,CC BY 4.0,train
ID_dgAfoY.jpeg,anthracnose,dataset/images/train/ID_dgAfoY.jpeg,1,amini-cocoa-contamination-dataset,CC BY 4.0,train
ID_udoU6p.jpg,cssvd,dataset/images/train/ID_udoU6p.jpg,1,amini-cocoa-contamination-dataset,CC BY 4.0,train
ID_AUeDSo.jpg,cssvd,dataset/images/train/ID_AUeDSo.jpg,2,amini-cocoa-contamination-dataset,CC BY 4.0,train
ID_iuGUTb.jpg,healthy,dataset/images/train/ID_iuGUTb.jpg,2,amini-cocoa-contamination-dataset,CC BY 4.0,train
ID_Y4XOwZ.jpg,cssvd,dataset/images/train/ID_Y4XOwZ.jpg,2,amini-cocoa-contamination-dataset,CC BY 4.0,train
ID_YkardP.JPG,healthy,dataset/images/train/ID_YkardP.JPG,2,amini-cocoa-contamination-dataset,CC BY 4.0,train
ID_GQ0r0l.jpg,healthy,dataset/images/train/ID_GQ0r0l.jpg,6,amini-cocoa-contamination-dataset,CC BY 4.0,train
ID_UJ3vn3.jpg,cssvd,dataset/images/train/ID_UJ3vn3.jpg,1,amini-cocoa-contamination-dataset,CC BY 4.0,train
ID_FlVIgF.jpeg,cssvd,dataset/images/train/ID_FlVIgF.jpeg,1,amini-cocoa-contamination-dataset,CC BY 4.0,train
ID_cwnvzP.jpg,cssvd,dataset/images/train/ID_cwnvzP.jpg,1,amini-cocoa-contamination-dataset,CC BY 4.0,train
ID_Dm9vCx.jpg,cssvd,dataset/images/train/ID_Dm9vCx.jpg,1,amini-cocoa-contamination-dataset,CC BY 4.0,train
ID_Aa5Pam.jpeg,anthracnose,dataset/images/train/ID_Aa5Pam.jpeg,1,amini-cocoa-contamination-dataset,CC BY 4.0,train
ID_vvrW44.jpg,cssvd,dataset/images/train/ID_vvrW44.jpg,1,amini-cocoa-contamination-dataset,CC BY 4.0,train
ID_U9GZTJ.jpg,anthracnose,dataset/images/train/ID_U9GZTJ.jpg,1,amini-cocoa-contamination-dataset,CC BY 4.0,train
ID_g5TEf9.jpg,healthy,dataset/images/train/ID_g5TEf9.jpg,5,amini-cocoa-contamination-dataset,CC BY 4.0,train
ID_NmllZR.jpg,cssvd,dataset/images/train/ID_NmllZR.jpg,1,amini-cocoa-contamination-dataset,CC BY 4.0,train
ID_JvZakc.jpg,cssvd,dataset/images/train/ID_JvZakc.jpg,1,amini-cocoa-contamination-dataset,CC BY 4.0,train
ID_r1x50p.jpg,cssvd,dataset/images/train/ID_r1x50p.jpg,1,amini-cocoa-contamination-dataset,CC BY 4.0,train
ID_AueB13.jpg,anthracnose,dataset/images/train/ID_AueB13.jpg,1,amini-cocoa-contamination-dataset,CC BY 4.0,train
ID_eJ7BL6.jpg,healthy,dataset/images/train/ID_eJ7BL6.jpg,3,amini-cocoa-contamination-dataset,CC BY 4.0,train
ID_usg4S9.jpeg,healthy,dataset/images/train/ID_usg4S9.jpeg,2,amini-cocoa-contamination-dataset,CC BY 4.0,train
ID_PUwSfb.jpg,cssvd,dataset/images/train/ID_PUwSfb.jpg,3,amini-cocoa-contamination-dataset,CC BY 4.0,train
ID_xcUhwW.jpeg,healthy,dataset/images/train/ID_xcUhwW.jpeg,4,amini-cocoa-contamination-dataset,CC BY 4.0,train
ID_QxQIyq.jpg,cssvd,dataset/images/train/ID_QxQIyq.jpg,1,amini-cocoa-contamination-dataset,CC BY 4.0,train
ID_yZxf2F.jpeg,healthy,dataset/images/train/ID_yZxf2F.jpeg,2,amini-cocoa-contamination-dataset,CC BY 4.0,train
ID_Ko4fL3.jpg,anthracnose,dataset/images/train/ID_Ko4fL3.jpg,2,amini-cocoa-contamination-dataset,CC BY 4.0,train
ID_l7VImD.jpg,cssvd,dataset/images/train/ID_l7VImD.jpg,1,amini-cocoa-contamination-dataset,CC BY 4.0,train
ID_p3CeU6.jpg,anthracnose,dataset/images/train/ID_p3CeU6.jpg,1,amini-cocoa-contamination-dataset,CC BY 4.0,train
ID_oDoWDy.jpg,cssvd,dataset/images/train/ID_oDoWDy.jpg,1,amini-cocoa-contamination-dataset,CC BY 4.0,train
ID_FBviFm.jpg,anthracnose,dataset/images/train/ID_FBviFm.jpg,1,amini-cocoa-contamination-dataset,CC BY 4.0,train
ID_NHvWxX.jpg,anthracnose,dataset/images/train/ID_NHvWxX.jpg,2,amini-cocoa-contamination-dataset,CC BY 4.0,train
ID_LZumGY.jpeg,healthy,dataset/images/train/ID_LZumGY.jpeg,4,amini-cocoa-contamination-dataset,CC BY 4.0,train
ID_TmV8Jj.jpg,anthracnose,dataset/images/train/ID_TmV8Jj.jpg,1,amini-cocoa-contamination-dataset,CC BY 4.0,train
ID_vdbf6i.jpg,cssvd,dataset/images/train/ID_vdbf6i.jpg,1,amini-cocoa-contamination-dataset,CC BY 4.0,train
ID_t7vr2h.JPG,cssvd,dataset/images/train/ID_t7vr2h.JPG,3,amini-cocoa-contamination-dataset,CC BY 4.0,train
ID_N833Al.jpeg,cssvd,dataset/images/train/ID_N833Al.jpeg,1,amini-cocoa-contamination-dataset,CC BY 4.0,train
ID_V7gwIq.jpg,cssvd,dataset/images/train/ID_V7gwIq.jpg,1,amini-cocoa-contamination-dataset,CC BY 4.0,train
ID_ivANpW.jpg,anthracnose,dataset/images/train/ID_ivANpW.jpg,2,amini-cocoa-contamination-dataset,CC BY 4.0,train
ID_h9sEf1.jpg,anthracnose,dataset/images/train/ID_h9sEf1.jpg,1,amini-cocoa-contamination-dataset,CC BY 4.0,train
ID_HF3DHC.jpg,healthy,dataset/images/train/ID_HF3DHC.jpg,4,amini-cocoa-contamination-dataset,CC BY 4.0,train
ID_pAtw9r.jpg,cssvd,dataset/images/train/ID_pAtw9r.jpg,1,amini-cocoa-contamination-dataset,CC BY 4.0,train
ID_cAj6LT.jpg,cssvd,dataset/images/train/ID_cAj6LT.jpg,1,amini-cocoa-contamination-dataset,CC BY 4.0,train
ID_gG1S92.jpeg,healthy,dataset/images/train/ID_gG1S92.jpeg,1,amini-cocoa-contamination-dataset,CC BY 4.0,train
ID_xXCNSU.jpeg,healthy,dataset/images/train/ID_xXCNSU.jpeg,3,amini-cocoa-contamination-dataset,CC BY 4.0,train
ID_J5mTAL.jpeg,healthy,dataset/images/train/ID_J5mTAL.jpeg,2,amini-cocoa-contamination-dataset,CC BY 4.0,train
ID_EwVt2A.jpg,cssvd,dataset/images/train/ID_EwVt2A.jpg,2,amini-cocoa-contamination-dataset,CC BY 4.0,train
ID_GPfHfW.jpg,anthracnose,dataset/images/train/ID_GPfHfW.jpg,2,amini-cocoa-contamination-dataset,CC BY 4.0,train
ID_NjI84l.jpg,healthy,dataset/images/train/ID_NjI84l.jpg,4,amini-cocoa-contamination-dataset,CC BY 4.0,train
ID_KeVyOg.jpeg,healthy,dataset/images/train/ID_KeVyOg.jpeg,1,amini-cocoa-contamination-dataset,CC BY 4.0,train
ID_YVZEp0.jpg,anthracnose,dataset/images/train/ID_YVZEp0.jpg,1,amini-cocoa-contamination-dataset,CC BY 4.0,train
ID_Dolzdw.jpeg,healthy,dataset/images/train/ID_Dolzdw.jpeg,1,amini-cocoa-contamination-dataset,CC BY 4.0,train
ID_bSr2Ay.jpg,cssvd,dataset/images/train/ID_bSr2Ay.jpg,1,amini-cocoa-contamination-dataset,CC BY 4.0,train
ID_KMOifL.jpg,anthracnose,dataset/images/train/ID_KMOifL.jpg,1,amini-cocoa-contamination-dataset,CC BY 4.0,train
ID_WIuXLH.jpg,anthracnose,dataset/images/train/ID_WIuXLH.jpg,1,amini-cocoa-contamination-dataset,CC BY 4.0,train
ID_uUutfx.jpg,anthracnose,dataset/images/train/ID_uUutfx.jpg,1,amini-cocoa-contamination-dataset,CC BY 4.0,train
ID_BprB5w.jpg,healthy,dataset/images/train/ID_BprB5w.jpg,4,amini-cocoa-contamination-dataset,CC BY 4.0,train
ID_qkr6OP.jpeg,anthracnose,dataset/images/train/ID_qkr6OP.jpeg,1,amini-cocoa-contamination-dataset,CC BY 4.0,train
ID_vLUbnw.jpeg,cssvd,dataset/images/train/ID_vLUbnw.jpeg,1,amini-cocoa-contamination-dataset,CC BY 4.0,train
ID_SGxDp3.jpg,cssvd,dataset/images/train/ID_SGxDp3.jpg,5,amini-cocoa-contamination-dataset,CC BY 4.0,train
ID_m5JO3i.jpg,cssvd,dataset/images/train/ID_m5JO3i.jpg,1,amini-cocoa-contamination-dataset,CC BY 4.0,train
ID_xYYIcI.jpeg,cssvd,dataset/images/train/ID_xYYIcI.jpeg,1,amini-cocoa-contamination-dataset,CC BY 4.0,train
ID_aQRSGZ.jpg,cssvd,dataset/images/train/ID_aQRSGZ.jpg,2,amini-cocoa-contamination-dataset,CC BY 4.0,train
ID_zl3asm.jpg,healthy,dataset/images/train/ID_zl3asm.jpg,4,amini-cocoa-contamination-dataset,CC BY 4.0,train
ID_ObLTZX.jpg,cssvd,dataset/images/train/ID_ObLTZX.jpg,1,amini-cocoa-contamination-dataset,CC BY 4.0,train
ID_LBIqFG.jpg,cssvd,dataset/images/train/ID_LBIqFG.jpg,1,amini-cocoa-contamination-dataset,CC BY 4.0,train
ID_P2QjA6.jpg,healthy,dataset/images/train/ID_P2QjA6.jpg,3,amini-cocoa-contamination-dataset,CC BY 4.0,train
ID_b3ddjH.jpeg,anthracnose,dataset/images/train/ID_b3ddjH.jpeg,2,amini-cocoa-contamination-dataset,CC BY 4.0,train
ID_GFHk2s.jpg,cssvd,dataset/images/train/ID_GFHk2s.jpg,1,amini-cocoa-contamination-dataset,CC BY 4.0,train
ID_dGn1CL.jpeg,anthracnose,dataset/images/train/ID_dGn1CL.jpeg,1,amini-cocoa-contamination-dataset,CC BY 4.0,train
ID_LPVUyF.jpeg,healthy,dataset/images/train/ID_LPVUyF.jpeg,3,amini-cocoa-contamination-dataset,CC BY 4.0,train
ID_a0X1kg.jpg,anthracnose,dataset/images/train/ID_a0X1kg.jpg,1,amini-cocoa-contamination-dataset,CC BY 4.0,train
ID_DTKIsY.jpeg,anthracnose,dataset/images/train/ID_DTKIsY.jpeg,1,amini-cocoa-contamination-dataset,CC BY 4.0,train
ID_tc1cIj.jpeg,healthy,dataset/images/train/ID_tc1cIj.jpeg,3,amini-cocoa-contamination-dataset,CC BY 4.0,train
ID_cGrCAD.jpg,anthracnose,dataset/images/train/ID_cGrCAD.jpg,1,amini-cocoa-contamination-dataset,CC BY 4.0,train
ID_oukZtQ.jpg,cssvd,dataset/images/train/ID_oukZtQ.jpg,1,amini-cocoa-contamination-dataset,CC BY 4.0,train
ID_yF0LmN.jpg,cssvd,dataset/images/train/ID_yF0LmN.jpg,1,amini-cocoa-contamination-dataset,CC BY 4.0,train
ID_g3kzdD.jpg,healthy,dataset/images/train/ID_g3kzdD.jpg,4,amini-cocoa-contamination-dataset,CC BY 4.0,train
ID_EGNflO.jpg,healthy,dataset/images/train/ID_EGNflO.jpg,1,amini-cocoa-contamination-dataset,CC BY 4.0,train
ID_fWPbsa.jpeg,healthy,dataset/images/train/ID_fWPbsa.jpeg,2,amini-cocoa-contamination-dataset,CC BY 4.0,train
ID_zjkLGy.jpg,anthracnose,dataset/images/train/ID_zjkLGy.jpg,3,amini-cocoa-contamination-dataset,CC BY 4.0,train
ID_dMU7Jd.JPG,cssvd,dataset/images/train/ID_dMU7Jd.JPG,3,amini-cocoa-contamination-dataset,CC BY 4.0,train
ID_Q938mO.jpeg,healthy,dataset/images/train/ID_Q938mO.jpeg,2,amini-cocoa-contamination-dataset,CC BY 4.0,train
ID_pmZJiW.jpg,cssvd,dataset/images/train/ID_pmZJiW.jpg,1,amini-cocoa-contamination-dataset,CC BY 4.0,train
ID_GK394N.jpeg,healthy,dataset/images/train/ID_GK394N.jpeg,1,amini-cocoa-contamination-dataset,CC BY 4.0,train
ID_uSnb9g.JPG,healthy,dataset/images/train/ID_uSnb9g.JPG,7,amini-cocoa-contamination-dataset,CC BY 4.0,train
ID_Jn7aIE.jpg,cssvd,dataset/images/train/ID_Jn7aIE.jpg,2,amini-cocoa-contamination-dataset,CC BY 4.0,train
ID_vz6wqX.jpg,anthracnose,dataset/images/train/ID_vz6wqX.jpg,2,amini-cocoa-contamination-dataset,CC BY 4.0,train
ID_msAIUG.jpg,healthy,dataset/images/train/ID_msAIUG.jpg,2,amini-cocoa-contamination-dataset,CC BY 4.0,train
ID_cBuFd7.jpg,cssvd,dataset/images/train/ID_cBuFd7.jpg,1,amini-cocoa-contamination-dataset,CC BY 4.0,train
ID_LqUu60.jpg,healthy,dataset/images/train/ID_LqUu60.jpg,6,amini-cocoa-contamination-dataset,CC BY 4.0,train
ID_QEGas6.jpg,anthracnose,dataset/images/train/ID_QEGas6.jpg,1,amini-cocoa-contamination-dataset,CC BY 4.0,train
ID_jKdQti.jpeg,anthracnose,dataset/images/train/ID_jKdQti.jpeg,1,amini-cocoa-contamination-dataset,CC BY 4.0,train
ID_WPvotG.jpg,anthracnose,dataset/images/train/ID_WPvotG.jpg,1,amini-cocoa-contamination-dataset,CC BY 4.0,train
ID_rrrn7Q.JPG,cssvd,dataset/images/train/ID_rrrn7Q.JPG,2,amini-cocoa-contamination-dataset,CC BY 4.0,train
ID_T267SH.jpg,anthracnose,dataset/images/train/ID_T267SH.jpg,1,amini-cocoa-contamination-dataset,CC BY 4.0,train
ID_tAvq2Q.jpg,cssvd,dataset/images/train/ID_tAvq2Q.jpg,1,amini-cocoa-contamination-dataset,CC BY 4.0,train
ID_BvfonO.jpeg,cssvd,dataset/images/train/ID_BvfonO.jpeg,1,amini-cocoa-contamination-dataset,CC BY 4.0,train
ID_sa7uKP.jpg,healthy,dataset/images/train/ID_sa7uKP.jpg,2,amini-cocoa-contamination-dataset,CC BY 4.0,train
ID_Y0KY3H.jpg,cssvd,dataset/images/train/ID_Y0KY3H.jpg,2,amini-cocoa-contamination-dataset,CC BY 4.0,train
ID_DwjRVt.jpeg,healthy,dataset/images/train/ID_DwjRVt.jpeg,2,amini-cocoa-contamination-dataset,CC BY 4.0,train
ID_BZmL2Q.jpeg,cssvd,dataset/images/train/ID_BZmL2Q.jpeg,1,amini-cocoa-contamination-dataset,CC BY 4.0,train
ID_qgjHjF.jpeg,cssvd,dataset/images/train/ID_qgjHjF.jpeg,1,amini-cocoa-contamination-dataset,CC BY 4.0,train
ID_FTL7SU.jpeg,cssvd,dataset/images/train/ID_FTL7SU.jpeg,1,amini-cocoa-contamination-dataset,CC BY 4.0,train
ID_Bx8A4s.jpg,cssvd,dataset/images/train/ID_Bx8A4s.jpg,3,amini-cocoa-contamination-dataset,CC BY 4.0,train
ID_fJZOme.jpg,cssvd,dataset/images/train/ID_fJZOme.jpg,1,amini-cocoa-contamination-dataset,CC BY 4.0,train
ID_eOtJtw.jpeg,anthracnose,dataset/images/train/ID_eOtJtw.jpeg,1,amini-cocoa-contamination-dataset,CC BY 4.0,train
ID_ZNhYc0.jpg,healthy,dataset/images/train/ID_ZNhYc0.jpg,2,amini-cocoa-contamination-dataset,CC BY 4.0,train
ID_bGSfkl.JPG,healthy,dataset/images/train/ID_bGSfkl.JPG,1,amini-cocoa-contamination-dataset,CC BY 4.0,train
ID_yJY6yx.jpeg,cssvd,dataset/images/train/ID_yJY6yx.jpeg,1,amini-cocoa-contamination-dataset,CC BY 4.0,train
ID_h3TQzk.jpeg,anthracnose,dataset/images/train/ID_h3TQzk.jpeg,2,amini-cocoa-contamination-dataset,CC BY 4.0,train
ID_oQgity.jpg,healthy,dataset/images/train/ID_oQgity.jpg,3,amini-cocoa-contamination-dataset,CC BY 4.0,train
ID_aKWjDW.jpeg,cssvd,dataset/images/train/ID_aKWjDW.jpeg,1,amini-cocoa-contamination-dataset,CC BY 4.0,train
ID_I16KZg.jpg,cssvd,dataset/images/train/ID_I16KZg.jpg,1,amini-cocoa-contamination-dataset,CC BY 4.0,train
ID_cO2ZuI.jpg,healthy,dataset/images/train/ID_cO2ZuI.jpg,2,amini-cocoa-contamination-dataset,CC BY 4.0,train
ID_HGV3pv.jpg,healthy,dataset/images/train/ID_HGV3pv.jpg,1,amini-cocoa-contamination-dataset,CC BY 4.0,train
ID_ugmhwT.jpg,anthracnose,dataset/images/train/ID_ugmhwT.jpg,3,amini-cocoa-contamination-dataset,CC BY 4.0,train
ID_ghYcw8.jpeg,healthy,dataset/images/train/ID_ghYcw8.jpeg,3,amini-cocoa-contamination-dataset,CC BY 4.0,train
ID_Db8YsJ.jpeg,healthy,dataset/images/train/ID_Db8YsJ.jpeg,1,amini-cocoa-contamination-dataset,CC BY 4.0,train
ID_Qy8MWD.jpeg,healthy,dataset/images/train/ID_Qy8MWD.jpeg,2,amini-cocoa-contamination-dataset,CC BY 4.0,train
ID_Cvchvl.jpg,cssvd,dataset/images/train/ID_Cvchvl.jpg,2,amini-cocoa-contamination-dataset,CC BY 4.0,train
ID_N2sl94.jpg,cssvd,dataset/images/train/ID_N2sl94.jpg,1,amini-cocoa-contamination-dataset,CC BY 4.0,train
ID_zg1sZA.jpg,cssvd,dataset/images/train/ID_zg1sZA.jpg,1,amini-cocoa-contamination-dataset,CC BY 4.0,train
ID_YW2C4s.jpg,cssvd,dataset/images/train/ID_YW2C4s.jpg,1,amini-cocoa-contamination-dataset,CC BY 4.0,train
ID_MyetDV.jpeg,cssvd,dataset/images/train/ID_MyetDV.jpeg,2,amini-cocoa-contamination-dataset,CC BY 4.0,train
ID_lcXXxu.jpg,cssvd,dataset/images/train/ID_lcXXxu.jpg,1,amini-cocoa-contamination-dataset,CC BY 4.0,train
ID_Mdm34o.jpg,cssvd,dataset/images/train/ID_Mdm34o.jpg,3,amini-cocoa-contamination-dataset,CC BY 4.0,train
ID_QVEUhP.jpg,anthracnose,dataset/images/train/ID_QVEUhP.jpg,2,amini-cocoa-contamination-dataset,CC BY 4.0,train
ID_jeuNry.jpg,cssvd,dataset/images/train/ID_jeuNry.jpg,2,amini-cocoa-contamination-dataset,CC BY 4.0,train
ID_B9K2SI.jpg,cssvd,dataset/images/train/ID_B9K2SI.jpg,2,amini-cocoa-contamination-dataset,CC BY 4.0,train
ID_RIYBCY.jpg,anthracnose,dataset/images/train/ID_RIYBCY.jpg,1,amini-cocoa-contamination-dataset,CC BY 4.0,train
ID_vK5pjn.jpg,cssvd,dataset/images/train/ID_vK5pjn.jpg,1,amini-cocoa-contamination-dataset,CC BY 4.0,train
ID_ynY2Pc.jpg,cssvd,dataset/images/train/ID_ynY2Pc.jpg,3,amini-cocoa-contamination-dataset,CC BY 4.0,train
ID_pCOLX3.jpeg,anthracnose,dataset/images/train/ID_pCOLX3.jpeg,1,amini-cocoa-contamination-dataset,CC BY 4.0,train
ID_rKluM6.jpg,anthracnose,dataset/images/train/ID_rKluM6.jpg,4,amini-cocoa-contamination-dataset,CC BY 4.0,train
ID_PL2dpw.jpg,healthy,dataset/images/train/ID_PL2dpw.jpg,4,amini-cocoa-contamination-dataset,CC BY 4.0,train
ID_ln2qOs.jpg,cssvd,dataset/images/train/ID_ln2qOs.jpg,2,amini-cocoa-contamination-dataset,CC BY 4.0,train
ID_lzkF7O.jpeg,cssvd,dataset/images/train/ID_lzkF7O.jpeg,1,amini-cocoa-contamination-dataset,CC BY 4.0,train
ID_pIYezm.jpeg,healthy,dataset/images/train/ID_pIYezm.jpeg,4,amini-cocoa-contamination-dataset,CC BY 4.0,train
ID_Bp5QDi.jpeg,healthy,dataset/images/train/ID_Bp5QDi.jpeg,1,amini-cocoa-contamination-dataset,CC BY 4.0,train
ID_HE0Kqf.jpeg,anthracnose,dataset/images/train/ID_HE0Kqf.jpeg,1,amini-cocoa-contamination-dataset,CC BY 4.0,train
ID_YmrSKa.jpg,anthracnose,dataset/images/train/ID_YmrSKa.jpg,1,amini-cocoa-contamination-dataset,CC BY 4.0,train
ID_D4hDZP.jpg,cssvd,dataset/images/train/ID_D4hDZP.jpg,2,amini-cocoa-contamination-dataset,CC BY 4.0,train
ID_cJztud.jpg,cssvd,dataset/images/train/ID_cJztud.jpg,1,amini-cocoa-contamination-dataset,CC BY 4.0,train
ID_PIaOzx.jpg,healthy,dataset/images/train/ID_PIaOzx.jpg,2,amini-cocoa-contamination-dataset,CC BY 4.0,train
ID_YAriL3.jpg,cssvd,dataset/images/train/ID_YAriL3.jpg,1,amini-cocoa-contamination-dataset,CC BY 4.0,train
ID_o5e2XN.JPG,healthy,dataset/images/train/ID_o5e2XN.JPG,2,amini-cocoa-contamination-dataset,CC BY 4.0,train
ID_SiSQt7.jpg,anthracnose,dataset/images/train/ID_SiSQt7.jpg,2,amini-cocoa-contamination-dataset,CC BY 4.0,train
ID_adHOf6.jpg,cssvd,dataset/images/train/ID_adHOf6.jpg,2,amini-cocoa-contamination-dataset,CC BY 4.0,train
ID_NLSKvn.JPG,healthy,dataset/images/train/ID_NLSKvn.JPG,4,amini-cocoa-contamination-dataset,CC BY 4.0,train
ID_tUB9XQ.jpg,healthy,dataset/images/train/ID_tUB9XQ.jpg,5,amini-cocoa-contamination-dataset,CC BY 4.0,train
ID_Cwf7Qo.jpg,cssvd,dataset/images/train/ID_Cwf7Qo.jpg,2,amini-cocoa-contamination-dataset,CC BY 4.0,train
ID_yRJMk4.jpg,cssvd,dataset/images/train/ID_yRJMk4.jpg,1,amini-cocoa-contamination-dataset,CC BY 4.0,train
ID_QSUl26.jpg,cssvd,dataset/images/train/ID_QSUl26.jpg,2,amini-cocoa-contamination-dataset,CC BY 4.0,train
ID_pHOj9O.jpg,healthy,dataset/images/train/ID_pHOj9O.jpg,2,amini-cocoa-contamination-dataset,CC BY 4.0,train
ID_wE7I74.jpg,healthy,dataset/images/train/ID_wE7I74.jpg,2,amini-cocoa-contamination-dataset,CC BY 4.0,train
ID_WmWZS6.jpg,healthy,dataset/images/train/ID_WmWZS6.jpg,2,amini-cocoa-contamination-dataset,CC BY 4.0,train
ID_iu84fV.jpeg,cssvd,dataset/images/train/ID_iu84fV.jpeg,1,amini-cocoa-contamination-dataset,CC BY 4.0,train
ID_Ti7HqH.jpg,cssvd,dataset/images/train/ID_Ti7HqH.jpg,1,amini-cocoa-contamination-dataset,CC BY 4.0,train
ID_vypkcl.jpg,anthracnose,dataset/images/train/ID_vypkcl.jpg,1,amini-cocoa-contamination-dataset,CC BY 4.0,train
ID_MNMfmP.jpg,healthy,dataset/images/train/ID_MNMfmP.jpg,1,amini-cocoa-contamination-dataset,CC BY 4.0,train
ID_hHeMGm.jpeg,healthy,dataset/images/train/ID_hHeMGm.jpeg,1,amini-cocoa-contamination-dataset,CC BY 4.0,train
ID_BMybPG.jpg,cssvd,dataset/images/train/ID_BMybPG.jpg,2,amini-cocoa-contamination-dataset,CC BY 4.0,train
ID_Zl4DFq.jpeg,cssvd,dataset/images/train/ID_Zl4DFq.jpeg,2,amini-cocoa-contamination-dataset,CC BY 4.0,train
ID_Jwrg8k.jpeg,anthracnose,dataset/images/train/ID_Jwrg8k.jpeg,1,amini-cocoa-contamination-dataset,CC BY 4.0,train
ID_Dj1lcy.jpeg,anthracnose,dataset/images/train/ID_Dj1lcy.jpeg,1,amini-cocoa-contamination-dataset,CC BY 4.0,train
ID_Iwo1vk.jpeg,anthracnose,dataset/images/train/ID_Iwo1vk.jpeg,2,amini-cocoa-contamination-dataset,CC BY 4.0,train
ID_BdTmQk.jpeg,healthy,dataset/images/train/ID_BdTmQk.jpeg,2,amini-cocoa-contamination-dataset,CC BY 4.0,train
ID_WvW6rj.jpg,cssvd,dataset/images/train/ID_WvW6rj.jpg,1,amini-cocoa-contamination-dataset,CC BY 4.0,train
ID_b0I6IR.jpeg,cssvd,dataset/images/train/ID_b0I6IR.jpeg,2,amini-cocoa-contamination-dataset,CC BY 4.0,train
ID_tNFg4g.jpg,cssvd,dataset/images/train/ID_tNFg4g.jpg,1,amini-cocoa-contamination-dataset,CC BY 4.0,train
ID_xzw86b.jpeg,cssvd,dataset/images/train/ID_xzw86b.jpeg,2,amini-cocoa-contamination-dataset,CC BY 4.0,train
ID_EJWqGf.jpeg,anthracnose,dataset/images/train/ID_EJWqGf.jpeg,1,amini-cocoa-contamination-dataset,CC BY 4.0,train
ID_uiaMTR.jpeg,anthracnose,dataset/images/train/ID_uiaMTR.jpeg,1,amini-cocoa-contamination-dataset,CC BY 4.0,train
ID_MjYOrr.jpg,cssvd,dataset/images/train/ID_MjYOrr.jpg,2,amini-cocoa-contamination-dataset,CC BY 4.0,train
ID_lgSYpJ.jpeg,healthy,dataset/images/train/ID_lgSYpJ.jpeg,2,amini-cocoa-contamination-dataset,CC BY 4.0,train
ID_TfiJL2.jpg,healthy,dataset/images/train/ID_TfiJL2.jpg,2,amini-cocoa-contamination-dataset,CC BY 4.0,train
ID_FdmYOO.jpg,cssvd,dataset/images/train/ID_FdmYOO.jpg,3,amini-cocoa-contamination-dataset,CC BY 4.0,train
ID_h7Pywb.jpg,cssvd,dataset/images/train/ID_h7Pywb.jpg,1,amini-cocoa-contamination-dataset,CC BY 4.0,train
ID_LCpRml.jpg,anthracnose,dataset/images/train/ID_LCpRml.jpg,3,amini-cocoa-contamination-dataset,CC BY 4.0,train
ID_VCe9Nr.jpg,healthy,dataset/images/train/ID_VCe9Nr.jpg,1,amini-cocoa-contamination-dataset,CC BY 4.0,train
ID_ziU2lU.jpg,healthy,dataset/images/train/ID_ziU2lU.jpg,1,amini-cocoa-contamination-dataset,CC BY 4.0,train
ID_LAp0aO.jpg,healthy,dataset/images/train/ID_LAp0aO.jpg,1,amini-cocoa-contamination-dataset,CC BY 4.0,train
ID_DUn7n1.jpg,anthracnose,dataset/images/train/ID_DUn7n1.jpg,2,amini-cocoa-contamination-dataset,CC BY 4.0,train
ID_nUIY5z.jpg,cssvd,dataset/images/train/ID_nUIY5z.jpg,1,amini-cocoa-contamination-dataset,CC BY 4.0,train
ID_ILWgn0.jpg,cssvd,dataset/images/train/ID_ILWgn0.jpg,1,amini-cocoa-contamination-dataset,CC BY 4.0,train
ID_nV0S9g.jpg,healthy,dataset/images/train/ID_nV0S9g.jpg,2,amini-cocoa-contamination-dataset,CC BY 4.0,train
ID_ndS8UF.jpg,healthy,dataset/images/train/ID_ndS8UF.jpg,4,amini-cocoa-contamination-dataset,CC BY 4.0,train
ID_NihVie.jpg,anthracnose,dataset/images/train/ID_NihVie.jpg,1,amini-cocoa-contamination-dataset,CC BY 4.0,train
ID_WOVg0u.jpg,cssvd,dataset/images/train/ID_WOVg0u.jpg,1,amini-cocoa-contamination-dataset,CC BY 4.0,train
ID_kt2nq4.jpg,anthracnose,dataset/images/train/ID_kt2nq4.jpg,1,amini-cocoa-contamination-dataset,CC BY 4.0,train
ID_D654Qn.jpg,cssvd,dataset/images/train/ID_D654Qn.jpg,1,amini-cocoa-contamination-dataset,CC BY 4.0,train
ID_bqcfVl.jpg,cssvd,dataset/images/train/ID_bqcfVl.jpg,1,amini-cocoa-contamination-dataset,CC BY 4.0,train
ID_SJqiII.jpg,healthy,dataset/images/train/ID_SJqiII.jpg,3,amini-cocoa-contamination-dataset,CC BY 4.0,train
ID_C4UW0B.jpeg,healthy,dataset/images/train/ID_C4UW0B.jpeg,2,amini-cocoa-contamination-dataset,CC BY 4.0,train
ID_F2czJs.jpg,healthy,dataset/images/train/ID_F2czJs.jpg,1,amini-cocoa-contamination-dataset,CC BY 4.0,train
ID_nYkcCx.jpeg,anthracnose,dataset/images/train/ID_nYkcCx.jpeg,1,amini-cocoa-contamination-dataset,CC BY 4.0,train
ID_NjHeTW.JPG,healthy,dataset/images/train/ID_NjHeTW.JPG,4,amini-cocoa-contamination-dataset,CC BY 4.0,train
ID_O3kj6z.jpg,anthracnose,dataset/images/train/ID_O3kj6z.jpg,3,amini-cocoa-contamination-dataset,CC BY 4.0,train
ID_oduAln.jpg,anthracnose,dataset/images/train/ID_oduAln.jpg,2,amini-cocoa-contamination-dataset,CC BY 4.0,train
ID_WSwrTn.jpg,cssvd,dataset/images/train/ID_WSwrTn.jpg,1,amini-cocoa-contamination-dataset,CC BY 4.0,train
ID_Y1CB3Q.jpeg,cssvd,dataset/images/train/ID_Y1CB3Q.jpeg,5,amini-cocoa-contamination-dataset,CC BY 4.0,train
ID_EiscOl.jpg,cssvd,dataset/images/train/ID_EiscOl.jpg,1,amini-cocoa-contamination-dataset,CC BY 4.0,train
ID_awhKY7.jpeg,cssvd,dataset/images/train/ID_awhKY7.jpeg,1,amini-cocoa-contamination-dataset,CC BY 4.0,train
ID_rS4gVw.jpg,healthy,dataset/images/train/ID_rS4gVw.jpg,3,amini-cocoa-contamination-dataset,CC BY 4.0,train
ID_uzguQk.jpg,cssvd,dataset/images/train/ID_uzguQk.jpg,2,amini-cocoa-contamination-dataset,CC BY 4.0,train
ID_vUyWn2.jpeg,healthy,dataset/images/train/ID_vUyWn2.jpeg,1,amini-cocoa-contamination-dataset,CC BY 4.0,train
ID_Dvliuk.jpg,anthracnose,dataset/images/train/ID_Dvliuk.jpg,2,amini-cocoa-contamination-dataset,CC BY 4.0,train
ID_QiUS4Z.JPG,healthy,dataset/images/train/ID_QiUS4Z.JPG,4,amini-cocoa-contamination-dataset,CC BY 4.0,train
ID_cs231b.jpeg,anthracnose,dataset/images/train/ID_cs231b.jpeg,1,amini-cocoa-contamination-dataset,CC BY 4.0,train
ID_PAVXVP.jpg,anthracnose,dataset/images/train/ID_PAVXVP.jpg,1,amini-cocoa-contamination-dataset,CC BY 4.0,train
ID_oC83bC.jpg,cssvd,dataset/images/train/ID_oC83bC.jpg,2,amini-cocoa-contamination-dataset,CC BY 4.0,train
ID_c1Ixj6.jpeg,anthracnose,dataset/images/train/ID_c1Ixj6.jpeg,2,amini-cocoa-contamination-dataset,CC BY 4.0,train
ID_XB7Nnn.jpeg,cssvd,dataset/images/train/ID_XB7Nnn.jpeg,1,amini-cocoa-contamination-dataset,CC BY 4.0,train
ID_ElS54x.jpg,cssvd,dataset/images/train/ID_ElS54x.jpg,1,amini-cocoa-contamination-dataset,CC BY 4.0,train
ID_w7Sk6s.jpg,healthy,dataset/images/train/ID_w7Sk6s.jpg,2,amini-cocoa-contamination-dataset,CC BY 4.0,train
ID_G0JY3K.jpg,cssvd,dataset/images/train/ID_G0JY3K.jpg,1,amini-cocoa-contamination-dataset,CC BY 4.0,train
ID_uNSLR5.jpeg,cssvd,dataset/images/train/ID_uNSLR5.jpeg,1,amini-cocoa-contamination-dataset,CC BY 4.0,train
ID_K5IDvH.jpg,anthracnose,dataset/images/train/ID_K5IDvH.jpg,1,amini-cocoa-contamination-dataset,CC BY 4.0,train
ID_zOv6Uj.jpeg,anthracnose,dataset/images/train/ID_zOv6Uj.jpeg,1,amini-cocoa-contamination-dataset,CC BY 4.0,train
ID_AKxhMY.jpg,cssvd,dataset/images/train/ID_AKxhMY.jpg,1,amini-cocoa-contamination-dataset,CC BY 4.0,train
ID_atEszE.jpg,anthracnose,dataset/images/train/ID_atEszE.jpg,1,amini-cocoa-contamination-dataset,CC BY 4.0,train
ID_dCfvUH.jpg,anthracnose,dataset/images/train/ID_dCfvUH.jpg,1,amini-cocoa-contamination-dataset,CC BY 4.0,train
ID_D27qJL.jpg,anthracnose,dataset/images/train/ID_D27qJL.jpg,1,amini-cocoa-contamination-dataset,CC BY 4.0,train
ID_q8qBqw.jpg,cssvd,dataset/images/train/ID_q8qBqw.jpg,1,amini-cocoa-contamination-dataset,CC BY 4.0,train
ID_nE2G3S.jpeg,anthracnose,dataset/images/train/ID_nE2G3S.jpeg,1,amini-cocoa-contamination-dataset,CC BY 4.0,train
ID_mGsxlu.jpeg,anthracnose,dataset/images/train/ID_mGsxlu.jpeg,2,amini-cocoa-contamination-dataset,CC BY 4.0,train
ID_zcSGfp.jpg,cssvd,dataset/images/train/ID_zcSGfp.jpg,1,amini-cocoa-contamination-dataset,CC BY 4.0,train
ID_FM9lEd.jpeg,cssvd,dataset/images/train/ID_FM9lEd.jpeg,1,amini-cocoa-contamination-dataset,CC BY 4.0,train
ID_q8kmpd.jpeg,healthy,dataset/images/train/ID_q8kmpd.jpeg,1,amini-cocoa-contamination-dataset,CC BY 4.0,train
ID_A1OsZt.jpeg,healthy,dataset/images/train/ID_A1OsZt.jpeg,1,amini-cocoa-contamination-dataset,CC BY 4.0,train
ID_nRxJmv.JPG,healthy,dataset/images/train/ID_nRxJmv.JPG,3,amini-cocoa-contamination-dataset,CC BY 4.0,train
ID_ANnwzq.jpg,healthy,dataset/images/train/ID_ANnwzq.jpg,4,amini-cocoa-contamination-dataset,CC BY 4.0,train
ID_NrUpnW.jpeg,anthracnose,dataset/images/train/ID_NrUpnW.jpeg,1,amini-cocoa-contamination-dataset,CC BY 4.0,train
ID_OVGb4c.jpg,healthy,dataset/images/train/ID_OVGb4c.jpg,3,amini-cocoa-contamination-dataset,CC BY 4.0,train
ID_iZ4hPZ.jpeg,cssvd,dataset/images/train/ID_iZ4hPZ.jpeg,1,amini-cocoa-contamination-dataset,CC BY 4.0,train
ID_NRDslH.jpg,healthy,dataset/images/train/ID_NRDslH.jpg,3,amini-cocoa-contamination-dataset,CC BY 4.0,train
ID_fiJhVs.jpeg,anthracnose,dataset/images/train/ID_fiJhVs.jpeg,1,amini-cocoa-contamination-dataset,CC BY 4.0,train
ID_QmX4FE.jpeg,anthracnose,dataset/images/train/ID_QmX4FE.jpeg,1,amini-cocoa-contamination-dataset,CC BY 4.0,train
ID_SXGB8g.jpg,cssvd,dataset/images/train/ID_SXGB8g.jpg,2,amini-cocoa-contamination-dataset,CC BY 4.0,train
ID_yqUspW.jpg,anthracnose,dataset/images/train/ID_yqUspW.jpg,1,amini-cocoa-contamination-dataset,CC BY 4.0,train
ID_Tn2jIe.jpg,cssvd,dataset/images/train/ID_Tn2jIe.jpg,1,amini-cocoa-contamination-dataset,CC BY 4.0,train
ID_l26d4t.jpg,healthy,dataset/images/train/ID_l26d4t.jpg,3,amini-cocoa-contamination-dataset,CC BY 4.0,train
ID_VeWcem.jpeg,cssvd,dataset/images/train/ID_VeWcem.jpeg,1,amini-cocoa-contamination-dataset,CC BY 4.0,train
ID_By57N4.jpeg,anthracnose,dataset/images/train/ID_By57N4.jpeg,1,amini-cocoa-contamination-dataset,CC BY 4.0,train
ID_S95jmh.jpg,cssvd,dataset/images/train/ID_S95jmh.jpg,1,amini-cocoa-contamination-dataset,CC BY 4.0,train
ID_ylVYkW.jpeg,healthy,dataset/images/train/ID_ylVYkW.jpeg,1,amini-cocoa-contamination-dataset,CC BY 4.0,train
ID_eDiv8p.jpeg,anthracnose,dataset/images/train/ID_eDiv8p.jpeg,2,amini-cocoa-contamination-dataset,CC BY 4.0,train
ID_jRANsU.jpg,healthy,dataset/images/train/ID_jRANsU.jpg,3,amini-cocoa-contamination-dataset,CC BY 4.0,train
ID_mYwglw.jpg,cssvd,dataset/images/train/ID_mYwglw.jpg,1,amini-cocoa-contamination-dataset,CC BY 4.0,train
ID_wDxhOT.JPG,healthy,dataset/images/train/ID_wDxhOT.JPG,1,amini-cocoa-contamination-dataset,CC BY 4.0,train
ID_n3zEaV.jpg,healthy,dataset/images/train/ID_n3zEaV.jpg,1,amini-cocoa-contamination-dataset,CC BY 4.0,train
ID_W7d6dG.jpg,healthy,dataset/images/train/ID_W7d6dG.jpg,3,amini-cocoa-contamination-dataset,CC BY 4.0,train
ID_oQKy1N.jpeg,cssvd,dataset/images/train/ID_oQKy1N.jpeg,2,amini-cocoa-contamination-dataset,CC BY 4.0,train
ID_v5Q4xW.jpg,healthy,dataset/images/train/ID_v5Q4xW.jpg,2,amini-cocoa-contamination-dataset,CC BY 4.0,train
ID_J8Ftpz.jpeg,cssvd,dataset/images/train/ID_J8Ftpz.jpeg,1,amini-cocoa-contamination-dataset,CC BY 4.0,train
ID_BJJ3BJ.jpg,cssvd,dataset/images/train/ID_BJJ3BJ.jpg,1,amini-cocoa-contamination-dataset,CC BY 4.0,train
ID_MbBhdG.jpg,cssvd,dataset/images/train/ID_MbBhdG.jpg,1,amini-cocoa-contamination-dataset,CC BY 4.0,train
ID_FIyuVB.jpeg,cssvd,dataset/images/train/ID_FIyuVB.jpeg,2,amini-cocoa-contamination-dataset,CC BY 4.0,train
ID_xtOXE9.jpeg,healthy,dataset/images/train/ID_xtOXE9.jpeg,1,amini-cocoa-contamination-dataset,CC BY 4.0,train
ID_AOtnot.jpeg,cssvd,dataset/images/train/ID_AOtnot.jpeg,1,amini-cocoa-contamination-dataset,CC BY 4.0,train
ID_csRmh6.jpeg,cssvd,dataset/images/train/ID_csRmh6.jpeg,2,amini-cocoa-contamination-dataset,CC BY 4.0,train
ID_zv42bY.jpg,anthracnose,dataset/images/train/ID_zv42bY.jpg,1,amini-cocoa-contamination-dataset,CC BY 4.0,train
ID_VkZ65g.jpeg,anthracnose,dataset/images/train/ID_VkZ65g.jpeg,1,amini-cocoa-contamination-dataset,CC BY 4.0,train
ID_GqKVDp.jpeg,healthy,dataset/images/train/ID_GqKVDp.jpeg,2,amini-cocoa-contamination-dataset,CC BY 4.0,train
ID_WS9Ple.jpeg,healthy,dataset/images/train/ID_WS9Ple.jpeg,2,amini-cocoa-contamination-dataset,CC BY 4.0,train
ID_PrgmKm.jpeg,anthracnose,dataset/images/train/ID_PrgmKm.jpeg,1,amini-cocoa-contamination-dataset,CC BY 4.0,train
ID_Af2WnK.jpg,cssvd,dataset/images/train/ID_Af2WnK.jpg,1,amini-cocoa-contamination-dataset,CC BY 4.0,train
ID_Zvc2cC.jpeg,healthy,dataset/images/train/ID_Zvc2cC.jpeg,2,amini-cocoa-contamination-dataset,CC BY 4.0,train
ID_Ng5Pt8.jpeg,healthy,dataset/images/train/ID_Ng5Pt8.jpeg,2,amini-cocoa-contamination-dataset,CC BY 4.0,train
ID_PlSJ3I.jpeg,cssvd,dataset/images/train/ID_PlSJ3I.jpeg,1,amini-cocoa-contamination-dataset,CC BY 4.0,train
ID_Jq0rc0.jpeg,cssvd,dataset/images/train/ID_Jq0rc0.jpeg,1,amini-cocoa-contamination-dataset,CC BY 4.0,train
ID_pb4bRg.jpeg,anthracnose,dataset/images/train/ID_pb4bRg.jpeg,1,amini-cocoa-contamination-dataset,CC BY 4.0,train
ID_M84c02.jpg,cssvd,dataset/images/train/ID_M84c02.jpg,4,amini-cocoa-contamination-dataset,CC BY 4.0,train
ID_pNHJEx.jpg,cssvd,dataset/images/train/ID_pNHJEx.jpg,1,amini-cocoa-contamination-dataset,CC BY 4.0,train
ID_NZ0kJj.jpg,anthracnose,dataset/images/train/ID_NZ0kJj.jpg,2,amini-cocoa-contamination-dataset,CC BY 4.0,train
ID_TIwtn9.jpeg,cssvd,dataset/images/train/ID_TIwtn9.jpeg,1,amini-cocoa-contamination-dataset,CC BY 4.0,train
ID_N2gAar.jpg,cssvd,dataset/images/train/ID_N2gAar.jpg,1,amini-cocoa-contamination-dataset,CC BY 4.0,train
ID_MF34U1.jpeg,cssvd,dataset/images/train/ID_MF34U1.jpeg,1,amini-cocoa-contamination-dataset,CC BY 4.0,train
ID_Emm8Th.jpg,healthy,dataset/images/train/ID_Emm8Th.jpg,3,amini-cocoa-contamination-dataset,CC BY 4.0,train
ID_JLunvV.jpg,anthracnose,dataset/images/train/ID_JLunvV.jpg,1,amini-cocoa-contamination-dataset,CC BY 4.0,train
ID_RW9mOT.jpg,cssvd,dataset/images/train/ID_RW9mOT.jpg,1,amini-cocoa-contamination-dataset,CC BY 4.0,train
ID_NH9Gor.jpg,cssvd,dataset/images/train/ID_NH9Gor.jpg,1,amini-cocoa-contamination-dataset,CC BY 4.0,train
ID_uIw2l8.jpeg,healthy,dataset/images/train/ID_uIw2l8.jpeg,1,amini-cocoa-contamination-dataset,CC BY 4.0,train
ID_Spq7s1.jpeg,healthy,dataset/images/train/ID_Spq7s1.jpeg,1,amini-cocoa-contamination-dataset,CC BY 4.0,train
ID_pzNrfM.jpg,healthy,dataset/images/train/ID_pzNrfM.jpg,4,amini-cocoa-contamination-dataset,CC BY 4.0,train
ID_GHKwWG.jpg,cssvd,dataset/images/train/ID_GHKwWG.jpg,1,amini-cocoa-contamination-dataset,CC BY 4.0,train
ID_KCwFOp.jpg,cssvd,dataset/images/train/ID_KCwFOp.jpg,1,amini-cocoa-contamination-dataset,CC BY 4.0,train
ID_rxo4Oz.jpg,cssvd,dataset/images/train/ID_rxo4Oz.jpg,2,amini-cocoa-contamination-dataset,CC BY 4.0,train
ID_F7aDxN.JPG,cssvd,dataset/images/train/ID_F7aDxN.JPG,2,amini-cocoa-contamination-dataset,CC BY 4.0,train
ID_Wtugu4.jpg,anthracnose,dataset/images/train/ID_Wtugu4.jpg,1,amini-cocoa-contamination-dataset,CC BY 4.0,train
ID_Sk1lXC.jpg,cssvd,dataset/images/train/ID_Sk1lXC.jpg,1,amini-cocoa-contamination-dataset,CC BY 4.0,train
ID_Fm1oY7.jpg,anthracnose,dataset/images/train/ID_Fm1oY7.jpg,1,amini-cocoa-contamination-dataset,CC BY 4.0,train
ID_f844u5.jpg,cssvd,dataset/images/train/ID_f844u5.jpg,1,amini-cocoa-contamination-dataset,CC BY 4.0,train
ID_oksiYO.jpg,anthracnose,dataset/images/train/ID_oksiYO.jpg,1,amini-cocoa-contamination-dataset,CC BY 4.0,train
ID_HABCy9.JPG,cssvd,dataset/images/train/ID_HABCy9.JPG,1,amini-cocoa-contamination-dataset,CC BY 4.0,train
ID_YYjmAA.jpg,cssvd,dataset/images/train/ID_YYjmAA.jpg,1,amini-cocoa-contamination-dataset,CC BY 4.0,train
ID_kXJjiP.jpg,anthracnose,dataset/images/train/ID_kXJjiP.jpg,2,amini-cocoa-contamination-dataset,CC BY 4.0,train
ID_As5ly9.jpg,cssvd,dataset/images/train/ID_As5ly9.jpg,1,amini-cocoa-contamination-dataset,CC BY 4.0,train
ID_KcctyZ.jpg,healthy,dataset/images/train/ID_KcctyZ.jpg,2,amini-cocoa-contamination-dataset,CC BY 4.0,train
ID_seZFMv.jpg,cssvd,dataset/images/train/ID_seZFMv.jpg,1,amini-cocoa-contamination-dataset,CC BY 4.0,train
ID_pqVUjb.jpg,cssvd,dataset/images/train/ID_pqVUjb.jpg,1,amini-cocoa-contamination-dataset,CC BY 4.0,train
ID_V7xN9C.JPG,healthy,dataset/images/train/ID_V7xN9C.JPG,4,amini-cocoa-contamination-dataset,CC BY 4.0,train
ID_LyP71f.jpeg,healthy,dataset/images/train/ID_LyP71f.jpeg,3,amini-cocoa-contamination-dataset,CC BY 4.0,train
ID_WbgSQJ.jpg,healthy,dataset/images/train/ID_WbgSQJ.jpg,2,amini-cocoa-contamination-dataset,CC BY 4.0,train
ID_tbvPrf.jpg,anthracnose,dataset/images/train/ID_tbvPrf.jpg,1,amini-cocoa-contamination-dataset,CC BY 4.0,train
ID_OnCSp5.jpeg,cssvd,dataset/images/train/ID_OnCSp5.jpeg,1,amini-cocoa-contamination-dataset,CC BY 4.0,train
ID_fxMiVF.jpg,cssvd,dataset/images/train/ID_fxMiVF.jpg,1,amini-cocoa-contamination-dataset,CC BY 4.0,train
ID_flxrIM.jpg,healthy,dataset/images/train/ID_flxrIM.jpg,4,amini-cocoa-contamination-dataset,CC BY 4.0,train
ID_vFZrpB.jpg,cssvd,dataset/images/train/ID_vFZrpB.jpg,1,amini-cocoa-contamination-dataset,CC BY 4.0,train
ID_ZuEmXV.jpg,anthracnose,dataset/images/train/ID_ZuEmXV.jpg,2,amini-cocoa-contamination-dataset,CC BY 4.0,train
ID_f4dsEM.jpeg,anthracnose,dataset/images/train/ID_f4dsEM.jpeg,1,amini-cocoa-contamination-dataset,CC BY 4.0,train
ID_SIBD4X.jpeg,anthracnose,dataset/images/train/ID_SIBD4X.jpeg,1,amini-cocoa-contamination-dataset,CC BY 4.0,train
ID_f9uvw4.jpg,healthy,dataset/images/train/ID_f9uvw4.jpg,1,amini-cocoa-contamination-dataset,CC BY 4.0,train
ID_wzAQlE.jpg,cssvd,dataset/images/train/ID_wzAQlE.jpg,1,amini-cocoa-contamination-dataset,CC BY 4.0,train
ID_u31OrV.jpg,anthracnose,dataset/images/train/ID_u31OrV.jpg,3,amini-cocoa-contamination-dataset,CC BY 4.0,train
ID_FH49pM.jpg,cssvd,dataset/images/train/ID_FH49pM.jpg,2,amini-cocoa-contamination-dataset,CC BY 4.0,train
ID_Q8ZoIN.jpg,cssvd,dataset/images/train/ID_Q8ZoIN.jpg,1,amini-cocoa-contamination-dataset,CC BY 4.0,train
ID_ua9rEg.jpg,cssvd,dataset/images/train/ID_ua9rEg.jpg,1,amini-cocoa-contamination-dataset,CC BY 4.0,train
ID_gVT8Fe.jpg,cssvd,dataset/images/train/ID_gVT8Fe.jpg,2,amini-cocoa-contamination-dataset,CC BY 4.0,train
ID_oK8jec.jpg,cssvd,dataset/images/train/ID_oK8jec.jpg,1,amini-cocoa-contamination-dataset,CC BY 4.0,train
ID_e4CBi7.jpg,healthy,dataset/images/train/ID_e4CBi7.jpg,2,amini-cocoa-contamination-dataset,CC BY 4.0,train
ID_a3hFwf.jpg,healthy,dataset/images/train/ID_a3hFwf.jpg,2,amini-cocoa-contamination-dataset,CC BY 4.0,train
ID_zQ7az4.jpg,cssvd,dataset/images/train/ID_zQ7az4.jpg,1,amini-cocoa-contamination-dataset,CC BY 4.0,train
ID_M3NBS2.jpeg,cssvd,dataset/images/train/ID_M3NBS2.jpeg,1,amini-cocoa-contamination-dataset,CC BY 4.0,train
ID_ZOM8YH.jpg,anthracnose,dataset/images/train/ID_ZOM8YH.jpg,1,amini-cocoa-contamination-dataset,CC BY 4.0,train
ID_pkqKCR.jpeg,healthy,dataset/images/train/ID_pkqKCR.jpeg,2,amini-cocoa-contamination-dataset,CC BY 4.0,train
ID_IRVs9J.jpg,anthracnose,dataset/images/train/ID_IRVs9J.jpg,1,amini-cocoa-contamination-dataset,CC BY 4.0,train
ID_TqwNX4.jpg,healthy,dataset/images/train/ID_TqwNX4.jpg,4,amini-cocoa-contamination-dataset,CC BY 4.0,train
ID_D6XqdC.jpg,cssvd,dataset/images/train/ID_D6XqdC.jpg,1,amini-cocoa-contamination-dataset,CC BY 4.0,train
ID_ZXHJXJ.jpg,cssvd,dataset/images/train/ID_ZXHJXJ.jpg,1,amini-cocoa-contamination-dataset,CC BY 4.0,train
ID_tP9MYv.jpg,cssvd,dataset/images/train/ID_tP9MYv.jpg,1,amini-cocoa-contamination-dataset,CC BY 4.0,train
ID_z6CP2r.jpg,healthy,dataset/images/train/ID_z6CP2r.jpg,6,amini-cocoa-contamination-dataset,CC BY 4.0,train
ID_p5GUAe.jpg,cssvd,dataset/images/train/ID_p5GUAe.jpg,1,amini-cocoa-contamination-dataset,CC BY 4.0,train
ID_QXGos0.jpeg,anthracnose,dataset/images/train/ID_QXGos0.jpeg,1,amini-cocoa-contamination-dataset,CC BY 4.0,train
ID_UL2MkD.jpg,cssvd,dataset/images/train/ID_UL2MkD.jpg,3,amini-cocoa-contamination-dataset,CC BY 4.0,train
ID_mxr6Ho.jpg,healthy,dataset/images/train/ID_mxr6Ho.jpg,1,amini-cocoa-contamination-dataset,CC BY 4.0,train
ID_FOIP4K.jpeg,cssvd,dataset/images/train/ID_FOIP4K.jpeg,1,amini-cocoa-contamination-dataset,CC BY 4.0,train
ID_eXMlfE.jpg,healthy,dataset/images/train/ID_eXMlfE.jpg,1,amini-cocoa-contamination-dataset,CC BY 4.0,train
ID_lWLtpy.jpeg,anthracnose,dataset/images/train/ID_lWLtpy.jpeg,1,amini-cocoa-contamination-dataset,CC BY 4.0,train
ID_z6gC1L.jpg,anthracnose,dataset/images/train/ID_z6gC1L.jpg,1,amini-cocoa-contamination-dataset,CC BY 4.0,train
ID_RygU59.JPG,healthy,dataset/images/train/ID_RygU59.JPG,3,amini-cocoa-contamination-dataset,CC BY 4.0,train
ID_nyZ9Ws.jpg,anthracnose,dataset/images/train/ID_nyZ9Ws.jpg,3,amini-cocoa-contamination-dataset,CC BY 4.0,train
ID_rkjBr7.jpg,cssvd,dataset/images/train/ID_rkjBr7.jpg,1,amini-cocoa-contamination-dataset,CC BY 4.0,train
ID_CDkp6U.jpg,cssvd,dataset/images/train/ID_CDkp6U.jpg,1,amini-cocoa-contamination-dataset,CC BY 4.0,train
ID_Cc6UYW.jpg,anthracnose,dataset/images/train/ID_Cc6UYW.jpg,1,amini-cocoa-contamination-dataset,CC BY 4.0,train
ID_afIT6T.jpeg,cssvd,dataset/images/train/ID_afIT6T.jpeg,1,amini-cocoa-contamination-dataset,CC BY 4.0,train
ID_JHyde3.jpg,cssvd,dataset/images/train/ID_JHyde3.jpg,1,amini-cocoa-contamination-dataset,CC BY 4.0,train
ID_tGW0f8.jpg,healthy,dataset/images/train/ID_tGW0f8.jpg,2,amini-cocoa-contamination-dataset,CC BY 4.0,train
ID_xOiVHN.JPG,healthy,dataset/images/train/ID_xOiVHN.JPG,4,amini-cocoa-contamination-dataset,CC BY 4.0,train
ID_WaVXOK.jpg,cssvd,dataset/images/train/ID_WaVXOK.jpg,1,amini-cocoa-contamination-dataset,CC BY 4.0,train
ID_sR6Ol2.jpg,cssvd,dataset/images/train/ID_sR6Ol2.jpg,2,amini-cocoa-contamination-dataset,CC BY 4.0,train
ID_BKhQP0.jpg,healthy,dataset/images/train/ID_BKhQP0.jpg,1,amini-cocoa-contamination-dataset,CC BY 4.0,train
ID_xADtex.jpeg,cssvd,dataset/images/train/ID_xADtex.jpeg,2,amini-cocoa-contamination-dataset,CC BY 4.0,train
ID_ss64Tl.jpg,cssvd,dataset/images/train/ID_ss64Tl.jpg,1,amini-cocoa-contamination-dataset,CC BY 4.0,train
ID_TqjdQX.jpeg,anthracnose,dataset/images/train/ID_TqjdQX.jpeg,1,amini-cocoa-contamination-dataset,CC BY 4.0,train
ID_lhppCF.jpeg,healthy,dataset/images/train/ID_lhppCF.jpeg,2,amini-cocoa-contamination-dataset,CC BY 4.0,train
ID_l11WEm.jpg,healthy,dataset/images/train/ID_l11WEm.jpg,2,amini-cocoa-contamination-dataset,CC BY 4.0,train
ID_fqkNgl.JPG,anthracnose,dataset/images/train/ID_fqkNgl.JPG,1,amini-cocoa-contamination-dataset,CC BY 4.0,train
ID_f9nN0T.jpg,anthracnose,dataset/images/train/ID_f9nN0T.jpg,1,amini-cocoa-contamination-dataset,CC BY 4.0,train
ID_uiu8ix.jpg,cssvd,dataset/images/train/ID_uiu8ix.jpg,1,amini-cocoa-contamination-dataset,CC BY 4.0,train
ID_pjcoAH.jpg,healthy,dataset/images/train/ID_pjcoAH.jpg,1,amini-cocoa-contamination-dataset,CC BY 4.0,train
ID_kGtum6.JPG,healthy,dataset/images/train/ID_kGtum6.JPG,3,amini-cocoa-contamination-dataset,CC BY 4.0,train
ID_q8BevT.jpg,anthracnose,dataset/images/train/ID_q8BevT.jpg,1,amini-cocoa-contamination-dataset,CC BY 4.0,train
ID_Ytozod.jpeg,healthy,dataset/images/train/ID_Ytozod.jpeg,3,amini-cocoa-contamination-dataset,CC BY 4.0,train
ID_kkF99e.JPG,healthy,dataset/images/train/ID_kkF99e.JPG,3,amini-cocoa-contamination-dataset,CC BY 4.0,train
ID_FKwJ5T.jpg,anthracnose,dataset/images/train/ID_FKwJ5T.jpg,5,amini-cocoa-contamination-dataset,CC BY 4.0,train
ID_Xxw62g.JPG,cssvd,dataset/images/train/ID_Xxw62g.JPG,1,amini-cocoa-contamination-dataset,CC BY 4.0,train
ID_ddZoqV.jpeg,healthy,dataset/images/train/ID_ddZoqV.jpeg,1,amini-cocoa-contamination-dataset,CC BY 4.0,train
ID_P90B0v.jpg,cssvd,dataset/images/train/ID_P90B0v.jpg,1,amini-cocoa-contamination-dataset,CC BY 4.0,train
ID_FlMCHu.jpg,cssvd,dataset/images/train/ID_FlMCHu.jpg,1,amini-cocoa-contamination-dataset,CC BY 4.0,train
ID_rcWnf6.jpg,healthy,dataset/images/train/ID_rcWnf6.jpg,1,amini-cocoa-contamination-dataset,CC BY 4.0,train
ID_ZGNPOK.jpg,healthy,dataset/images/train/ID_ZGNPOK.jpg,5,amini-cocoa-contamination-dataset,CC BY 4.0,train
ID_PxC4Z1.jpg,cssvd,dataset/images/train/ID_PxC4Z1.jpg,1,amini-cocoa-contamination-dataset,CC BY 4.0,train
ID_wFaTPj.jpg,cssvd,dataset/images/train/ID_wFaTPj.jpg,4,amini-cocoa-contamination-dataset,CC BY 4.0,train
ID_yMBrNI.JPG,cssvd,dataset/images/train/ID_yMBrNI.JPG,1,amini-cocoa-contamination-dataset,CC BY 4.0,train
ID_pNwPY8.jpg,cssvd,dataset/images/train/ID_pNwPY8.jpg,1,amini-cocoa-contamination-dataset,CC BY 4.0,train
ID_zKN9zl.jpg,healthy,dataset/images/train/ID_zKN9zl.jpg,2,amini-cocoa-contamination-dataset,CC BY 4.0,train
ID_VK68VO.jpg,anthracnose,dataset/images/train/ID_VK68VO.jpg,4,amini-cocoa-contamination-dataset,CC BY 4.0,train
ID_aMmIfv.jpg,healthy,dataset/images/train/ID_aMmIfv.jpg,3,amini-cocoa-contamination-dataset,CC BY 4.0,train
ID_tAYOHF.jpeg,healthy,dataset/images/train/ID_tAYOHF.jpeg,1,amini-cocoa-contamination-dataset,CC BY 4.0,train
ID_UtyRkn.jpg,cssvd,dataset/images/train/ID_UtyRkn.jpg,1,amini-cocoa-contamination-dataset,CC BY 4.0,train
ID_L3RYjp.jpg,cssvd,dataset/images/train/ID_L3RYjp.jpg,2,amini-cocoa-contamination-dataset,CC BY 4.0,train
ID_Np7dI9.jpeg,cssvd,dataset/images/train/ID_Np7dI9.jpeg,2,amini-cocoa-contamination-dataset,CC BY 4.0,train
ID_zPAkHy.jpg,cssvd,dataset/images/train/ID_zPAkHy.jpg,1,amini-cocoa-contamination-dataset,CC BY 4.0,train
ID_nJxuMA.jpg,anthracnose,dataset/images/train/ID_nJxuMA.jpg,4,amini-cocoa-contamination-dataset,CC BY 4.0,train
ID_jdphP5.jpeg,cssvd,dataset/images/train/ID_jdphP5.jpeg,1,amini-cocoa-contamination-dataset,CC BY 4.0,train
ID_lDdGE8.jpg,healthy,dataset/images/train/ID_lDdGE8.jpg,1,amini-cocoa-contamination-dataset,CC BY 4.0,train
ID_leFSSk.jpg,healthy,dataset/images/train/ID_leFSSk.jpg,3,amini-cocoa-contamination-dataset,CC BY 4.0,train
ID_i1EmCD.jpg,anthracnose,dataset/images/train/ID_i1EmCD.jpg,1,amini-cocoa-contamination-dataset,CC BY 4.0,train
ID_k4s7nh.jpeg,healthy,dataset/images/train/ID_k4s7nh.jpeg,2,amini-cocoa-contamination-dataset,CC BY 4.0,train
ID_LNtCN3.jpg,cssvd,dataset/images/train/ID_LNtCN3.jpg,2,amini-cocoa-contamination-dataset,CC BY 4.0,train
ID_EgYep5.jpg,cssvd,dataset/images/train/ID_EgYep5.jpg,1,amini-cocoa-contamination-dataset,CC BY 4.0,train
ID_rprfYh.jpeg,anthracnose,dataset/images/train/ID_rprfYh.jpeg,2,amini-cocoa-contamination-dataset,CC BY 4.0,train
ID_avVWEB.jpg,healthy,dataset/images/train/ID_avVWEB.jpg,2,amini-cocoa-contamination-dataset,CC BY 4.0,train
ID_EC1rSY.jpeg,cssvd,dataset/images/train/ID_EC1rSY.jpeg,1,amini-cocoa-contamination-dataset,CC BY 4.0,train
ID_h8iMcZ.jpeg,anthracnose,dataset/images/train/ID_h8iMcZ.jpeg,1,amini-cocoa-contamination-dataset,CC BY 4.0,train
ID_sDC3wc.jpeg,cssvd,dataset/images/train/ID_sDC3wc.jpeg,2,amini-cocoa-contamination-dataset,CC BY 4.0,train
ID_hWMwEj.JPG,healthy,dataset/images/train/ID_hWMwEj.JPG,2,amini-cocoa-contamination-dataset,CC BY 4.0,train
ID_l1nN7W.jpg,cssvd,dataset/images/train/ID_l1nN7W.jpg,2,amini-cocoa-contamination-dataset,CC BY 4.0,train
ID_rJpCL4.jpeg,cssvd,dataset/images/train/ID_rJpCL4.jpeg,2,amini-cocoa-contamination-dataset,CC BY 4.0,train
ID_a7bZJ0.JPG,healthy,dataset/images/train/ID_a7bZJ0.JPG,3,amini-cocoa-contamination-dataset,CC BY 4.0,train
ID_Lxr2W7.jpg,cssvd,dataset/images/train/ID_Lxr2W7.jpg,1,amini-cocoa-contamination-dataset,CC BY 4.0,train
ID_ALaJle.jpg,cssvd,dataset/images/train/ID_ALaJle.jpg,1,amini-cocoa-contamination-dataset,CC BY 4.0,train
ID_wAYAAe.jpg,cssvd,dataset/images/train/ID_wAYAAe.jpg,1,amini-cocoa-contamination-dataset,CC BY 4.0,train
ID_SAmvrR.jpg,cssvd,dataset/images/train/ID_SAmvrR.jpg,1,amini-cocoa-contamination-dataset,CC BY 4.0,train
ID_CtPzDh.jpg,anthracnose,dataset/images/train/ID_CtPzDh.jpg,1,amini-cocoa-contamination-dataset,CC BY 4.0,train
ID_hgApY4.jpg,cssvd,dataset/images/train/ID_hgApY4.jpg,1,amini-cocoa-contamination-dataset,CC BY 4.0,train
ID_Ewr7uU.jpg,anthracnose,dataset/images/train/ID_Ewr7uU.jpg,2,amini-cocoa-contamination-dataset,CC BY 4.0,train
ID_GJ6XGK.jpg,cssvd,dataset/images/train/ID_GJ6XGK.jpg,2,amini-cocoa-contamination-dataset,CC BY 4.0,train
ID_dZyIPR.jpg,healthy,dataset/images/train/ID_dZyIPR.jpg,2,amini-cocoa-contamination-dataset,CC BY 4.0,train
ID_RfZyyW.jpg,cssvd,dataset/images/train/ID_RfZyyW.jpg,1,amini-cocoa-contamination-dataset,CC BY 4.0,train
ID_GXkRNZ.jpeg,healthy,dataset/images/train/ID_GXkRNZ.jpeg,1,amini-cocoa-contamination-dataset,CC BY 4.0,train
ID_gjFgAX.jpg,healthy,dataset/images/train/ID_gjFgAX.jpg,1,amini-cocoa-contamination-dataset,CC BY 4.0,train
ID_Kkof5u.jpg,healthy,dataset/images/train/ID_Kkof5u.jpg,2,amini-cocoa-contamination-dataset,CC BY 4.0,train
ID_Jx4pya.jpg,cssvd,dataset/images/train/ID_Jx4pya.jpg,3,amini-cocoa-contamination-dataset,CC BY 4.0,train
ID_D4ZFJE.JPG,healthy,dataset/images/train/ID_D4ZFJE.JPG,5,amini-cocoa-contamination-dataset,CC BY 4.0,train
ID_CZ8gq9.jpeg,healthy,dataset/images/train/ID_CZ8gq9.jpeg,1,amini-cocoa-contamination-dataset,CC BY 4.0,train
ID_EDxuI4.jpg,cssvd,dataset/images/train/ID_EDxuI4.jpg,1,amini-cocoa-contamination-dataset,CC BY 4.0,train
ID_gFVEJU.jpg,cssvd,dataset/images/train/ID_gFVEJU.jpg,1,amini-cocoa-contamination-dataset,CC BY 4.0,train
ID_EHcIqP.jpg,cssvd,dataset/images/train/ID_EHcIqP.jpg,1,amini-cocoa-contamination-dataset,CC BY 4.0,train
ID_LXT0pR.jpg,cssvd,dataset/images/train/ID_LXT0pR.jpg,1,amini-cocoa-contamination-dataset,CC BY 4.0,train
ID_PycQ14.JPG,cssvd,dataset/images/train/ID_PycQ14.JPG,1,amini-cocoa-contamination-dataset,CC BY 4.0,train
ID_ZckkqB.jpeg,healthy,dataset/images/train/ID_ZckkqB.jpeg,3,amini-cocoa-contamination-dataset,CC BY 4.0,train
ID_D9ZJYW.jpeg,cssvd,dataset/images/train/ID_D9ZJYW.jpeg,1,amini-cocoa-contamination-dataset,CC BY 4.0,train
ID_JosYIM.jpg,healthy,dataset/images/train/ID_JosYIM.jpg,1,amini-cocoa-contamination-dataset,CC BY 4.0,train
ID_Ypj8CH.jpg,cssvd,dataset/images/train/ID_Ypj8CH.jpg,2,amini-cocoa-contamination-dataset,CC BY 4.0,train
ID_NHf5CE.jpg,anthracnose,dataset/images/train/ID_NHf5CE.jpg,3,amini-cocoa-contamination-dataset,CC BY 4.0,train
ID_wEkhBd.jpg,cssvd,dataset/images/train/ID_wEkhBd.jpg,1,amini-cocoa-contamination-dataset,CC BY 4.0,train
ID_ogMke8.jpg,healthy,dataset/images/train/ID_ogMke8.jpg,1,amini-cocoa-contamination-dataset,CC BY 4.0,train
ID_tkXJWx.jpg,cssvd,dataset/images/train/ID_tkXJWx.jpg,1,amini-cocoa-contamination-dataset,CC BY 4.0,train
ID_uVitr3.jpeg,healthy,dataset/images/train/ID_uVitr3.jpeg,1,amini-cocoa-contamination-dataset,CC BY 4.0,train
ID_LLAX2E.jpg,cssvd,dataset/images/train/ID_LLAX2E.jpg,3,amini-cocoa-contamination-dataset,CC BY 4.0,train
ID_RatMBz.jpg,anthracnose,dataset/images/train/ID_RatMBz.jpg,1,amini-cocoa-contamination-dataset,CC BY 4.0,train
ID_OGuNyK.jpeg,anthracnose,dataset/images/train/ID_OGuNyK.jpeg,1,amini-cocoa-contamination-dataset,CC BY 4.0,train
ID_EvE1OH.jpeg,anthracnose,dataset/images/train/ID_EvE1OH.jpeg,1,amini-cocoa-contamination-dataset,CC BY 4.0,train
ID_nSplIw.jpg,cssvd,dataset/images/train/ID_nSplIw.jpg,1,amini-cocoa-contamination-dataset,CC BY 4.0,train
ID_X3P34g.jpeg,healthy,dataset/images/train/ID_X3P34g.jpeg,1,amini-cocoa-contamination-dataset,CC BY 4.0,train
ID_JnHIjU.jpg,anthracnose,dataset/images/train/ID_JnHIjU.jpg,1,amini-cocoa-contamination-dataset,CC BY 4.0,train
ID_qNUMbX.jpg,anthracnose,dataset/images/train/ID_qNUMbX.jpg,1,amini-cocoa-contamination-dataset,CC BY 4.0,train
ID_IqkCAv.jpeg,healthy,dataset/images/train/ID_IqkCAv.jpeg,2,amini-cocoa-contamination-dataset,CC BY 4.0,train
ID_PIEMV7.JPG,healthy,dataset/images/train/ID_PIEMV7.JPG,5,amini-cocoa-contamination-dataset,CC BY 4.0,train
ID_zWajIb.jpg,anthracnose,dataset/images/train/ID_zWajIb.jpg,2,amini-cocoa-contamination-dataset,CC BY 4.0,train
ID_gr6Scu.jpeg,cssvd,dataset/images/train/ID_gr6Scu.jpeg,2,amini-cocoa-contamination-dataset,CC BY 4.0,train
ID_bW2wKp.jpeg,anthracnose,dataset/images/train/ID_bW2wKp.jpeg,1,amini-cocoa-contamination-dataset,CC BY 4.0,train
ID_fKL5Y3.jpg,anthracnose,dataset/images/train/ID_fKL5Y3.jpg,1,amini-cocoa-contamination-dataset,CC BY 4.0,train
ID_pG4yZ4.jpg,healthy,dataset/images/train/ID_pG4yZ4.jpg,3,amini-cocoa-contamination-dataset,CC BY 4.0,train
ID_FPT05l.jpg,healthy,dataset/images/train/ID_FPT05l.jpg,3,amini-cocoa-contamination-dataset,CC BY 4.0,train
ID_xDuIKZ.jpg,cssvd,dataset/images/train/ID_xDuIKZ.jpg,3,amini-cocoa-contamination-dataset,CC BY 4.0,train
ID_dKQOus.jpeg,healthy,dataset/images/train/ID_dKQOus.jpeg,2,amini-cocoa-contamination-dataset,CC BY 4.0,train
ID_VpGqpO.jpg,cssvd,dataset/images/train/ID_VpGqpO.jpg,3,amini-cocoa-contamination-dataset,CC BY 4.0,train
ID_Rx83xr.JPG,healthy,dataset/images/train/ID_Rx83xr.JPG,3,amini-cocoa-contamination-dataset,CC BY 4.0,train
ID_hFSr31.jpg,anthracnose,dataset/images/train/ID_hFSr31.jpg,1,amini-cocoa-contamination-dataset,CC BY 4.0,train
ID_Y0zdTm.jpg,cssvd,dataset/images/train/ID_Y0zdTm.jpg,1,amini-cocoa-contamination-dataset,CC BY 4.0,train
ID_AYMzS9.JPG,healthy,dataset/images/train/ID_AYMzS9.JPG,2,amini-cocoa-contamination-dataset,CC BY 4.0,train
ID_twKhJY.jpg,cssvd,dataset/images/train/ID_twKhJY.jpg,1,amini-cocoa-contamination-dataset,CC BY 4.0,train
ID_GGJRIb.jpg,cssvd,dataset/images/train/ID_GGJRIb.jpg,2,amini-cocoa-contamination-dataset,CC BY 4.0,train
ID_oRsDL5.JPG,healthy,dataset/images/train/ID_oRsDL5.JPG,4,amini-cocoa-contamination-dataset,CC BY 4.0,train
ID_tN37tJ.jpg,anthracnose,dataset/images/train/ID_tN37tJ.jpg,1,amini-cocoa-contamination-dataset,CC BY 4.0,train
ID_W4dZ4d.jpg,anthracnose,dataset/images/train/ID_W4dZ4d.jpg,1,amini-cocoa-contamination-dataset,CC BY 4.0,train
ID_mrp5nJ.jpeg,anthracnose,dataset/images/train/ID_mrp5nJ.jpeg,2,amini-cocoa-contamination-dataset,CC BY 4.0,train
ID_tHAUjh.jpg,healthy,dataset/images/train/ID_tHAUjh.jpg,2,amini-cocoa-contamination-dataset,CC BY 4.0,train
ID_UAq8Ka.jpeg,healthy,dataset/images/train/ID_UAq8Ka.jpeg,2,amini-cocoa-contamination-dataset,CC BY 4.0,train
ID_JYYRW7.JPG,healthy,dataset/images/train/ID_JYYRW7.JPG,2,amini-cocoa-contamination-dataset,CC BY 4.0,train
ID_PjQAmZ.jpeg,healthy,dataset/images/train/ID_PjQAmZ.jpeg,1,amini-cocoa-contamination-dataset,CC BY 4.0,train
ID_ovVADX.jpg,cssvd,dataset/images/train/ID_ovVADX.jpg,1,amini-cocoa-contamination-dataset,CC BY 4.0,train
ID_YNXFYY.jpg,cssvd,dataset/images/train/ID_YNXFYY.jpg,1,amini-cocoa-contamination-dataset,CC BY 4.0,train
ID_sOCLoO.jpg,cssvd,dataset/images/train/ID_sOCLoO.jpg,1,amini-cocoa-contamination-dataset,CC BY 4.0,train
ID_JqilcR.jpeg,healthy,dataset/images/train/ID_JqilcR.jpeg,1,amini-cocoa-contamination-dataset,CC BY 4.0,train
ID_Ey6tum.jpg,cssvd,dataset/images/train/ID_Ey6tum.jpg,1,amini-cocoa-contamination-dataset,CC BY 4.0,train
ID_CohsQW.jpg,healthy,dataset/images/train/ID_CohsQW.jpg,2,amini-cocoa-contamination-dataset,CC BY 4.0,train
ID_XoSuTT.JPG,healthy,dataset/images/train/ID_XoSuTT.JPG,1,amini-cocoa-contamination-dataset,CC BY 4.0,train
ID_ZvPBSf.jpg,cssvd,dataset/images/train/ID_ZvPBSf.jpg,1,amini-cocoa-contamination-dataset,CC BY 4.0,train
ID_ZSDiFC.jpeg,healthy,dataset/images/train/ID_ZSDiFC.jpeg,1,amini-cocoa-contamination-dataset,CC BY 4.0,train
ID_W7zOUq.jpg,healthy,dataset/images/train/ID_W7zOUq.jpg,3,amini-cocoa-contamination-dataset,CC BY 4.0,train
ID_sg0T4n.jpeg,cssvd,dataset/images/train/ID_sg0T4n.jpeg,1,amini-cocoa-contamination-dataset,CC BY 4.0,train
ID_cJERPN.jpg,cssvd,dataset/images/train/ID_cJERPN.jpg,2,amini-cocoa-contamination-dataset,CC BY 4.0,train
ID_phGGms.jpeg,healthy,dataset/images/train/ID_phGGms.jpeg,3,amini-cocoa-contamination-dataset,CC BY 4.0,train
ID_uLcPmF.jpg,anthracnose,dataset/images/train/ID_uLcPmF.jpg,1,amini-cocoa-contamination-dataset,CC BY 4.0,train
ID_CjTPSp.jpg,healthy,dataset/images/train/ID_CjTPSp.jpg,4,amini-cocoa-contamination-dataset,CC BY 4.0,train
ID_ChsAiI.JPG,healthy,dataset/images/train/ID_ChsAiI.JPG,1,amini-cocoa-contamination-dataset,CC BY 4.0,train
ID_guv7tw.jpg,healthy,dataset/images/train/ID_guv7tw.jpg,3,amini-cocoa-contamination-dataset,CC BY 4.0,train
ID_zLD6ZO.jpeg,healthy,dataset/images/train/ID_zLD6ZO.jpeg,4,amini-cocoa-contamination-dataset,CC BY 4.0,train
ID_a9vnXd.jpeg,healthy,dataset/images/train/ID_a9vnXd.jpeg,2,amini-cocoa-contamination-dataset,CC BY 4.0,train
ID_h59Y3y.jpg,healthy,dataset/images/train/ID_h59Y3y.jpg,1,amini-cocoa-contamination-dataset,CC BY 4.0,train
ID_Z5tLYV.jpeg,cssvd,dataset/images/train/ID_Z5tLYV.jpeg,1,amini-cocoa-contamination-dataset,CC BY 4.0,train
ID_OWQm05.jpg,cssvd,dataset/images/train/ID_OWQm05.jpg,1,amini-cocoa-contamination-dataset,CC BY 4.0,train
ID_N4he8m.jpg,cssvd,dataset/images/train/ID_N4he8m.jpg,1,amini-cocoa-contamination-dataset,CC BY 4.0,train
ID_ipuqix.jpeg,cssvd,dataset/images/train/ID_ipuqix.jpeg,1,amini-cocoa-contamination-dataset,CC BY 4.0,train
ID_yKaFHu.jpg,cssvd,dataset/images/train/ID_yKaFHu.jpg,1,amini-cocoa-contamination-dataset,CC BY 4.0,train
ID_WyUxui.jpg,anthracnose,dataset/images/train/ID_WyUxui.jpg,1,amini-cocoa-contamination-dataset,CC BY 4.0,train
ID_l8xJga.jpeg,anthracnose,dataset/images/train/ID_l8xJga.jpeg,1,amini-cocoa-contamination-dataset,CC BY 4.0,train
ID_KwlNcS.jpg,cssvd,dataset/images/train/ID_KwlNcS.jpg,1,amini-cocoa-contamination-dataset,CC BY 4.0,train
ID_n8GCVx.JPG,healthy,dataset/images/train/ID_n8GCVx.JPG,5,amini-cocoa-contamination-dataset,CC BY 4.0,train
ID_CZ9NxR.jpg,anthracnose,dataset/images/train/ID_CZ9NxR.jpg,1,amini-cocoa-contamination-dataset,CC BY 4.0,train
ID_YEWifv.jpeg,healthy,dataset/images/train/ID_YEWifv.jpeg,10,amini-cocoa-contamination-dataset,CC BY 4.0,train
ID_bErrYD.jpeg,cssvd,dataset/images/train/ID_bErrYD.jpeg,1,amini-cocoa-contamination-dataset,CC BY 4.0,train
ID_WVLldS.jpg,cssvd,dataset/images/train/ID_WVLldS.jpg,1,amini-cocoa-contamination-dataset,CC BY 4.0,train
ID_hN3ntp.jpg,cssvd,dataset/images/train/ID_hN3ntp.jpg,3,amini-cocoa-contamination-dataset,CC BY 4.0,train
ID_m9nOnr.jpg,healthy,dataset/images/train/ID_m9nOnr.jpg,7,amini-cocoa-contamination-dataset,CC BY 4.0,train
ID_vKGewu.jpeg,cssvd,dataset/images/train/ID_vKGewu.jpeg,2,amini-cocoa-contamination-dataset,CC BY 4.0,train
ID_WYGXOZ.jpg,healthy,dataset/images/train/ID_WYGXOZ.jpg,1,amini-cocoa-contamination-dataset,CC BY 4.0,train
ID_iDXRHa.jpg,healthy,dataset/images/train/ID_iDXRHa.jpg,2,amini-cocoa-contamination-dataset,CC BY 4.0,train
ID_heRyDG.jpg,healthy,dataset/images/train/ID_heRyDG.jpg,1,amini-cocoa-contamination-dataset,CC BY 4.0,train
ID_GA4ocU.jpeg,anthracnose,dataset/images/train/ID_GA4ocU.jpeg,1,amini-cocoa-contamination-dataset,CC BY 4.0,train
ID_LrrBnL.jpg,anthracnose,dataset/images/train/ID_LrrBnL.jpg,1,amini-cocoa-contamination-dataset,CC BY 4.0,train
ID_zO4zw4.jpg,healthy,dataset/images/train/ID_zO4zw4.jpg,5,amini-cocoa-contamination-dataset,CC BY 4.0,train
ID_fbnaxu.jpg,cssvd,dataset/images/train/ID_fbnaxu.jpg,1,amini-cocoa-contamination-dataset,CC BY 4.0,train
ID_vtLnUb.jpg,cssvd,dataset/images/train/ID_vtLnUb.jpg,2,amini-cocoa-contamination-dataset,CC BY 4.0,train
ID_T3jhqx.jpg,cssvd,dataset/images/train/ID_T3jhqx.jpg,3,amini-cocoa-contamination-dataset,CC BY 4.0,train
ID_UNxcei.jpg,cssvd,dataset/images/train/ID_UNxcei.jpg,2,amini-cocoa-contamination-dataset,CC BY 4.0,train
ID_zAJHLz.jpg,cssvd,dataset/images/train/ID_zAJHLz.jpg,1,amini-cocoa-contamination-dataset,CC BY 4.0,train
ID_aO4wBF.jpg,cssvd,dataset/images/train/ID_aO4wBF.jpg,1,amini-cocoa-contamination-dataset,CC BY 4.0,train
ID_neqbur.jpg,healthy,dataset/images/train/ID_neqbur.jpg,6,amini-cocoa-contamination-dataset,CC BY 4.0,train
ID_YGqCGO.JPG,healthy,dataset/images/train/ID_YGqCGO.JPG,1,amini-cocoa-contamination-dataset,CC BY 4.0,train
ID_hNbh1e.jpeg,anthracnose,dataset/images/train/ID_hNbh1e.jpeg,1,amini-cocoa-contamination-dataset,CC BY 4.0,train
ID_K8QC4d.jpg,cssvd,dataset/images/train/ID_K8QC4d.jpg,1,amini-cocoa-contamination-dataset,CC BY 4.0,train
ID_J4b6xz.jpg,cssvd,dataset/images/train/ID_J4b6xz.jpg,3,amini-cocoa-contamination-dataset,CC BY 4.0,train
ID_QuiXUS.jpg,healthy,dataset/images/train/ID_QuiXUS.jpg,2,amini-cocoa-contamination-dataset,CC BY 4.0,train
ID_KACSjB.jpeg,anthracnose,dataset/images/train/ID_KACSjB.jpeg,1,amini-cocoa-contamination-dataset,CC BY 4.0,train
ID_vqszWZ.jpg,healthy,dataset/images/train/ID_vqszWZ.jpg,3,amini-cocoa-contamination-dataset,CC BY 4.0,train
ID_yHD4XW.jpeg,anthracnose,dataset/images/train/ID_yHD4XW.jpeg,1,amini-cocoa-contamination-dataset,CC BY 4.0,train
ID_ccjyAe.jpeg,healthy,dataset/images/train/ID_ccjyAe.jpeg,2,amini-cocoa-contamination-dataset,CC BY 4.0,train
ID_jmvd0e.jpg,cssvd,dataset/images/train/ID_jmvd0e.jpg,1,amini-cocoa-contamination-dataset,CC BY 4.0,train
ID_WKcQeb.jpg,anthracnose,dataset/images/train/ID_WKcQeb.jpg,2,amini-cocoa-contamination-dataset,CC BY 4.0,train
ID_BIDzcr.JPG,anthracnose,dataset/images/train/ID_BIDzcr.JPG,1,amini-cocoa-contamination-dataset,CC BY 4.0,train
ID_U12wgb.JPG,healthy,dataset/images/train/ID_U12wgb.JPG,2,amini-cocoa-contamination-dataset,CC BY 4.0,train
ID_cX7wN3.jpeg,healthy,dataset/images/train/ID_cX7wN3.jpeg,3,amini-cocoa-contamination-dataset,CC BY 4.0,train
ID_KNtcyg.jpeg,cssvd,dataset/images/train/ID_KNtcyg.jpeg,3,amini-cocoa-contamination-dataset,CC BY 4.0,train
ID_rqHc4z.jpg,cssvd,dataset/images/train/ID_rqHc4z.jpg,1,amini-cocoa-contamination-dataset,CC BY 4.0,train
ID_VDHD6M.jpeg,healthy,dataset/images/train/ID_VDHD6M.jpeg,4,amini-cocoa-contamination-dataset,CC BY 4.0,train
ID_GqIN8o.jpg,anthracnose,dataset/images/train/ID_GqIN8o.jpg,3,amini-cocoa-contamination-dataset,CC BY 4.0,train
ID_IuQp2c.jpg,cssvd,dataset/images/train/ID_IuQp2c.jpg,3,amini-cocoa-contamination-dataset,CC BY 4.0,train
ID_EA6JzP.jpg,cssvd,dataset/images/train/ID_EA6JzP.jpg,2,amini-cocoa-contamination-dataset,CC BY 4.0,train
ID_CLt0Sv.jpg,anthracnose,dataset/images/train/ID_CLt0Sv.jpg,3,amini-cocoa-contamination-dataset,CC BY 4.0,train
ID_eMm65j.jpg,cssvd,dataset/images/train/ID_eMm65j.jpg,1,amini-cocoa-contamination-dataset,CC BY 4.0,train
ID_YAFLgj.jpg,healthy,dataset/images/train/ID_YAFLgj.jpg,2,amini-cocoa-contamination-dataset,CC BY 4.0,train
ID_pnZCkF.jpg,cssvd,dataset/images/train/ID_pnZCkF.jpg,1,amini-cocoa-contamination-dataset,CC BY 4.0,train
ID_zT5rUM.jpg,healthy,dataset/images/train/ID_zT5rUM.jpg,1,amini-cocoa-contamination-dataset,CC BY 4.0,train
ID_NlwfEp.jpg,cssvd,dataset/images/train/ID_NlwfEp.jpg,1,amini-cocoa-contamination-dataset,CC BY 4.0,train
ID_M71Is3.jpg,cssvd,dataset/images/train/ID_M71Is3.jpg,1,amini-cocoa-contamination-dataset,CC BY 4.0,train
ID_EP2l1C.jpeg,cssvd,dataset/images/train/ID_EP2l1C.jpeg,1,amini-cocoa-contamination-dataset,CC BY 4.0,train
ID_CzfzYv.jpg,anthracnose,dataset/images/train/ID_CzfzYv.jpg,1,amini-cocoa-contamination-dataset,CC BY 4.0,train
ID_FIsMfR.jpeg,cssvd,dataset/images/train/ID_FIsMfR.jpeg,1,amini-cocoa-contamination-dataset,CC BY 4.0,train
ID_mmPbcH.jpg,healthy,dataset/images/train/ID_mmPbcH.jpg,3,amini-cocoa-contamination-dataset,CC BY 4.0,train
ID_vZiCYt.jpg,healthy,dataset/images/train/ID_vZiCYt.jpg,3,amini-cocoa-contamination-dataset,CC BY 4.0,train
ID_wKOu69.jpg,cssvd,dataset/images/train/ID_wKOu69.jpg,1,amini-cocoa-contamination-dataset,CC BY 4.0,train
ID_IOcKF9.jpg,cssvd,dataset/images/train/ID_IOcKF9.jpg,2,amini-cocoa-contamination-dataset,CC BY 4.0,train
ID_WzxXRK.jpeg,anthracnose,dataset/images/train/ID_WzxXRK.jpeg,1,amini-cocoa-contamination-dataset,CC BY 4.0,train
ID_CNoJg7.jpg,healthy,dataset/images/train/ID_CNoJg7.jpg,3,amini-cocoa-contamination-dataset,CC BY 4.0,train
ID_Dke3ud.jpg,cssvd,dataset/images/train/ID_Dke3ud.jpg,1,amini-cocoa-contamination-dataset,CC BY 4.0,train
ID_Fnlxvm.jpg,healthy,dataset/images/train/ID_Fnlxvm.jpg,2,amini-cocoa-contamination-dataset,CC BY 4.0,train
ID_k6EcBg.jpg,anthracnose,dataset/images/train/ID_k6EcBg.jpg,1,amini-cocoa-contamination-dataset,CC BY 4.0,train
ID_k1psPJ.jpg,healthy,dataset/images/train/ID_k1psPJ.jpg,2,amini-cocoa-contamination-dataset,CC BY 4.0,train
ID_LWXokA.jpeg,healthy,dataset/images/train/ID_LWXokA.jpeg,3,amini-cocoa-contamination-dataset,CC BY 4.0,train
ID_Jkmaz4.jpg,cssvd,dataset/images/train/ID_Jkmaz4.jpg,2,amini-cocoa-contamination-dataset,CC BY 4.0,train
ID_IDx9Nq.jpg,cssvd,dataset/images/train/ID_IDx9Nq.jpg,2,amini-cocoa-contamination-dataset,CC BY 4.0,train
ID_bg62Nn.JPG,anthracnose,dataset/images/train/ID_bg62Nn.JPG,1,amini-cocoa-contamination-dataset,CC BY 4.0,train
ID_Ysozss.jpg,anthracnose,dataset/images/train/ID_Ysozss.jpg,1,amini-cocoa-contamination-dataset,CC BY 4.0,train
ID_tS5wco.jpeg,healthy,dataset/images/train/ID_tS5wco.jpeg,6,amini-cocoa-contamination-dataset,CC BY 4.0,train
ID_VjRm5g.jpg,anthracnose,dataset/images/train/ID_VjRm5g.jpg,2,amini-cocoa-contamination-dataset,CC BY 4.0,train
ID_M1z8Nh.jpeg,healthy,dataset/images/train/ID_M1z8Nh.jpeg,1,amini-cocoa-contamination-dataset,CC BY 4.0,train
ID_FfkQGk.jpg,cssvd,dataset/images/train/ID_FfkQGk.jpg,1,amini-cocoa-contamination-dataset,CC BY 4.0,train
ID_mhIu8M.jpg,anthracnose,dataset/images/train/ID_mhIu8M.jpg,1,amini-cocoa-contamination-dataset,CC BY 4.0,train
ID_OHYrVu.jpg,cssvd,dataset/images/train/ID_OHYrVu.jpg,2,amini-cocoa-contamination-dataset,CC BY 4.0,train
ID_UMnuzi.jpg,cssvd,dataset/images/train/ID_UMnuzi.jpg,3,amini-cocoa-contamination-dataset,CC BY 4.0,train
ID_lov6Oz.jpg,anthracnose,dataset/images/train/ID_lov6Oz.jpg,1,amini-cocoa-contamination-dataset,CC BY 4.0,train
ID_KbRv7T.jpg,anthracnose,dataset/images/train/ID_KbRv7T.jpg,1,amini-cocoa-contamination-dataset,CC BY 4.0,train
ID_m1qLkG.jpg,cssvd,dataset/images/train/ID_m1qLkG.jpg,1,amini-cocoa-contamination-dataset,CC BY 4.0,train
ID_YXj72w.jpg,cssvd,dataset/images/train/ID_YXj72w.jpg,1,amini-cocoa-contamination-dataset,CC BY 4.0,train
ID_iVruCx.JPG,healthy,dataset/images/train/ID_iVruCx.JPG,4,amini-cocoa-contamination-dataset,CC BY 4.0,train
ID_iULo7v.jpg,cssvd,dataset/images/train/ID_iULo7v.jpg,1,amini-cocoa-contamination-dataset,CC BY 4.0,train
ID_tHqm2G.jpeg,anthracnose,dataset/images/train/ID_tHqm2G.jpeg,1,amini-cocoa-contamination-dataset,CC BY 4.0,train
ID_SRUyIW.jpg,cssvd,dataset/images/train/ID_SRUyIW.jpg,2,amini-cocoa-contamination-dataset,CC BY 4.0,train
ID_q25WbM.jpg,healthy,dataset/images/train/ID_q25WbM.jpg,3,amini-cocoa-contamination-dataset,CC BY 4.0,train
ID_S7q92y.jpg,anthracnose,dataset/images/train/ID_S7q92y.jpg,2,amini-cocoa-contamination-dataset,CC BY 4.0,train
ID_o8UA21.jpg,cssvd,dataset/images/train/ID_o8UA21.jpg,2,amini-cocoa-contamination-dataset,CC BY 4.0,train
ID_Z1SMta.jpg,cssvd,dataset/images/train/ID_Z1SMta.jpg,1,amini-cocoa-contamination-dataset,CC BY 4.0,train
ID_v1Bv4x.jpg,cssvd,dataset/images/train/ID_v1Bv4x.jpg,2,amini-cocoa-contamination-dataset,CC BY 4.0,train
ID_O7KuGh.jpeg,anthracnose,dataset/images/train/ID_O7KuGh.jpeg,1,amini-cocoa-contamination-dataset,CC BY 4.0,train
ID_YXD6qw.jpeg,anthracnose,dataset/images/train/ID_YXD6qw.jpeg,2,amini-cocoa-contamination-dataset,CC BY 4.0,train
ID_QZ5M0C.JPG,anthracnose,dataset/images/train/ID_QZ5M0C.JPG,1,amini-cocoa-contamination-dataset,CC BY 4.0,train
ID_eudFN1.jpg,cssvd,dataset/images/train/ID_eudFN1.jpg,1,amini-cocoa-contamination-dataset,CC BY 4.0,train
ID_zArz9j.jpeg,anthracnose,dataset/images/train/ID_zArz9j.jpeg,1,amini-cocoa-contamination-dataset,CC BY 4.0,train
ID_h4suVU.jpg,cssvd,dataset/images/train/ID_h4suVU.jpg,1,amini-cocoa-contamination-dataset,CC BY 4.0,train
ID_DBhqku.jpeg,anthracnose,dataset/images/train/ID_DBhqku.jpeg,1,amini-cocoa-contamination-dataset,CC BY 4.0,train
ID_Vy4Jz3.jpg,healthy,dataset/images/train/ID_Vy4Jz3.jpg,1,amini-cocoa-contamination-dataset,CC BY 4.0,train
ID_nDgdvV.jpg,anthracnose,dataset/images/train/ID_nDgdvV.jpg,2,amini-cocoa-contamination-dataset,CC BY 4.0,train
ID_HjaaKJ.jpg,cssvd,dataset/images/train/ID_HjaaKJ.jpg,1,amini-cocoa-contamination-dataset,CC BY 4.0,train
ID_CVjADb.jpg,healthy,dataset/images/train/ID_CVjADb.jpg,4,amini-cocoa-contamination-dataset,CC BY 4.0,train
ID_yNjuGh.jpeg,healthy,dataset/images/train/ID_yNjuGh.jpeg,1,amini-cocoa-contamination-dataset,CC BY 4.0,train
ID_xqG7r2.jpg,cssvd,dataset/images/train/ID_xqG7r2.jpg,1,amini-cocoa-contamination-dataset,CC BY 4.0,train
ID_q0MS9f.jpeg,healthy,dataset/images/train/ID_q0MS9f.jpeg,1,amini-cocoa-contamination-dataset,CC BY 4.0,train
ID_b7r9TT.jpeg,anthracnose,dataset/images/train/ID_b7r9TT.jpeg,1,amini-cocoa-contamination-dataset,CC BY 4.0,train
ID_qD7bN8.jpg,anthracnose,dataset/images/train/ID_qD7bN8.jpg,1,amini-cocoa-contamination-dataset,CC BY 4.0,train
ID_B78XSS.jpg,cssvd,dataset/images/train/ID_B78XSS.jpg,1,amini-cocoa-contamination-dataset,CC BY 4.0,train
ID_GoFaMq.JPG,healthy,dataset/images/train/ID_GoFaMq.JPG,3,amini-cocoa-contamination-dataset,CC BY 4.0,train
ID_XifZNH.jpg,anthracnose,dataset/images/train/ID_XifZNH.jpg,1,amini-cocoa-contamination-dataset,CC BY 4.0,train
ID_T9Sifn.jpeg,anthracnose,dataset/images/train/ID_T9Sifn.jpeg,1,amini-cocoa-contamination-dataset,CC BY 4.0,train
ID_KLAaFD.jpeg,anthracnose,dataset/images/train/ID_KLAaFD.jpeg,1,amini-cocoa-contamination-dataset,CC BY 4.0,train
ID_I4PV56.jpeg,anthracnose,dataset/images/train/ID_I4PV56.jpeg,1,amini-cocoa-contamination-dataset,CC BY 4.0,train
ID_SZYX9j.jpeg,cssvd,dataset/images/train/ID_SZYX9j.jpeg,1,amini-cocoa-contamination-dataset,CC BY 4.0,train
ID_xI2DT2.JPG,anthracnose,dataset/images/train/ID_xI2DT2.JPG,1,amini-cocoa-contamination-dataset,CC BY 4.0,train
ID_wLLfpI.jpg,anthracnose,dataset/images/train/ID_wLLfpI.jpg,5,amini-cocoa-contamination-dataset,CC BY 4.0,train
ID_Jk0czm.jpg,cssvd,dataset/images/train/ID_Jk0czm.jpg,2,amini-cocoa-contamination-dataset,CC BY 4.0,train
ID_W7oQMP.JPG,cssvd,dataset/images/train/ID_W7oQMP.JPG,1,amini-cocoa-contamination-dataset,CC BY 4.0,train
ID_wRmHms.jpg,healthy,dataset/images/train/ID_wRmHms.jpg,2,amini-cocoa-contamination-dataset,CC BY 4.0,train
ID_k8CQVW.JPG,healthy,dataset/images/train/ID_k8CQVW.JPG,1,amini-cocoa-contamination-dataset,CC BY 4.0,train
ID_GQ4JN6.jpg,anthracnose,dataset/images/train/ID_GQ4JN6.jpg,1,amini-cocoa-contamination-dataset,CC BY 4.0,train
ID_zlhlNN.jpg,cssvd,dataset/images/train/ID_zlhlNN.jpg,1,amini-cocoa-contamination-dataset,CC BY 4.0,train
ID_yPRrBV.jpg,cssvd,dataset/images/train/ID_yPRrBV.jpg,1,amini-cocoa-contamination-dataset,CC BY 4.0,train
ID_SRKTrC.jpg,cssvd,dataset/images/train/ID_SRKTrC.jpg,1,amini-cocoa-contamination-dataset,CC BY 4.0,train
ID_zuWofg.jpg,healthy,dataset/images/train/ID_zuWofg.jpg,1,amini-cocoa-contamination-dataset,CC BY 4.0,train
ID_z0QEuI.jpeg,anthracnose,dataset/images/train/ID_z0QEuI.jpeg,3,amini-cocoa-contamination-dataset,CC BY 4.0,train
ID_TvbArR.jpg,cssvd,dataset/images/train/ID_TvbArR.jpg,1,amini-cocoa-contamination-dataset,CC BY 4.0,train
ID_YLeWYP.JPG,anthracnose,dataset/images/train/ID_YLeWYP.JPG,1,amini-cocoa-contamination-dataset,CC BY 4.0,train
ID_TKRKUM.jpeg,anthracnose,dataset/images/train/ID_TKRKUM.jpeg,1,amini-cocoa-contamination-dataset,CC BY 4.0,train
ID_dcyBVr.jpeg,anthracnose,dataset/images/train/ID_dcyBVr.jpeg,1,amini-cocoa-contamination-dataset,CC BY 4.0,train
ID_TniTOT.jpg,healthy,dataset/images/train/ID_TniTOT.jpg,2,amini-cocoa-contamination-dataset,CC BY 4.0,train
ID_crId1l.jpeg,cssvd,dataset/images/train/ID_crId1l.jpeg,1,amini-cocoa-contamination-dataset,CC BY 4.0,train
ID_f79ATT.jpg,healthy,dataset/images/train/ID_f79ATT.jpg,6,amini-cocoa-contamination-dataset,CC BY 4.0,train
ID_MnaYwh.jpeg,anthracnose,dataset/images/train/ID_MnaYwh.jpeg,1,amini-cocoa-contamination-dataset,CC BY 4.0,train
ID_ChRo9j.jpg,anthracnose,dataset/images/train/ID_ChRo9j.jpg,1,amini-cocoa-contamination-dataset,CC BY 4.0,train
ID_AooFlM.jpg,cssvd,dataset/images/train/ID_AooFlM.jpg,1,amini-cocoa-contamination-dataset,CC BY 4.0,train
ID_atwqLn.jpg,cssvd,dataset/images/train/ID_atwqLn.jpg,1,amini-cocoa-contamination-dataset,CC BY 4.0,train
ID_wDItiM.jpg,cssvd,dataset/images/train/ID_wDItiM.jpg,1,amini-cocoa-contamination-dataset,CC BY 4.0,train
ID_N2UOLk.jpg,cssvd,dataset/images/train/ID_N2UOLk.jpg,1,amini-cocoa-contamination-dataset,CC BY 4.0,train
ID_K0FFOa.jpg,healthy,dataset/images/train/ID_K0FFOa.jpg,1,amini-cocoa-contamination-dataset,CC BY 4.0,train
ID_bQC9XV.jpg,cssvd,dataset/images/train/ID_bQC9XV.jpg,2,amini-cocoa-contamination-dataset,CC BY 4.0,train
ID_Xr3yGD.jpeg,anthracnose,dataset/images/train/ID_Xr3yGD.jpeg,1,amini-cocoa-contamination-dataset,CC BY 4.0,train
ID_RA4964.jpg,anthracnose,dataset/images/train/ID_RA4964.jpg,1,amini-cocoa-contamination-dataset,CC BY 4.0,train
ID_mQW6cU.jpg,healthy,dataset/images/train/ID_mQW6cU.jpg,1,amini-cocoa-contamination-dataset,CC BY 4.0,train
ID_cDuN9k.jpg,cssvd,dataset/images/train/ID_cDuN9k.jpg,1,amini-cocoa-contamination-dataset,CC BY 4.0,train
ID_bjLyrp.jpg,cssvd,dataset/images/train/ID_bjLyrp.jpg,1,amini-cocoa-contamination-dataset,CC BY 4.0,train
ID_f5FMhl.jpg,cssvd,dataset/images/train/ID_f5FMhl.jpg,2,amini-cocoa-contamination-dataset,CC BY 4.0,train
ID_JMLlvK.jpg,healthy,dataset/images/train/ID_JMLlvK.jpg,2,amini-cocoa-contamination-dataset,CC BY 4.0,train
ID_Yk0ckr.jpeg,cssvd,dataset/images/train/ID_Yk0ckr.jpeg,2,amini-cocoa-contamination-dataset,CC BY 4.0,train
ID_l2qK3c.jpg,cssvd,dataset/images/train/ID_l2qK3c.jpg,1,amini-cocoa-contamination-dataset,CC BY 4.0,train
ID_YLkIEV.jpg,cssvd,dataset/images/train/ID_YLkIEV.jpg,3,amini-cocoa-contamination-dataset,CC BY 4.0,train
ID_IVp0t5.jpg,cssvd,dataset/images/train/ID_IVp0t5.jpg,1,amini-cocoa-contamination-dataset,CC BY 4.0,train
ID_prbmy9.jpg,anthracnose,dataset/images/train/ID_prbmy9.jpg,2,amini-cocoa-contamination-dataset,CC BY 4.0,train
ID_CkgUlg.jpg,healthy,dataset/images/train/ID_CkgUlg.jpg,1,amini-cocoa-contamination-dataset,CC BY 4.0,train
ID_EpTEDW.jpeg,healthy,dataset/images/train/ID_EpTEDW.jpeg,1,amini-cocoa-contamination-dataset,CC BY 4.0,train
ID_O3gPBY.JPG,healthy,dataset/images/train/ID_O3gPBY.JPG,3,amini-cocoa-contamination-dataset,CC BY 4.0,train
ID_yXnHjb.jpg,anthracnose,dataset/images/train/ID_yXnHjb.jpg,1,amini-cocoa-contamination-dataset,CC BY 4.0,train
ID_ZLecuN.jpg,anthracnose,dataset/images/train/ID_ZLecuN.jpg,1,amini-cocoa-contamination-dataset,CC BY 4.0,train
ID_SSj42g.jpg,anthracnose,dataset/images/train/ID_SSj42g.jpg,1,amini-cocoa-contamination-dataset,CC BY 4.0,train
ID_qGOxOw.jpg,healthy,dataset/images/train/ID_qGOxOw.jpg,7,amini-cocoa-contamination-dataset,CC BY 4.0,train
ID_ltzYc5.jpg,healthy,dataset/images/train/ID_ltzYc5.jpg,1,amini-cocoa-contamination-dataset,CC BY 4.0,train
ID_dCZ2yR.jpg,healthy,dataset/images/train/ID_dCZ2yR.jpg,2,amini-cocoa-contamination-dataset,CC BY 4.0,train
ID_aJtYo4.jpeg,healthy,dataset/images/train/ID_aJtYo4.jpeg,2,amini-cocoa-contamination-dataset,CC BY 4.0,train
ID_H64tId.jpg,cssvd,dataset/images/train/ID_H64tId.jpg,1,amini-cocoa-contamination-dataset,CC BY 4.0,train
ID_sySzAx.jpg,healthy,dataset/images/train/ID_sySzAx.jpg,5,amini-cocoa-contamination-dataset,CC BY 4.0,train
ID_CeaV2p.jpg,anthracnose,dataset/images/train/ID_CeaV2p.jpg,1,amini-cocoa-contamination-dataset,CC BY 4.0,train
ID_IhZIRj.jpg,cssvd,dataset/images/train/ID_IhZIRj.jpg,1,amini-cocoa-contamination-dataset,CC BY 4.0,train
ID_lA1QaE.jpg,anthracnose,dataset/images/train/ID_lA1QaE.jpg,2,amini-cocoa-contamination-dataset,CC BY 4.0,train
ID_sj8q4N.jpg,healthy,dataset/images/train/ID_sj8q4N.jpg,1,amini-cocoa-contamination-dataset,CC BY 4.0,train
ID_vT09WN.jpg,anthracnose,dataset/images/train/ID_vT09WN.jpg,1,amini-cocoa-contamination-dataset,CC BY 4.0,train
ID_BBZMEE.jpg,anthracnose,dataset/images/train/ID_BBZMEE.jpg,1,amini-cocoa-contamination-dataset,CC BY 4.0,train
ID_cwYlZP.jpeg,anthracnose,dataset/images/train/ID_cwYlZP.jpeg,1,amini-cocoa-contamination-dataset,CC BY 4.0,train
ID_oQGpqk.jpeg,anthracnose,dataset/images/train/ID_oQGpqk.jpeg,2,amini-cocoa-contamination-dataset,CC BY 4.0,train
ID_qcXGQC.jpg,cssvd,dataset/images/train/ID_qcXGQC.jpg,1,amini-cocoa-contamination-dataset,CC BY 4.0,train
ID_OX2QwK.jpeg,healthy,dataset/images/train/ID_OX2QwK.jpeg,3,amini-cocoa-contamination-dataset,CC BY 4.0,train
ID_TdWq9r.jpeg,healthy,dataset/images/train/ID_TdWq9r.jpeg,4,amini-cocoa-contamination-dataset,CC BY 4.0,train
ID_PEKjxP.jpg,cssvd,dataset/images/train/ID_PEKjxP.jpg,1,amini-cocoa-contamination-dataset,CC BY 4.0,train
ID_XbC4LO.jpg,healthy,dataset/images/train/ID_XbC4LO.jpg,2,amini-cocoa-contamination-dataset,CC BY 4.0,train
ID_mJhpqb.jpeg,cssvd,dataset/images/train/ID_mJhpqb.jpeg,1,amini-cocoa-contamination-dataset,CC BY 4.0,train
ID_US3BYs.jpg,cssvd,dataset/images/train/ID_US3BYs.jpg,1,amini-cocoa-contamination-dataset,CC BY 4.0,train
ID_l2ffKW.jpg,cssvd,dataset/images/train/ID_l2ffKW.jpg,1,amini-cocoa-contamination-dataset,CC BY 4.0,train
ID_ufSrwc.jpg,healthy,dataset/images/train/ID_ufSrwc.jpg,2,amini-cocoa-contamination-dataset,CC BY 4.0,train
ID_gf4DKc.jpeg,healthy,dataset/images/train/ID_gf4DKc.jpeg,2,amini-cocoa-contamination-dataset,CC BY 4.0,train
ID_ikyHG9.jpg,anthracnose,dataset/images/train/ID_ikyHG9.jpg,1,amini-cocoa-contamination-dataset,CC BY 4.0,train
ID_j5TA8E.jpeg,healthy,dataset/images/train/ID_j5TA8E.jpeg,2,amini-cocoa-contamination-dataset,CC BY 4.0,train
ID_jwgpnM.jpeg,anthracnose,dataset/images/train/ID_jwgpnM.jpeg,1,amini-cocoa-contamination-dataset,CC BY 4.0,train
ID_cXcDtr.jpg,cssvd,dataset/images/train/ID_cXcDtr.jpg,2,amini-cocoa-contamination-dataset,CC BY 4.0,train
ID_Kw5NdG.jpg,cssvd,dataset/images/train/ID_Kw5NdG.jpg,1,amini-cocoa-contamination-dataset,CC BY 4.0,train
ID_wTIYmi.jpg,healthy,dataset/images/train/ID_wTIYmi.jpg,1,amini-cocoa-contamination-dataset,CC BY 4.0,train
ID_b5WMTQ.jpeg,cssvd,dataset/images/train/ID_b5WMTQ.jpeg,2,amini-cocoa-contamination-dataset,CC BY 4.0,train
ID_XPXb1H.jpeg,healthy,dataset/images/train/ID_XPXb1H.jpeg,1,amini-cocoa-contamination-dataset,CC BY 4.0,train
ID_O9relc.jpeg,cssvd,dataset/images/train/ID_O9relc.jpeg,1,amini-cocoa-contamination-dataset,CC BY 4.0,train
ID_Z09tOc.jpeg,healthy,dataset/images/train/ID_Z09tOc.jpeg,1,amini-cocoa-contamination-dataset,CC BY 4.0,train
ID_yZDVIT.jpg,healthy,dataset/images/train/ID_yZDVIT.jpg,4,amini-cocoa-contamination-dataset,CC BY 4.0,train
ID_KuNrYK.jpg,cssvd,dataset/images/train/ID_KuNrYK.jpg,1,amini-cocoa-contamination-dataset,CC BY 4.0,train
ID_vIFv0h.jpg,healthy,dataset/images/train/ID_vIFv0h.jpg,3,amini-cocoa-contamination-dataset,CC BY 4.0,train
ID_iBTJpx.jpg,cssvd,dataset/images/train/ID_iBTJpx.jpg,4,amini-cocoa-contamination-dataset,CC BY 4.0,train
ID_fHZIVC.jpg,anthracnose,dataset/images/train/ID_fHZIVC.jpg,2,amini-cocoa-contamination-dataset,CC BY 4.0,train
ID_tskj1G.JPG,healthy,dataset/images/train/ID_tskj1G.JPG,5,amini-cocoa-contamination-dataset,CC BY 4.0,train
ID_Ra7hMB.jpg,anthracnose,dataset/images/train/ID_Ra7hMB.jpg,2,amini-cocoa-contamination-dataset,CC BY 4.0,train
ID_fn4g4T.jpg,cssvd,dataset/images/train/ID_fn4g4T.jpg,2,amini-cocoa-contamination-dataset,CC BY 4.0,train
ID_plDJDO.JPG,healthy,dataset/images/train/ID_plDJDO.JPG,2,amini-cocoa-contamination-dataset,CC BY 4.0,train
ID_POGC2O.jpg,healthy,dataset/images/train/ID_POGC2O.jpg,12,amini-cocoa-contamination-dataset,CC BY 4.0,train
ID_qXKgKY.JPG,healthy,dataset/images/train/ID_qXKgKY.JPG,3,amini-cocoa-contamination-dataset,CC BY 4.0,train
ID_q47VQV.jpeg,healthy,dataset/images/train/ID_q47VQV.jpeg,1,amini-cocoa-contamination-dataset,CC BY 4.0,train
ID_T7RQCl.jpeg,cssvd,dataset/images/train/ID_T7RQCl.jpeg,1,amini-cocoa-contamination-dataset,CC BY 4.0,train
ID_ETNr10.jpg,cssvd,dataset/images/train/ID_ETNr10.jpg,1,amini-cocoa-contamination-dataset,CC BY 4.0,train
ID_k7WejO.jpg,cssvd,dataset/images/train/ID_k7WejO.jpg,1,amini-cocoa-contamination-dataset,CC BY 4.0,train
ID_Tnin6Z.JPG,healthy,dataset/images/train/ID_Tnin6Z.JPG,7,amini-cocoa-contamination-dataset,CC BY 4.0,train
ID_psRrmy.jpg,cssvd,dataset/images/train/ID_psRrmy.jpg,4,amini-cocoa-contamination-dataset,CC BY 4.0,train
ID_ETO6pI.jpg,anthracnose,dataset/images/train/ID_ETO6pI.jpg,4,amini-cocoa-contamination-dataset,CC BY 4.0,train
ID_aUTR96.jpeg,cssvd,dataset/images/train/ID_aUTR96.jpeg,1,amini-cocoa-contamination-dataset,CC BY 4.0,train
ID_CLHG4I.jpg,healthy,dataset/images/train/ID_CLHG4I.jpg,3,amini-cocoa-contamination-dataset,CC BY 4.0,train
ID_RoFHvB.jpg,healthy,dataset/images/train/ID_RoFHvB.jpg,4,amini-cocoa-contamination-dataset,CC BY 4.0,train
ID_GEJslb.jpeg,anthracnose,dataset/images/train/ID_GEJslb.jpeg,1,amini-cocoa-contamination-dataset,CC BY 4.0,train
ID_CYa4x1.jpeg,healthy,dataset/images/train/ID_CYa4x1.jpeg,2,amini-cocoa-contamination-dataset,CC BY 4.0,train
ID_MBpPL3.jpg,healthy,dataset/images/train/ID_MBpPL3.jpg,6,amini-cocoa-contamination-dataset,CC BY 4.0,train
ID_U3ry9E.jpeg,healthy,dataset/images/train/ID_U3ry9E.jpeg,2,amini-cocoa-contamination-dataset,CC BY 4.0,train
ID_fos3YX.jpeg,anthracnose,dataset/images/train/ID_fos3YX.jpeg,1,amini-cocoa-contamination-dataset,CC BY 4.0,train
ID_Oym8z4.jpg,cssvd,dataset/images/train/ID_Oym8z4.jpg,2,amini-cocoa-contamination-dataset,CC BY 4.0,train
ID_YNOpZt.jpg,cssvd,dataset/images/train/ID_YNOpZt.jpg,1,amini-cocoa-contamination-dataset,CC BY 4.0,train
ID_w1X7Pz.jpg,healthy,dataset/images/train/ID_w1X7Pz.jpg,6,amini-cocoa-contamination-dataset,CC BY 4.0,train
ID_pluc1B.jpg,anthracnose,dataset/images/train/ID_pluc1B.jpg,2,amini-cocoa-contamination-dataset,CC BY 4.0,train
ID_gd02Cw.jpg,cssvd,dataset/images/train/ID_gd02Cw.jpg,1,amini-cocoa-contamination-dataset,CC BY 4.0,train
ID_X8hWF0.jpg,cssvd,dataset/images/train/ID_X8hWF0.jpg,1,amini-cocoa-contamination-dataset,CC BY 4.0,train
ID_Ubc2yl.jpeg,healthy,dataset/images/train/ID_Ubc2yl.jpeg,5,amini-cocoa-contamination-dataset,CC BY 4.0,train
ID_x6Ld8A.jpeg,healthy,dataset/images/train/ID_x6Ld8A.jpeg,6,amini-cocoa-contamination-dataset,CC BY 4.0,train
ID_cCtLKC.JPG,healthy,dataset/images/train/ID_cCtLKC.JPG,2,amini-cocoa-contamination-dataset,CC BY 4.0,train
ID_Fw9KIW.jpg,cssvd,dataset/images/train/ID_Fw9KIW.jpg,4,amini-cocoa-contamination-dataset,CC BY 4.0,train
ID_OtFmeG.jpeg,cssvd,dataset/images/train/ID_OtFmeG.jpeg,1,amini-cocoa-contamination-dataset,CC BY 4.0,train
ID_MBg7Wu.jpg,anthracnose,dataset/images/train/ID_MBg7Wu.jpg,1,amini-cocoa-contamination-dataset,CC BY 4.0,train
ID_gC5IgG.jpg,anthracnose,dataset/images/train/ID_gC5IgG.jpg,2,amini-cocoa-contamination-dataset,CC BY 4.0,train
ID_xJcaPc.jpeg,anthracnose,dataset/images/train/ID_xJcaPc.jpeg,1,amini-cocoa-contamination-dataset,CC BY 4.0,train
ID_HTXcz3.jpg,healthy,dataset/images/train/ID_HTXcz3.jpg,1,amini-cocoa-contamination-dataset,CC BY 4.0,train
ID_lPdH6s.jpg,healthy,dataset/images/train/ID_lPdH6s.jpg,5,amini-cocoa-contamination-dataset,CC BY 4.0,train
ID_FQX1zg.jpg,anthracnose,dataset/images/train/ID_FQX1zg.jpg,2,amini-cocoa-contamination-dataset,CC BY 4.0,train
ID_RWPGUG.jpg,anthracnose,dataset/images/train/ID_RWPGUG.jpg,1,amini-cocoa-contamination-dataset,CC BY 4.0,train
ID_axCg8f.jpg,anthracnose,dataset/images/train/ID_axCg8f.jpg,1,amini-cocoa-contamination-dataset,CC BY 4.0,train
ID_hqhElM.jpeg,healthy,dataset/images/train/ID_hqhElM.jpeg,1,amini-cocoa-contamination-dataset,CC BY 4.0,train
ID_loabLZ.jpeg,cssvd,dataset/images/train/ID_loabLZ.jpeg,2,amini-cocoa-contamination-dataset,CC BY 4.0,train
ID_h3wp2q.jpeg,healthy,dataset/images/train/ID_h3wp2q.jpeg,4,amini-cocoa-contamination-dataset,CC BY 4.0,train
ID_OG3WLW.jpg,anthracnose,dataset/images/train/ID_OG3WLW.jpg,2,amini-cocoa-contamination-dataset,CC BY 4.0,train
ID_Wv2gga.jpg,cssvd,dataset/images/train/ID_Wv2gga.jpg,1,amini-cocoa-contamination-dataset,CC BY 4.0,train
ID_hsQdAy.jpg,anthracnose,dataset/images/train/ID_hsQdAy.jpg,2,amini-cocoa-contamination-dataset,CC BY 4.0,train
ID_PSDhd8.jpg,healthy,dataset/images/train/ID_PSDhd8.jpg,3,amini-cocoa-contamination-dataset,CC BY 4.0,train
ID_Dc1knP.jpg,cssvd,dataset/images/train/ID_Dc1knP.jpg,1,amini-cocoa-contamination-dataset,CC BY 4.0,train
ID_XlnNkp.jpg,cssvd,dataset/images/train/ID_XlnNkp.jpg,1,amini-cocoa-contamination-dataset,CC BY 4.0,train
ID_NfmKR2.jpg,anthracnose,dataset/images/train/ID_NfmKR2.jpg,1,amini-cocoa-contamination-dataset,CC BY 4.0,train
ID_ktU1x5.jpg,cssvd,dataset/images/train/ID_ktU1x5.jpg,1,amini-cocoa-contamination-dataset,CC BY 4.0,train
ID_KAHpTw.jpg,cssvd,dataset/images/train/ID_KAHpTw.jpg,1,amini-cocoa-contamination-dataset,CC BY 4.0,train
ID_JGI4qo.jpg,cssvd,dataset/images/train/ID_JGI4qo.jpg,1,amini-cocoa-contamination-dataset,CC BY 4.0,train
ID_mQqWBw.jpg,cssvd,dataset/images/train/ID_mQqWBw.jpg,1,amini-cocoa-contamination-dataset,CC BY 4.0,train
ID_qEeGW6.jpg,cssvd,dataset/images/train/ID_qEeGW6.jpg,1,amini-cocoa-contamination-dataset,CC BY 4.0,train
ID_eR6AWo.jpg,anthracnose,dataset/images/train/ID_eR6AWo.jpg,1,amini-cocoa-contamination-dataset,CC BY 4.0,train
ID_dSSup9.jpg,cssvd,dataset/images/train/ID_dSSup9.jpg,3,amini-cocoa-contamination-dataset,CC BY 4.0,train
ID_kskTEI.jpg,healthy,dataset/images/train/ID_kskTEI.jpg,5,amini-cocoa-contamination-dataset,CC BY 4.0,train
ID_fXioHc.jpeg,cssvd,dataset/images/train/ID_fXioHc.jpeg,1,amini-cocoa-contamination-dataset,CC BY 4.0,train
ID_WccqQl.JPG,healthy,dataset/images/train/ID_WccqQl.JPG,2,amini-cocoa-contamination-dataset,CC BY 4.0,train
ID_D7cO7B.jpeg,healthy,dataset/images/train/ID_D7cO7B.jpeg,4,amini-cocoa-contamination-dataset,CC BY 4.0,train
ID_cSAMT4.jpg,anthracnose,dataset/images/train/ID_cSAMT4.jpg,1,amini-cocoa-contamination-dataset,CC BY 4.0,train
ID_RdQGrs.JPG,cssvd,dataset/images/train/ID_RdQGrs.JPG,2,amini-cocoa-contamination-dataset,CC BY 4.0,train
ID_YCJTkf.jpeg,anthracnose,dataset/images/train/ID_YCJTkf.jpeg,1,amini-cocoa-contamination-dataset,CC BY 4.0,train
ID_aT7zLN.jpg,anthracnose,dataset/images/train/ID_aT7zLN.jpg,2,amini-cocoa-contamination-dataset,CC BY 4.0,train
ID_sv4csc.jpg,anthracnose,dataset/images/train/ID_sv4csc.jpg,1,amini-cocoa-contamination-dataset,CC BY 4.0,train
ID_RBxU5V.jpeg,healthy,dataset/images/train/ID_RBxU5V.jpeg,3,amini-cocoa-contamination-dataset,CC BY 4.0,train
ID_Mik03p.jpeg,healthy,dataset/images/train/ID_Mik03p.jpeg,2,amini-cocoa-contamination-dataset,CC BY 4.0,train
ID_dYMVsD.jpg,healthy,dataset/images/train/ID_dYMVsD.jpg,1,amini-cocoa-contamination-dataset,CC BY 4.0,train
ID_Cy8ZDP.jpg,anthracnose,dataset/images/train/ID_Cy8ZDP.jpg,1,amini-cocoa-contamination-dataset,CC BY 4.0,train
ID_MI053H.jpg,healthy,dataset/images/train/ID_MI053H.jpg,4,amini-cocoa-contamination-dataset,CC BY 4.0,train
ID_CxXN0o.jpg,anthracnose,dataset/images/train/ID_CxXN0o.jpg,2,amini-cocoa-contamination-dataset,CC BY 4.0,train
ID_iRhDiy.jpg,cssvd,dataset/images/train/ID_iRhDiy.jpg,1,amini-cocoa-contamination-dataset,CC BY 4.0,train
ID_WlehPX.jpeg,healthy,dataset/images/train/ID_WlehPX.jpeg,2,amini-cocoa-contamination-dataset,CC BY 4.0,train
ID_bQ93jg.jpg,cssvd,dataset/images/train/ID_bQ93jg.jpg,1,amini-cocoa-contamination-dataset,CC BY 4.0,train
ID_fE7bkc.jpg,cssvd,dataset/images/train/ID_fE7bkc.jpg,1,amini-cocoa-contamination-dataset,CC BY 4.0,train
ID_o5lba5.jpg,cssvd,dataset/images/train/ID_o5lba5.jpg,5,amini-cocoa-contamination-dataset,CC BY 4.0,train
ID_XXNoaV.jpeg,healthy,dataset/images/train/ID_XXNoaV.jpeg,2,amini-cocoa-contamination-dataset,CC BY 4.0,train
ID_ZTJ2N8.jpg,cssvd,dataset/images/train/ID_ZTJ2N8.jpg,2,amini-cocoa-contamination-dataset,CC BY 4.0,train
ID_eC3u0k.jpg,cssvd,dataset/images/train/ID_eC3u0k.jpg,4,amini-cocoa-contamination-dataset,CC BY 4.0,train
ID_KIgZmi.jpg,cssvd,dataset/images/train/ID_KIgZmi.jpg,1,amini-cocoa-contamination-dataset,CC BY 4.0,train
ID_yfr2HJ.jpeg,anthracnose,dataset/images/train/ID_yfr2HJ.jpeg,1,amini-cocoa-contamination-dataset,CC BY 4.0,train
ID_HiuhLH.jpg,cssvd,dataset/images/train/ID_HiuhLH.jpg,1,amini-cocoa-contamination-dataset,CC BY 4.0,train
ID_IB98fW.JPG,healthy,dataset/images/train/ID_IB98fW.JPG,1,amini-cocoa-contamination-dataset,CC BY 4.0,train
ID_lMI2Wv.jpg,healthy,dataset/images/train/ID_lMI2Wv.jpg,4,amini-cocoa-contamination-dataset,CC BY 4.0,train
ID_yE58ZH.jpeg,cssvd,dataset/images/train/ID_yE58ZH.jpeg,4,amini-cocoa-contamination-dataset,CC BY 4.0,train
ID_EnaWA3.jpg,cssvd,dataset/images/train/ID_EnaWA3.jpg,1,amini-cocoa-contamination-dataset,CC BY 4.0,train
ID_mbO6fb.jpg,healthy,dataset/images/train/ID_mbO6fb.jpg,1,amini-cocoa-contamination-dataset,CC BY 4.0,train
ID_qErLkH.jpeg,anthracnose,dataset/images/train/ID_qErLkH.jpeg,1,amini-cocoa-contamination-dataset,CC BY 4.0,train
ID_S9itQa.jpg,healthy,dataset/images/train/ID_S9itQa.jpg,2,amini-cocoa-contamination-dataset,CC BY 4.0,train
ID_cVSDQS.jpg,cssvd,dataset/images/train/ID_cVSDQS.jpg,1,amini-cocoa-contamination-dataset,CC BY 4.0,train
ID_dH3P9x.jpg,cssvd,dataset/images/train/ID_dH3P9x.jpg,1,amini-cocoa-contamination-dataset,CC BY 4.0,train
ID_pJzRyo.jpg,cssvd,dataset/images/train/ID_pJzRyo.jpg,1,amini-cocoa-contamination-dataset,CC BY 4.0,train
ID_njc5PD.jpg,anthracnose,dataset/images/train/ID_njc5PD.jpg,4,amini-cocoa-contamination-dataset,CC BY 4.0,train
ID_IF0s2A.jpg,cssvd,dataset/images/train/ID_IF0s2A.jpg,1,amini-cocoa-contamination-dataset,CC BY 4.0,train
ID_olt8bW.jpeg,anthracnose,dataset/images/train/ID_olt8bW.jpeg,1,amini-cocoa-contamination-dataset,CC BY 4.0,train
ID_VdJfoM.jpg,cssvd,dataset/images/train/ID_VdJfoM.jpg,1,amini-cocoa-contamination-dataset,CC BY 4.0,train
ID_LgBbkC.jpg,healthy,dataset/images/train/ID_LgBbkC.jpg,3,amini-cocoa-contamination-dataset,CC BY 4.0,train
ID_x201C7.JPG,healthy,dataset/images/train/ID_x201C7.JPG,2,amini-cocoa-contamination-dataset,CC BY 4.0,train
ID_EZHafM.jpg,healthy,dataset/images/train/ID_EZHafM.jpg,2,amini-cocoa-contamination-dataset,CC BY 4.0,train
ID_t8C90y.jpg,cssvd,dataset/images/train/ID_t8C90y.jpg,1,amini-cocoa-contamination-dataset,CC BY 4.0,train
ID_qyIoYx.jpeg,healthy,dataset/images/train/ID_qyIoYx.jpeg,2,amini-cocoa-contamination-dataset,CC BY 4.0,train
ID_t3nclx.jpeg,anthracnose,dataset/images/train/ID_t3nclx.jpeg,1,amini-cocoa-contamination-dataset,CC BY 4.0,train
ID_NRkeOG.jpeg,anthracnose,dataset/images/train/ID_NRkeOG.jpeg,2,amini-cocoa-contamination-dataset,CC BY 4.0,train
ID_ktX4tH.jpeg,anthracnose,dataset/images/train/ID_ktX4tH.jpeg,1,amini-cocoa-contamination-dataset,CC BY 4.0,train
ID_RNsIwo.jpeg,healthy,dataset/images/train/ID_RNsIwo.jpeg,1,amini-cocoa-contamination-dataset,CC BY 4.0,train
ID_weuu1D.jpg,cssvd,dataset/images/train/ID_weuu1D.jpg,1,amini-cocoa-contamination-dataset,CC BY 4.0,train
ID_ARDESe.jpg,healthy,dataset/images/train/ID_ARDESe.jpg,4,amini-cocoa-contamination-dataset,CC BY 4.0,train
ID_ABiqqH.jpg,anthracnose,dataset/images/train/ID_ABiqqH.jpg,1,amini-cocoa-contamination-dataset,CC BY 4.0,train
ID_HyjMcN.jpg,anthracnose,dataset/images/train/ID_HyjMcN.jpg,1,amini-cocoa-contamination-dataset,CC BY 4.0,train
ID_nqoWxQ.jpg,healthy,dataset/images/train/ID_nqoWxQ.jpg,3,amini-cocoa-contamination-dataset,CC BY 4.0,train
ID_Ed8syZ.jpg,anthracnose,dataset/images/train/ID_Ed8syZ.jpg,4,amini-cocoa-contamination-dataset,CC BY 4.0,train
ID_SkBVls.jpg,healthy,dataset/images/train/ID_SkBVls.jpg,4,amini-cocoa-contamination-dataset,CC BY 4.0,train
ID_Mmotno.jpeg,healthy,dataset/images/train/ID_Mmotno.jpeg,4,amini-cocoa-contamination-dataset,CC BY 4.0,train
ID_EwQGoI.jpg,cssvd,dataset/images/train/ID_EwQGoI.jpg,1,amini-cocoa-contamination-dataset,CC BY 4.0,train
ID_Og3HI8.jpeg,healthy,dataset/images/train/ID_Og3HI8.jpeg,3,amini-cocoa-contamination-dataset,CC BY 4.0,train
ID_pxjZs8.jpeg,anthracnose,dataset/images/train/ID_pxjZs8.jpeg,2,amini-cocoa-contamination-dataset,CC BY 4.0,train
ID_nV7OKp.jpg,cssvd,dataset/images/train/ID_nV7OKp.jpg,1,amini-cocoa-contamination-dataset,CC BY 4.0,train
ID_c5qrkQ.jpg,cssvd,dataset/images/train/ID_c5qrkQ.jpg,1,amini-cocoa-contamination-dataset,CC BY 4.0,train
ID_jhIiXV.jpg,healthy,dataset/images/train/ID_jhIiXV.jpg,2,amini-cocoa-contamination-dataset,CC BY 4.0,train
ID_eyApHR.jpg,anthracnose,dataset/images/train/ID_eyApHR.jpg,1,amini-cocoa-contamination-dataset,CC BY 4.0,train
ID_L0K6CF.jpeg,anthracnose,dataset/images/train/ID_L0K6CF.jpeg,1,amini-cocoa-contamination-dataset,CC BY 4.0,train
ID_Hyea2e.jpeg,healthy,dataset/images/train/ID_Hyea2e.jpeg,1,amini-cocoa-contamination-dataset,CC BY 4.0,train
ID_Q6bjVM.jpeg,healthy,dataset/images/train/ID_Q6bjVM.jpeg,1,amini-cocoa-contamination-dataset,CC BY 4.0,train
ID_k2TYY4.jpg,anthracnose,dataset/images/train/ID_k2TYY4.jpg,1,amini-cocoa-contamination-dataset,CC BY 4.0,train
ID_gn9Xy1.jpg,cssvd,dataset/images/train/ID_gn9Xy1.jpg,1,amini-cocoa-contamination-dataset,CC BY 4.0,train
ID_Ui8E1j.jpg,anthracnose,dataset/images/train/ID_Ui8E1j.jpg,1,amini-cocoa-contamination-dataset,CC BY 4.0,train
ID_f1dLJo.jpeg,cssvd,dataset/images/train/ID_f1dLJo.jpeg,1,amini-cocoa-contamination-dataset,CC BY 4.0,train
ID_k99Uok.jpeg,cssvd,dataset/images/train/ID_k99Uok.jpeg,1,amini-cocoa-contamination-dataset,CC BY 4.0,train
ID_n6uI9Y.jpg,healthy,dataset/images/train/ID_n6uI9Y.jpg,3,amini-cocoa-contamination-dataset,CC BY 4.0,train
ID_IIl45k.JPG,healthy,dataset/images/train/ID_IIl45k.JPG,3,amini-cocoa-contamination-dataset,CC BY 4.0,train
ID_KiB7GM.jpeg,cssvd,dataset/images/train/ID_KiB7GM.jpeg,1,amini-cocoa-contamination-dataset,CC BY 4.0,train
ID_a34fvU.jpg,healthy,dataset/images/train/ID_a34fvU.jpg,6,amini-cocoa-contamination-dataset,CC BY 4.0,train
ID_oN7O84.jpg,anthracnose,dataset/images/train/ID_oN7O84.jpg,2,amini-cocoa-contamination-dataset,CC BY 4.0,train
ID_r7NJQu.jpg,anthracnose,dataset/images/train/ID_r7NJQu.jpg,1,amini-cocoa-contamination-dataset,CC BY 4.0,train
ID_yN7fcQ.JPG,anthracnose,dataset/images/train/ID_yN7fcQ.JPG,1,amini-cocoa-contamination-dataset,CC BY 4.0,train
ID_KOQFDz.jpeg,cssvd,dataset/images/train/ID_KOQFDz.jpeg,1,amini-cocoa-contamination-dataset,CC BY 4.0,train
ID_dZFgdE.jpg,healthy,dataset/images/train/ID_dZFgdE.jpg,3,amini-cocoa-contamination-dataset,CC BY 4.0,train
ID_l3SYMd.jpg,healthy,dataset/images/train/ID_l3SYMd.jpg,3,amini-cocoa-contamination-dataset,CC BY 4.0,train
ID_iZB7eW.jpg,healthy,dataset/images/train/ID_iZB7eW.jpg,2,amini-cocoa-contamination-dataset,CC BY 4.0,train
ID_AxsUWj.jpg,cssvd,dataset/images/train/ID_AxsUWj.jpg,1,amini-cocoa-contamination-dataset,CC BY 4.0,train
ID_FPu19m.jpg,anthracnose,dataset/images/train/ID_FPu19m.jpg,2,amini-cocoa-contamination-dataset,CC BY 4.0,train
ID_zs2FfU.jpeg,cssvd,dataset/images/train/ID_zs2FfU.jpeg,1,amini-cocoa-contamination-dataset,CC BY 4.0,train
ID_Zwe8i7.jpeg,cssvd,dataset/images/train/ID_Zwe8i7.jpeg,1,amini-cocoa-contamination-dataset,CC BY 4.0,train
ID_nMZ65n.jpeg,healthy,dataset/images/train/ID_nMZ65n.jpeg,2,amini-cocoa-contamination-dataset,CC BY 4.0,train
ID_ahC3Qr.jpeg,anthracnose,dataset/images/train/ID_ahC3Qr.jpeg,3,amini-cocoa-contamination-dataset,CC BY 4.0,train
ID_onGPPB.jpg,cssvd,dataset/images/train/ID_onGPPB.jpg,2,amini-cocoa-contamination-dataset,CC BY 4.0,train
ID_Rfm919.jpeg,healthy,dataset/images/train/ID_Rfm919.jpeg,2,amini-cocoa-contamination-dataset,CC BY 4.0,train
ID_gKRsCv.jpg,anthracnose,dataset/images/train/ID_gKRsCv.jpg,1,amini-cocoa-contamination-dataset,CC BY 4.0,train
ID_WHQuPd.jpeg,cssvd,dataset/images/train/ID_WHQuPd.jpeg,2,amini-cocoa-contamination-dataset,CC BY 4.0,train
ID_N6FAh9.jpg,cssvd,dataset/images/train/ID_N6FAh9.jpg,2,amini-cocoa-contamination-dataset,CC BY 4.0,train
ID_Cy14fB.jpeg,cssvd,dataset/images/train/ID_Cy14fB.jpeg,4,amini-cocoa-contamination-dataset,CC BY 4.0,train
ID_TY4L4m.jpeg,healthy,dataset/images/train/ID_TY4L4m.jpeg,1,amini-cocoa-contamination-dataset,CC BY 4.0,train
ID_z4fIrY.jpg,cssvd,dataset/images/train/ID_z4fIrY.jpg,1,amini-cocoa-contamination-dataset,CC BY 4.0,train
ID_nvyCtP.jpeg,healthy,dataset/images/train/ID_nvyCtP.jpeg,2,amini-cocoa-contamination-dataset,CC BY 4.0,train
ID_GR3y1v.jpeg,healthy,dataset/images/train/ID_GR3y1v.jpeg,2,amini-cocoa-contamination-dataset,CC BY 4.0,train
ID_rl85Nn.jpeg,healthy,dataset/images/train/ID_rl85Nn.jpeg,2,amini-cocoa-contamination-dataset,CC BY 4.0,train
ID_KNTaEh.jpg,anthracnose,dataset/images/train/ID_KNTaEh.jpg,2,amini-cocoa-contamination-dataset,CC BY 4.0,train
ID_kcbyzy.jpg,anthracnose,dataset/images/train/ID_kcbyzy.jpg,1,amini-cocoa-contamination-dataset,CC BY 4.0,train
ID_aWkTls.jpg,cssvd,dataset/images/train/ID_aWkTls.jpg,1,amini-cocoa-contamination-dataset,CC BY 4.0,train
ID_Ro69Do.jpeg,healthy,dataset/images/train/ID_Ro69Do.jpeg,1,amini-cocoa-contamination-dataset,CC BY 4.0,train
ID_UHlwlC.jpg,anthracnose,dataset/images/train/ID_UHlwlC.jpg,1,amini-cocoa-contamination-dataset,CC BY 4.0,train
ID_IjpumM.jpeg,anthracnose,dataset/images/train/ID_IjpumM.jpeg,1,amini-cocoa-contamination-dataset,CC BY 4.0,train
ID_jMC4mh.jpeg,cssvd,dataset/images/train/ID_jMC4mh.jpeg,2,amini-cocoa-contamination-dataset,CC BY 4.0,train
ID_h4gdve.jpg,cssvd,dataset/images/train/ID_h4gdve.jpg,1,amini-cocoa-contamination-dataset,CC BY 4.0,train
ID_pg7TeW.jpeg,anthracnose,dataset/images/train/ID_pg7TeW.jpeg,1,amini-cocoa-contamination-dataset,CC BY 4.0,train
ID_ywW6tT.jpg,healthy,dataset/images/train/ID_ywW6tT.jpg,2,amini-cocoa-contamination-dataset,CC BY 4.0,train
ID_TKjYS2.jpg,anthracnose,dataset/images/train/ID_TKjYS2.jpg,4,amini-cocoa-contamination-dataset,CC BY 4.0,train
ID_RxIwal.jpg,cssvd,dataset/images/train/ID_RxIwal.jpg,1,amini-cocoa-contamination-dataset,CC BY 4.0,train
ID_ubbvmG.jpg,anthracnose,dataset/images/train/ID_ubbvmG.jpg,2,amini-cocoa-contamination-dataset,CC BY 4.0,train
ID_s6BoTH.jpg,anthracnose,dataset/images/train/ID_s6BoTH.jpg,2,amini-cocoa-contamination-dataset,CC BY 4.0,train
ID_j4jbRp.jpeg,cssvd,dataset/images/train/ID_j4jbRp.jpeg,2,amini-cocoa-contamination-dataset,CC BY 4.0,train
ID_U7fbDW.jpg,anthracnose,dataset/images/train/ID_U7fbDW.jpg,1,amini-cocoa-contamination-dataset,CC BY 4.0,train
ID_jMAMzu.jpg,anthracnose,dataset/images/train/ID_jMAMzu.jpg,1,amini-cocoa-contamination-dataset,CC BY 4.0,train
ID_yYRmlc.jpg,cssvd,dataset/images/train/ID_yYRmlc.jpg,3,amini-cocoa-contamination-dataset,CC BY 4.0,train
ID_zrCQLV.jpg,cssvd,dataset/images/train/ID_zrCQLV.jpg,1,amini-cocoa-contamination-dataset,CC BY 4.0,train
ID_P9GYOJ.jpg,cssvd,dataset/images/train/ID_P9GYOJ.jpg,2,amini-cocoa-contamination-dataset,CC BY 4.0,train
ID_Xk0wjs.jpg,anthracnose,dataset/images/train/ID_Xk0wjs.jpg,2,amini-cocoa-contamination-dataset,CC BY 4.0,train
ID_iNMBaE.jpg,cssvd,dataset/images/train/ID_iNMBaE.jpg,1,amini-cocoa-contamination-dataset,CC BY 4.0,train
ID_A0o1FA.jpeg,cssvd,dataset/images/train/ID_A0o1FA.jpeg,1,amini-cocoa-contamination-dataset,CC BY 4.0,train
ID_beqKaG.jpg,healthy,dataset/images/train/ID_beqKaG.jpg,3,amini-cocoa-contamination-dataset,CC BY 4.0,train
ID_wk2UlU.jpg,healthy,dataset/images/train/ID_wk2UlU.jpg,2,amini-cocoa-contamination-dataset,CC BY 4.0,train
ID_TvSqkG.jpeg,healthy,dataset/images/train/ID_TvSqkG.jpeg,1,amini-cocoa-contamination-dataset,CC BY 4.0,train
ID_q0eFTE.jpeg,healthy,dataset/images/train/ID_q0eFTE.jpeg,1,amini-cocoa-contamination-dataset,CC BY 4.0,train
ID_bUiaVb.jpeg,healthy,dataset/images/train/ID_bUiaVb.jpeg,1,amini-cocoa-contamination-dataset,CC BY 4.0,train
ID_kQDcaQ.jpg,cssvd,dataset/images/train/ID_kQDcaQ.jpg,2,amini-cocoa-contamination-dataset,CC BY 4.0,train
ID_vzCh6S.jpg,healthy,dataset/images/train/ID_vzCh6S.jpg,4,amini-cocoa-contamination-dataset,CC BY 4.0,train
ID_tSbO8b.jpg,cssvd,dataset/images/train/ID_tSbO8b.jpg,1,amini-cocoa-contamination-dataset,CC BY 4.0,train
ID_HLD5wr.jpeg,cssvd,dataset/images/train/ID_HLD5wr.jpeg,1,amini-cocoa-contamination-dataset,CC BY 4.0,train
ID_xIjagj.jpg,healthy,dataset/images/train/ID_xIjagj.jpg,1,amini-cocoa-contamination-dataset,CC BY 4.0,train
ID_nThEnn.jpg,healthy,dataset/images/train/ID_nThEnn.jpg,1,amini-cocoa-contamination-dataset,CC BY 4.0,train
ID_soB3nB.jpg,anthracnose,dataset/images/train/ID_soB3nB.jpg,1,amini-cocoa-contamination-dataset,CC BY 4.0,train
ID_zaIbED.jpg,cssvd,dataset/images/train/ID_zaIbED.jpg,1,amini-cocoa-contamination-dataset,CC BY 4.0,train
ID_wTF59t.jpg,cssvd,dataset/images/train/ID_wTF59t.jpg,1,amini-cocoa-contamination-dataset,CC BY 4.0,train
ID_dTMLIt.jpg,anthracnose,dataset/images/train/ID_dTMLIt.jpg,3,amini-cocoa-contamination-dataset,CC BY 4.0,train
ID_vnbT81.jpg,cssvd,dataset/images/train/ID_vnbT81.jpg,1,amini-cocoa-contamination-dataset,CC BY 4.0,train
ID_RIafKk.jpg,anthracnose,dataset/images/train/ID_RIafKk.jpg,1,amini-cocoa-contamination-dataset,CC BY 4.0,train
ID_HuzaOc.jpg,cssvd,dataset/images/train/ID_HuzaOc.jpg,1,amini-cocoa-contamination-dataset,CC BY 4.0,train
ID_c3ocB8.jpeg,healthy,dataset/images/train/ID_c3ocB8.jpeg,3,amini-cocoa-contamination-dataset,CC BY 4.0,train
ID_Ngsg9R.jpeg,healthy,dataset/images/train/ID_Ngsg9R.jpeg,3,amini-cocoa-contamination-dataset,CC BY 4.0,train
ID_C3ko9I.jpeg,healthy,dataset/images/train/ID_C3ko9I.jpeg,1,amini-cocoa-contamination-dataset,CC BY 4.0,train
ID_vZcRLb.jpg,cssvd,dataset/images/train/ID_vZcRLb.jpg,2,amini-cocoa-contamination-dataset,CC BY 4.0,train
ID_NxrEqW.jpeg,cssvd,dataset/images/train/ID_NxrEqW.jpeg,2,amini-cocoa-contamination-dataset,CC BY 4.0,train
ID_IYCmXe.jpg,healthy,dataset/images/train/ID_IYCmXe.jpg,3,amini-cocoa-contamination-dataset,CC BY 4.0,train
ID_zwyEXN.jpg,cssvd,dataset/images/train/ID_zwyEXN.jpg,1,amini-cocoa-contamination-dataset,CC BY 4.0,train
ID_EVApJI.jpg,healthy,dataset/images/train/ID_EVApJI.jpg,7,amini-cocoa-contamination-dataset,CC BY 4.0,train
ID_zwVswG.jpg,healthy,dataset/images/train/ID_zwVswG.jpg,1,amini-cocoa-contamination-dataset,CC BY 4.0,train
ID_iGARPE.jpg,healthy,dataset/images/train/ID_iGARPE.jpg,1,amini-cocoa-contamination-dataset,CC BY 4.0,train
ID_xQSdSL.jpg,cssvd,dataset/images/train/ID_xQSdSL.jpg,1,amini-cocoa-contamination-dataset,CC BY 4.0,train
ID_yzfC2t.jpeg,healthy,dataset/images/train/ID_yzfC2t.jpeg,3,amini-cocoa-contamination-dataset,CC BY 4.0,train
ID_HNfrlT.jpeg,cssvd,dataset/images/train/ID_HNfrlT.jpeg,2,amini-cocoa-contamination-dataset,CC BY 4.0,train
ID_tsamJm.jpg,anthracnose,dataset/images/train/ID_tsamJm.jpg,1,amini-cocoa-contamination-dataset,CC BY 4.0,train
ID_hivuC6.jpg,cssvd,dataset/images/train/ID_hivuC6.jpg,3,amini-cocoa-contamination-dataset,CC BY 4.0,train
ID_JuC6hQ.jpg,anthracnose,dataset/images/train/ID_JuC6hQ.jpg,1,amini-cocoa-contamination-dataset,CC BY 4.0,train
ID_ylXlTv.jpg,anthracnose,dataset/images/train/ID_ylXlTv.jpg,1,amini-cocoa-contamination-dataset,CC BY 4.0,train
ID_kNYxK7.jpg,cssvd,dataset/images/train/ID_kNYxK7.jpg,1,amini-cocoa-contamination-dataset,CC BY 4.0,train
ID_fS3wsF.jpg,cssvd,dataset/images/train/ID_fS3wsF.jpg,1,amini-cocoa-contamination-dataset,CC BY 4.0,train
ID_YOsHZx.jpg,cssvd,dataset/images/train/ID_YOsHZx.jpg,1,amini-cocoa-contamination-dataset,CC BY 4.0,train
ID_xTDhFF.jpeg,healthy,dataset/images/train/ID_xTDhFF.jpeg,2,amini-cocoa-contamination-dataset,CC BY 4.0,train
ID_kizUG6.jpg,healthy,dataset/images/train/ID_kizUG6.jpg,2,amini-cocoa-contamination-dataset,CC BY 4.0,train
ID_VHXOX5.jpg,healthy,dataset/images/train/ID_VHXOX5.jpg,4,amini-cocoa-contamination-dataset,CC BY 4.0,train
ID_hpgVva.jpeg,anthracnose,dataset/images/train/ID_hpgVva.jpeg,2,amini-cocoa-contamination-dataset,CC BY 4.0,train
ID_UtpkKC.jpg,healthy,dataset/images/train/ID_UtpkKC.jpg,7,amini-cocoa-contamination-dataset,CC BY 4.0,train
ID_yr2j1J.jpeg,anthracnose,dataset/images/train/ID_yr2j1J.jpeg,1,amini-cocoa-contamination-dataset,CC BY 4.0,train
ID_xn6J3u.jpg,cssvd,dataset/images/train/ID_xn6J3u.jpg,1,amini-cocoa-contamination-dataset,CC BY 4.0,train
ID_SQt8Rg.jpg,cssvd,dataset/images/train/ID_SQt8Rg.jpg,1,amini-cocoa-contamination-dataset,CC BY 4.0,train
ID_FwPWiT.jpg,cssvd,dataset/images/train/ID_FwPWiT.jpg,1,amini-cocoa-contamination-dataset,CC BY 4.0,train
ID_xgV4bO.jpeg,cssvd,dataset/images/train/ID_xgV4bO.jpeg,3,amini-cocoa-contamination-dataset,CC BY 4.0,train
ID_yTKAOl.jpeg,healthy,dataset/images/train/ID_yTKAOl.jpeg,1,amini-cocoa-contamination-dataset,CC BY 4.0,train
ID_ij7qs6.jpg,healthy,dataset/images/train/ID_ij7qs6.jpg,4,amini-cocoa-contamination-dataset,CC BY 4.0,train
ID_iIPAqK.jpg,cssvd,dataset/images/train/ID_iIPAqK.jpg,3,amini-cocoa-contamination-dataset,CC BY 4.0,train
ID_nLywbj.jpg,healthy,dataset/images/train/ID_nLywbj.jpg,3,amini-cocoa-contamination-dataset,CC BY 4.0,train
ID_ufiWSV.jpg,cssvd,dataset/images/train/ID_ufiWSV.jpg,1,amini-cocoa-contamination-dataset,CC BY 4.0,train
ID_ZBizrK.jpg,anthracnose,dataset/images/train/ID_ZBizrK.jpg,2,amini-cocoa-contamination-dataset,CC BY 4.0,train
ID_DlpzFE.jpeg,healthy,dataset/images/train/ID_DlpzFE.jpeg,2,amini-cocoa-contamination-dataset,CC BY 4.0,train
ID_LUuR4a.JPG,healthy,dataset/images/train/ID_LUuR4a.JPG,2,amini-cocoa-contamination-dataset,CC BY 4.0,train
ID_gCgXLs.jpg,anthracnose,dataset/images/train/ID_gCgXLs.jpg,2,amini-cocoa-contamination-dataset,CC BY 4.0,train
ID_jfZiMy.jpeg,cssvd,dataset/images/train/ID_jfZiMy.jpeg,2,amini-cocoa-contamination-dataset,CC BY 4.0,train
ID_urpb3Y.jpg,anthracnose,dataset/images/train/ID_urpb3Y.jpg,2,amini-cocoa-contamination-dataset,CC BY 4.0,train
ID_EkR0Yj.jpeg,anthracnose,dataset/images/train/ID_EkR0Yj.jpeg,1,amini-cocoa-contamination-dataset,CC BY 4.0,train
ID_tDMBoN.jpg,healthy,dataset/images/train/ID_tDMBoN.jpg,4,amini-cocoa-contamination-dataset,CC BY 4.0,train
ID_dkv7nA.jpeg,cssvd,dataset/images/train/ID_dkv7nA.jpeg,1,amini-cocoa-contamination-dataset,CC BY 4.0,train
ID_dvP9fZ.jpg,anthracnose,dataset/images/train/ID_dvP9fZ.jpg,4,amini-cocoa-contamination-dataset,CC BY 4.0,train
ID_hwTsKC.JPG,cssvd,dataset/images/train/ID_hwTsKC.JPG,2,amini-cocoa-contamination-dataset,CC BY 4.0,train
ID_nUGg6h.jpg,cssvd,dataset/images/train/ID_nUGg6h.jpg,1,amini-cocoa-contamination-dataset,CC BY 4.0,train
ID_YQZRio.jpg,anthracnose,dataset/images/train/ID_YQZRio.jpg,1,amini-cocoa-contamination-dataset,CC BY 4.0,train
ID_xiMPDR.jpg,anthracnose,dataset/images/train/ID_xiMPDR.jpg,4,amini-cocoa-contamination-dataset,CC BY 4.0,train
ID_IZhLGE.jpg,anthracnose,dataset/images/train/ID_IZhLGE.jpg,1,amini-cocoa-contamination-dataset,CC BY 4.0,train
ID_eU8ZZz.jpg,cssvd,dataset/images/train/ID_eU8ZZz.jpg,2,amini-cocoa-contamination-dataset,CC BY 4.0,train
ID_URuy4Y.jpeg,anthracnose,dataset/images/train/ID_URuy4Y.jpeg,2,amini-cocoa-contamination-dataset,CC BY 4.0,train
ID_ZbzMxQ.jpg,anthracnose,dataset/images/train/ID_ZbzMxQ.jpg,1,amini-cocoa-contamination-dataset,CC BY 4.0,train
ID_Z2tH1m.JPG,healthy,dataset/images/train/ID_Z2tH1m.JPG,1,amini-cocoa-contamination-dataset,CC BY 4.0,train
ID_dcTWIM.jpg,cssvd,dataset/images/train/ID_dcTWIM.jpg,1,amini-cocoa-contamination-dataset,CC BY 4.0,train
ID_POaPiR.jpeg,healthy,dataset/images/train/ID_POaPiR.jpeg,2,amini-cocoa-contamination-dataset,CC BY 4.0,train
ID_GSfilU.jpeg,healthy,dataset/images/train/ID_GSfilU.jpeg,3,amini-cocoa-contamination-dataset,CC BY 4.0,train
ID_fF4B4y.jpeg,anthracnose,dataset/images/train/ID_fF4B4y.jpeg,1,amini-cocoa-contamination-dataset,CC BY 4.0,train
ID_QXZDp7.jpg,cssvd,dataset/images/train/ID_QXZDp7.jpg,2,amini-cocoa-contamination-dataset,CC BY 4.0,train
ID_NO1kQV.jpg,cssvd,dataset/images/train/ID_NO1kQV.jpg,1,amini-cocoa-contamination-dataset,CC BY 4.0,train
ID_mZIMQr.jpg,healthy,dataset/images/train/ID_mZIMQr.jpg,2,amini-cocoa-contamination-dataset,CC BY 4.0,train
ID_EaLNks.jpeg,healthy,dataset/images/train/ID_EaLNks.jpeg,1,amini-cocoa-contamination-dataset,CC BY 4.0,train
ID_H3qPbL.jpg,cssvd,dataset/images/train/ID_H3qPbL.jpg,1,amini-cocoa-contamination-dataset,CC BY 4.0,train
ID_wPrbw8.jpg,anthracnose,dataset/images/train/ID_wPrbw8.jpg,1,amini-cocoa-contamination-dataset,CC BY 4.0,train
ID_yeZBUR.jpeg,healthy,dataset/images/train/ID_yeZBUR.jpeg,2,amini-cocoa-contamination-dataset,CC BY 4.0,train
ID_YHgATe.jpg,healthy,dataset/images/train/ID_YHgATe.jpg,3,amini-cocoa-contamination-dataset,CC BY 4.0,train
ID_d9YtIf.JPG,healthy,dataset/images/train/ID_d9YtIf.JPG,5,amini-cocoa-contamination-dataset,CC BY 4.0,train
ID_BW28Rb.jpg,healthy,dataset/images/train/ID_BW28Rb.jpg,2,amini-cocoa-contamination-dataset,CC BY 4.0,train
ID_S85h7R.jpg,cssvd,dataset/images/train/ID_S85h7R.jpg,3,amini-cocoa-contamination-dataset,CC BY 4.0,train
ID_oyq0nk.jpeg,anthracnose,dataset/images/train/ID_oyq0nk.jpeg,1,amini-cocoa-contamination-dataset,CC BY 4.0,train
ID_v1dAqE.jpg,cssvd,dataset/images/train/ID_v1dAqE.jpg,1,amini-cocoa-contamination-dataset,CC BY 4.0,train
ID_t4cKOD.jpg,anthracnose,dataset/images/train/ID_t4cKOD.jpg,2,amini-cocoa-contamination-dataset,CC BY 4.0,train
ID_I9gkRe.JPG,healthy,dataset/images/train/ID_I9gkRe.JPG,3,amini-cocoa-contamination-dataset,CC BY 4.0,train
ID_svC6nh.jpeg,anthracnose,dataset/images/train/ID_svC6nh.jpeg,1,amini-cocoa-contamination-dataset,CC BY 4.0,train
ID_aRqRTg.jpg,healthy,dataset/images/train/ID_aRqRTg.jpg,4,amini-cocoa-contamination-dataset,CC BY 4.0,train
ID_NlJLXQ.jpg,anthracnose,dataset/images/train/ID_NlJLXQ.jpg,1,amini-cocoa-contamination-dataset,CC BY 4.0,train
ID_EsbFI0.jpg,cssvd,dataset/images/train/ID_EsbFI0.jpg,2,amini-cocoa-contamination-dataset,CC BY 4.0,train
ID_zX6T3H.jpg,anthracnose,dataset/images/train/ID_zX6T3H.jpg,1,amini-cocoa-contamination-dataset,CC BY 4.0,train
ID_hN3YM4.jpg,cssvd,dataset/images/train/ID_hN3YM4.jpg,1,amini-cocoa-contamination-dataset,CC BY 4.0,train
ID_o8a5bk.jpg,anthracnose,dataset/images/train/ID_o8a5bk.jpg,1,amini-cocoa-contamination-dataset,CC BY 4.0,train
ID_x7zdiG.jpg,healthy,dataset/images/train/ID_x7zdiG.jpg,1,amini-cocoa-contamination-dataset,CC BY 4.0,train
ID_K6JkTA.jpg,cssvd,dataset/images/train/ID_K6JkTA.jpg,3,amini-cocoa-contamination-dataset,CC BY 4.0,train
ID_Sbq7je.jpg,cssvd,dataset/images/train/ID_Sbq7je.jpg,1,amini-cocoa-contamination-dataset,CC BY 4.0,train
ID_HwKMdq.jpg,healthy,dataset/images/train/ID_HwKMdq.jpg,4,amini-cocoa-contamination-dataset,CC BY 4.0,train
ID_TejZZZ.jpg,cssvd,dataset/images/train/ID_TejZZZ.jpg,1,amini-cocoa-contamination-dataset,CC BY 4.0,train
ID_zSbIyB.jpg,anthracnose,dataset/images/train/ID_zSbIyB.jpg,3,amini-cocoa-contamination-dataset,CC BY 4.0,train
ID_P38kmJ.jpg,cssvd,dataset/images/train/ID_P38kmJ.jpg,2,amini-cocoa-contamination-dataset,CC BY 4.0,train
ID_tOQ2Kc.jpg,healthy,dataset/images/train/ID_tOQ2Kc.jpg,3,amini-cocoa-contamination-dataset,CC BY 4.0,train
ID_Qk55yz.jpeg,healthy,dataset/images/train/ID_Qk55yz.jpeg,2,amini-cocoa-contamination-dataset,CC BY 4.0,train
ID_jVtOrx.jpeg,healthy,dataset/images/train/ID_jVtOrx.jpeg,3,amini-cocoa-contamination-dataset,CC BY 4.0,train
ID_vr75Ry.jpeg,healthy,dataset/images/train/ID_vr75Ry.jpeg,1,amini-cocoa-contamination-dataset,CC BY 4.0,train
ID_BOMskA.jpg,cssvd,dataset/images/train/ID_BOMskA.jpg,1,amini-cocoa-contamination-dataset,CC BY 4.0,train
ID_rGCN4D.JPG,anthracnose,dataset/images/train/ID_rGCN4D.JPG,1,amini-cocoa-contamination-dataset,CC BY 4.0,train
ID_JxM2hk.jpg,cssvd,dataset/images/train/ID_JxM2hk.jpg,3,amini-cocoa-contamination-dataset,CC BY 4.0,train
ID_YX7blh.jpg,cssvd,dataset/images/train/ID_YX7blh.jpg,6,amini-cocoa-contamination-dataset,CC BY 4.0,train
ID_jbDUGG.jpg,anthracnose,dataset/images/train/ID_jbDUGG.jpg,2,amini-cocoa-contamination-dataset,CC BY 4.0,train
ID_DUdF1n.jpeg,anthracnose,dataset/images/train/ID_DUdF1n.jpeg,1,amini-cocoa-contamination-dataset,CC BY 4.0,train
ID_q3qso8.jpg,anthracnose,dataset/images/train/ID_q3qso8.jpg,1,amini-cocoa-contamination-dataset,CC BY 4.0,train
ID_Ok9xdW.jpg,cssvd,dataset/images/train/ID_Ok9xdW.jpg,2,amini-cocoa-contamination-dataset,CC BY 4.0,train
ID_VFAbGY.jpg,healthy,dataset/images/train/ID_VFAbGY.jpg,2,amini-cocoa-contamination-dataset,CC BY 4.0,train
ID_eMR0EG.jpg,cssvd,dataset/images/train/ID_eMR0EG.jpg,2,amini-cocoa-contamination-dataset,CC BY 4.0,train
ID_NB8Rg9.jpg,healthy,dataset/images/train/ID_NB8Rg9.jpg,3,amini-cocoa-contamination-dataset,CC BY 4.0,train
ID_yhnsZF.jpg,healthy,dataset/images/train/ID_yhnsZF.jpg,2,amini-cocoa-contamination-dataset,CC BY 4.0,train
ID_MeTNl3.jpeg,healthy,dataset/images/train/ID_MeTNl3.jpeg,2,amini-cocoa-contamination-dataset,CC BY 4.0,train
ID_vGTtKo.JPG,anthracnose,dataset/images/train/ID_vGTtKo.JPG,1,amini-cocoa-contamination-dataset,CC BY 4.0,train
ID_jTIuus.jpg,anthracnose,dataset/images/train/ID_jTIuus.jpg,1,amini-cocoa-contamination-dataset,CC BY 4.0,train
ID_dYXjgD.jpeg,healthy,dataset/images/train/ID_dYXjgD.jpeg,2,amini-cocoa-contamination-dataset,CC BY 4.0,train
ID_WR3TUM.jpeg,cssvd,dataset/images/train/ID_WR3TUM.jpeg,4,amini-cocoa-contamination-dataset,CC BY 4.0,train
ID_F3BooT.jpeg,anthracnose,dataset/images/train/ID_F3BooT.jpeg,1,amini-cocoa-contamination-dataset,CC BY 4.0,train
ID_i9eBvg.jpg,anthracnose,dataset/images/train/ID_i9eBvg.jpg,1,amini-cocoa-contamination-dataset,CC BY 4.0,train
ID_tAYCMd.jpeg,cssvd,dataset/images/train/ID_tAYCMd.jpeg,2,amini-cocoa-contamination-dataset,CC BY 4.0,train
ID_YfcLw8.jpg,cssvd,dataset/images/train/ID_YfcLw8.jpg,2,amini-cocoa-contamination-dataset,CC BY 4.0,train
ID_QqG0MH.jpg,anthracnose,dataset/images/train/ID_QqG0MH.jpg,3,amini-cocoa-contamination-dataset,CC BY 4.0,train
ID_Hu5bbx.jpeg,anthracnose,dataset/images/train/ID_Hu5bbx.jpeg,1,amini-cocoa-contamination-dataset,CC BY 4.0,train
ID_rC4UMl.jpg,cssvd,dataset/images/train/ID_rC4UMl.jpg,1,amini-cocoa-contamination-dataset,CC BY 4.0,train
ID_tCMK8W.jpeg,healthy,dataset/images/train/ID_tCMK8W.jpeg,3,amini-cocoa-contamination-dataset,CC BY 4.0,train
ID_MjbFKC.jpg,cssvd,dataset/images/train/ID_MjbFKC.jpg,1,amini-cocoa-contamination-dataset,CC BY 4.0,train
ID_doUcwE.jpg,cssvd,dataset/images/train/ID_doUcwE.jpg,1,amini-cocoa-contamination-dataset,CC BY 4.0,train
ID_Sl2Cxf.jpeg,healthy,dataset/images/train/ID_Sl2Cxf.jpeg,3,amini-cocoa-contamination-dataset,CC BY 4.0,train
ID_DsXxZC.jpg,healthy,dataset/images/train/ID_DsXxZC.jpg,1,amini-cocoa-contamination-dataset,CC BY 4.0,train
ID_ua8WOv.jpeg,anthracnose,dataset/images/train/ID_ua8WOv.jpeg,1,amini-cocoa-contamination-dataset,CC BY 4.0,train
ID_sZUhUP.jpg,cssvd,dataset/images/train/ID_sZUhUP.jpg,1,amini-cocoa-contamination-dataset,CC BY 4.0,train
ID_VcXcky.jpg,cssvd,dataset/images/train/ID_VcXcky.jpg,1,amini-cocoa-contamination-dataset,CC BY 4.0,train
ID_NBxaz2.jpeg,healthy,dataset/images/train/ID_NBxaz2.jpeg,1,amini-cocoa-contamination-dataset,CC BY 4.0,train
ID_g81FZ3.jpg,cssvd,dataset/images/train/ID_g81FZ3.jpg,1,amini-cocoa-contamination-dataset,CC BY 4.0,train
ID_wUQeJr.jpeg,cssvd,dataset/images/train/ID_wUQeJr.jpeg,1,amini-cocoa-contamination-dataset,CC BY 4.0,train
ID_pyaYNE.jpg,cssvd,dataset/images/train/ID_pyaYNE.jpg,2,amini-cocoa-contamination-dataset,CC BY 4.0,train
ID_D5PGmJ.jpg,cssvd,dataset/images/train/ID_D5PGmJ.jpg,1,amini-cocoa-contamination-dataset,CC BY 4.0,train
ID_k6gaGI.jpeg,anthracnose,dataset/images/train/ID_k6gaGI.jpeg,1,amini-cocoa-contamination-dataset,CC BY 4.0,train
ID_idjLfG.jpg,cssvd,dataset/images/train/ID_idjLfG.jpg,1,amini-cocoa-contamination-dataset,CC BY 4.0,train
ID_JBSaDn.jpg,anthracnose,dataset/images/train/ID_JBSaDn.jpg,1,amini-cocoa-contamination-dataset,CC BY 4.0,train
ID_p3qa9C.jpg,healthy,dataset/images/train/ID_p3qa9C.jpg,2,amini-cocoa-contamination-dataset,CC BY 4.0,train
ID_kR3eX1.jpg,healthy,dataset/images/train/ID_kR3eX1.jpg,4,amini-cocoa-contamination-dataset,CC BY 4.0,train
ID_vVezVs.jpg,healthy,dataset/images/train/ID_vVezVs.jpg,5,amini-cocoa-contamination-dataset,CC BY 4.0,train
ID_ttsFX3.jpg,healthy,dataset/images/train/ID_ttsFX3.jpg,1,amini-cocoa-contamination-dataset,CC BY 4.0,train
ID_eRpSZr.jpg,cssvd,dataset/images/train/ID_eRpSZr.jpg,2,amini-cocoa-contamination-dataset,CC BY 4.0,train
ID_my2Ftk.jpeg,healthy,dataset/images/train/ID_my2Ftk.jpeg,1,amini-cocoa-contamination-dataset,CC BY 4.0,train
ID_cS4v9S.jpeg,anthracnose,dataset/images/train/ID_cS4v9S.jpeg,2,amini-cocoa-contamination-dataset,CC BY 4.0,train
ID_mZ8o3p.jpg,cssvd,dataset/images/train/ID_mZ8o3p.jpg,1,amini-cocoa-contamination-dataset,CC BY 4.0,train
ID_j6LDrO.jpeg,anthracnose,dataset/images/train/ID_j6LDrO.jpeg,1,amini-cocoa-contamination-dataset,CC BY 4.0,train
ID_jhe5Mu.jpeg,healthy,dataset/images/train/ID_jhe5Mu.jpeg,2,amini-cocoa-contamination-dataset,CC BY 4.0,train
ID_LXiJD1.jpg,cssvd,dataset/images/train/ID_LXiJD1.jpg,1,amini-cocoa-contamination-dataset,CC BY 4.0,train
ID_LiNZGV.jpg,cssvd,dataset/images/train/ID_LiNZGV.jpg,1,amini-cocoa-contamination-dataset,CC BY 4.0,train
ID_FC0roK.jpg,anthracnose,dataset/images/train/ID_FC0roK.jpg,2,amini-cocoa-contamination-dataset,CC BY 4.0,train
ID_Jpr6oA.jpg,cssvd,dataset/images/train/ID_Jpr6oA.jpg,2,amini-cocoa-contamination-dataset,CC BY 4.0,train
ID_i1Fdxy.jpg,cssvd,dataset/images/train/ID_i1Fdxy.jpg,1,amini-cocoa-contamination-dataset,CC BY 4.0,train
ID_nzcpAQ.jpg,healthy,dataset/images/train/ID_nzcpAQ.jpg,3,amini-cocoa-contamination-dataset,CC BY 4.0,train
ID_OFTTvl.jpeg,anthracnose,dataset/images/train/ID_OFTTvl.jpeg,1,amini-cocoa-contamination-dataset,CC BY 4.0,train
ID_QNvcqC.jpg,anthracnose,dataset/images/train/ID_QNvcqC.jpg,1,amini-cocoa-contamination-dataset,CC BY 4.0,train
ID_GpcLcU.jpg,cssvd,dataset/images/train/ID_GpcLcU.jpg,1,amini-cocoa-contamination-dataset,CC BY 4.0,train
ID_Ykmxr0.jpeg,anthracnose,dataset/images/train/ID_Ykmxr0.jpeg,1,amini-cocoa-contamination-dataset,CC BY 4.0,train
ID_jODZXV.jpeg,cssvd,dataset/images/train/ID_jODZXV.jpeg,2,amini-cocoa-contamination-dataset,CC BY 4.0,train
ID_F2w94g.jpeg,anthracnose,dataset/images/train/ID_F2w94g.jpeg,1,amini-cocoa-contamination-dataset,CC BY 4.0,train
ID_RYIE0R.jpg,cssvd,dataset/images/train/ID_RYIE0R.jpg,1,amini-cocoa-contamination-dataset,CC BY 4.0,train
ID_rYjPKm.jpeg,cssvd,dataset/images/train/ID_rYjPKm.jpeg,1,amini-cocoa-contamination-dataset,CC BY 4.0,train
ID_xiQvIK.jpeg,cssvd,dataset/images/train/ID_xiQvIK.jpeg,2,amini-cocoa-contamination-dataset,CC BY 4.0,train
ID_XSnr2b.jpg,anthracnose,dataset/images/train/ID_XSnr2b.jpg,1,amini-cocoa-contamination-dataset,CC BY 4.0,train
ID_Z3NG0M.jpg,anthracnose,dataset/images/train/ID_Z3NG0M.jpg,1,amini-cocoa-contamination-dataset,CC BY 4.0,train
ID_k19ir0.jpg,cssvd,dataset/images/train/ID_k19ir0.jpg,2,amini-cocoa-contamination-dataset,CC BY 4.0,train
ID_JzCgWT.jpg,cssvd,dataset/images/train/ID_JzCgWT.jpg,1,amini-cocoa-contamination-dataset,CC BY 4.0,train
ID_qgcRFa.jpg,cssvd,dataset/images/train/ID_qgcRFa.jpg,1,amini-cocoa-contamination-dataset,CC BY 4.0,train
ID_hKhcqP.jpeg,healthy,dataset/images/train/ID_hKhcqP.jpeg,1,amini-cocoa-contamination-dataset,CC BY 4.0,train
ID_KouKg9.jpg,anthracnose,dataset/images/train/ID_KouKg9.jpg,1,amini-cocoa-contamination-dataset,CC BY 4.0,train
ID_Dr3STq.jpg,anthracnose,dataset/images/train/ID_Dr3STq.jpg,2,amini-cocoa-contamination-dataset,CC BY 4.0,train
ID_cH9y9S.JPG,healthy,dataset/images/train/ID_cH9y9S.JPG,6,amini-cocoa-contamination-dataset,CC BY 4.0,train
ID_CQ9PjE.jpg,cssvd,dataset/images/train/ID_CQ9PjE.jpg,1,amini-cocoa-contamination-dataset,CC BY 4.0,train
ID_DWKF5G.jpg,cssvd,dataset/images/train/ID_DWKF5G.jpg,5,amini-cocoa-contamination-dataset,CC BY 4.0,train
ID_eJwLMN.jpg,cssvd,dataset/images/train/ID_eJwLMN.jpg,1,amini-cocoa-contamination-dataset,CC BY 4.0,train
ID_koPhJA.jpg,cssvd,dataset/images/train/ID_koPhJA.jpg,2,amini-cocoa-contamination-dataset,CC BY 4.0,train
ID_avFqsg.jpeg,anthracnose,dataset/images/train/ID_avFqsg.jpeg,1,amini-cocoa-contamination-dataset,CC BY 4.0,train
ID_hmnnKR.jpg,healthy,dataset/images/train/ID_hmnnKR.jpg,5,amini-cocoa-contamination-dataset,CC BY 4.0,train
ID_mMbuNg.JPG,healthy,dataset/images/train/ID_mMbuNg.JPG,1,amini-cocoa-contamination-dataset,CC BY 4.0,train
ID_jx3LCh.jpeg,anthracnose,dataset/images/train/ID_jx3LCh.jpeg,1,amini-cocoa-contamination-dataset,CC BY 4.0,train
ID_FCBt3r.jpg,healthy,dataset/images/train/ID_FCBt3r.jpg,1,amini-cocoa-contamination-dataset,CC BY 4.0,train
ID_XYFbIr.jpg,cssvd,dataset/images/train/ID_XYFbIr.jpg,2,amini-cocoa-contamination-dataset,CC BY 4.0,train
ID_AYKor4.jpg,anthracnose,dataset/images/train/ID_AYKor4.jpg,1,amini-cocoa-contamination-dataset,CC BY 4.0,train
ID_Qxw3Qv.jpg,healthy,dataset/images/train/ID_Qxw3Qv.jpg,4,amini-cocoa-contamination-dataset,CC BY 4.0,train
ID_Q7t8Tu.jpg,cssvd,dataset/images/train/ID_Q7t8Tu.jpg,2,amini-cocoa-contamination-dataset,CC BY 4.0,train
ID_xweRuT.jpeg,anthracnose,dataset/images/train/ID_xweRuT.jpeg,1,amini-cocoa-contamination-dataset,CC BY 4.0,train
ID_Ki2ONr.jpeg,anthracnose,dataset/images/train/ID_Ki2ONr.jpeg,1,amini-cocoa-contamination-dataset,CC BY 4.0,train
ID_X0udgZ.jpeg,healthy,dataset/images/train/ID_X0udgZ.jpeg,1,amini-cocoa-contamination-dataset,CC BY 4.0,train
ID_KJnfeD.JPG,cssvd,dataset/images/train/ID_KJnfeD.JPG,1,amini-cocoa-contamination-dataset,CC BY 4.0,train
ID_Iy21Sq.jpeg,healthy,dataset/images/train/ID_Iy21Sq.jpeg,1,amini-cocoa-contamination-dataset,CC BY 4.0,train
ID_MIeJvr.jpg,healthy,dataset/images/train/ID_MIeJvr.jpg,7,amini-cocoa-contamination-dataset,CC BY 4.0,train
ID_zq8sL9.jpg,cssvd,dataset/images/train/ID_zq8sL9.jpg,1,amini-cocoa-contamination-dataset,CC BY 4.0,train
ID_pRjNQm.jpg,cssvd,dataset/images/train/ID_pRjNQm.jpg,1,amini-cocoa-contamination-dataset,CC BY 4.0,train
ID_sPe8mD.jpg,cssvd,dataset/images/train/ID_sPe8mD.jpg,1,amini-cocoa-contamination-dataset,CC BY 4.0,train
ID_PbKxnr.jpg,anthracnose,dataset/images/train/ID_PbKxnr.jpg,2,amini-cocoa-contamination-dataset,CC BY 4.0,train
ID_fLhKY2.jpeg,anthracnose,dataset/images/train/ID_fLhKY2.jpeg,1,amini-cocoa-contamination-dataset,CC BY 4.0,train
ID_HE0i5e.jpeg,healthy,dataset/images/train/ID_HE0i5e.jpeg,3,amini-cocoa-contamination-dataset,CC BY 4.0,train
ID_GZeZQ7.jpeg,healthy,dataset/images/train/ID_GZeZQ7.jpeg,1,amini-cocoa-contamination-dataset,CC BY 4.0,train
ID_YxpGmG.jpeg,cssvd,dataset/images/train/ID_YxpGmG.jpeg,1,amini-cocoa-contamination-dataset,CC BY 4.0,train
ID_kF8xSZ.JPG,healthy,dataset/images/train/ID_kF8xSZ.JPG,1,amini-cocoa-contamination-dataset,CC BY 4.0,train
ID_RUW7ek.jpg,healthy,dataset/images/train/ID_RUW7ek.jpg,3,amini-cocoa-contamination-dataset,CC BY 4.0,train
ID_bEiAbL.jpeg,healthy,dataset/images/train/ID_bEiAbL.jpeg,4,amini-cocoa-contamination-dataset,CC BY 4.0,train
ID_CzHhZw.jpg,healthy,dataset/images/train/ID_CzHhZw.jpg,3,amini-cocoa-contamination-dataset,CC BY 4.0,train
ID_Nbbvrj.jpeg,cssvd,dataset/images/train/ID_Nbbvrj.jpeg,1,amini-cocoa-contamination-dataset,CC BY 4.0,train
ID_tuU6Vs.jpeg,cssvd,dataset/images/train/ID_tuU6Vs.jpeg,1,amini-cocoa-contamination-dataset,CC BY 4.0,train
ID_hpoz5i.jpg,cssvd,dataset/images/train/ID_hpoz5i.jpg,2,amini-cocoa-contamination-dataset,CC BY 4.0,train
ID_wfmF1i.jpeg,cssvd,dataset/images/train/ID_wfmF1i.jpeg,2,amini-cocoa-contamination-dataset,CC BY 4.0,train
ID_amT397.jpeg,anthracnose,dataset/images/train/ID_amT397.jpeg,1,amini-cocoa-contamination-dataset,CC BY 4.0,train
ID_j2prPq.jpg,healthy,dataset/images/train/ID_j2prPq.jpg,2,amini-cocoa-contamination-dataset,CC BY 4.0,train
ID_WzZSer.jpg,cssvd,dataset/images/train/ID_WzZSer.jpg,3,amini-cocoa-contamination-dataset,CC BY 4.0,train
ID_GTX0PV.jpeg,healthy,dataset/images/train/ID_GTX0PV.jpeg,3,amini-cocoa-contamination-dataset,CC BY 4.0,train
ID_v3zQ92.jpg,cssvd,dataset/images/train/ID_v3zQ92.jpg,2,amini-cocoa-contamination-dataset,CC BY 4.0,train
ID_FVssBB.jpg,anthracnose,dataset/images/train/ID_FVssBB.jpg,1,amini-cocoa-contamination-dataset,CC BY 4.0,train
ID_lcT9Hu.jpeg,healthy,dataset/images/train/ID_lcT9Hu.jpeg,3,amini-cocoa-contamination-dataset,CC BY 4.0,train
ID_jufO1B.jpg,cssvd,dataset/images/train/ID_jufO1B.jpg,1,amini-cocoa-contamination-dataset,CC BY 4.0,train
ID_iyXewC.jpeg,healthy,dataset/images/train/ID_iyXewC.jpeg,2,amini-cocoa-contamination-dataset,CC BY 4.0,train
ID_HUQrQ0.jpg,anthracnose,dataset/images/train/ID_HUQrQ0.jpg,3,amini-cocoa-contamination-dataset,CC BY 4.0,train
ID_htMFtS.jpg,cssvd,dataset/images/train/ID_htMFtS.jpg,1,amini-cocoa-contamination-dataset,CC BY 4.0,train
ID_emlp8o.jpeg,healthy,dataset/images/train/ID_emlp8o.jpeg,2,amini-cocoa-contamination-dataset,CC BY 4.0,train
ID_MfDR45.jpg,healthy,dataset/images/train/ID_MfDR45.jpg,2,amini-cocoa-contamination-dataset,CC BY 4.0,train
ID_jHVfc1.jpg,cssvd,dataset/images/train/ID_jHVfc1.jpg,1,amini-cocoa-contamination-dataset,CC BY 4.0,train
ID_zfJyAN.jpg,anthracnose,dataset/images/train/ID_zfJyAN.jpg,1,amini-cocoa-contamination-dataset,CC BY 4.0,train
ID_ntnNvs.jpg,anthracnose,dataset/images/train/ID_ntnNvs.jpg,1,amini-cocoa-contamination-dataset,CC BY 4.0,train
ID_bouibf.jpeg,cssvd,dataset/images/train/ID_bouibf.jpeg,2,amini-cocoa-contamination-dataset,CC BY 4.0,train
ID_IuB9YL.jpg,anthracnose,dataset/images/train/ID_IuB9YL.jpg,2,amini-cocoa-contamination-dataset,CC BY 4.0,train
ID_ilCNua.jpg,cssvd,dataset/images/train/ID_ilCNua.jpg,1,amini-cocoa-contamination-dataset,CC BY 4.0,train
ID_Nn0pSS.jpg,anthracnose,dataset/images/train/ID_Nn0pSS.jpg,1,amini-cocoa-contamination-dataset,CC BY 4.0,train
ID_U73jLY.jpg,cssvd,dataset/images/train/ID_U73jLY.jpg,3,amini-cocoa-contamination-dataset,CC BY 4.0,train
ID_ksgTZq.jpg,healthy,dataset/images/train/ID_ksgTZq.jpg,1,amini-cocoa-contamination-dataset,CC BY 4.0,train
ID_LDiDth.jpg,cssvd,dataset/images/train/ID_LDiDth.jpg,2,amini-cocoa-contamination-dataset,CC BY 4.0,train
ID_FHK3pa.jpeg,anthracnose,dataset/images/train/ID_FHK3pa.jpeg,1,amini-cocoa-contamination-dataset,CC BY 4.0,train
ID_PVckAY.jpeg,anthracnose,dataset/images/train/ID_PVckAY.jpeg,1,amini-cocoa-contamination-dataset,CC BY 4.0,train
ID_Lxz5cN.jpg,anthracnose,dataset/images/train/ID_Lxz5cN.jpg,1,amini-cocoa-contamination-dataset,CC BY 4.0,train
ID_D8r1TO.jpg,anthracnose,dataset/images/train/ID_D8r1TO.jpg,1,amini-cocoa-contamination-dataset,CC BY 4.0,train
ID_fhhK0m.jpg,anthracnose,dataset/images/train/ID_fhhK0m.jpg,2,amini-cocoa-contamination-dataset,CC BY 4.0,train
ID_PYm4ri.jpeg,cssvd,dataset/images/train/ID_PYm4ri.jpeg,1,amini-cocoa-contamination-dataset,CC BY 4.0,train
ID_QU3MwG.jpg,cssvd,dataset/images/train/ID_QU3MwG.jpg,1,amini-cocoa-contamination-dataset,CC BY 4.0,train
ID_xbvW8X.jpg,cssvd,dataset/images/train/ID_xbvW8X.jpg,2,amini-cocoa-contamination-dataset,CC BY 4.0,train
ID_OyvWQH.jpg,cssvd,dataset/images/train/ID_OyvWQH.jpg,1,amini-cocoa-contamination-dataset,CC BY 4.0,train
ID_q7TIgL.JPG,healthy,dataset/images/train/ID_q7TIgL.JPG,2,amini-cocoa-contamination-dataset,CC BY 4.0,train
ID_tm362I.jpeg,healthy,dataset/images/train/ID_tm362I.jpeg,1,amini-cocoa-contamination-dataset,CC BY 4.0,train
ID_lTlguq.jpg,healthy,dataset/images/train/ID_lTlguq.jpg,4,amini-cocoa-contamination-dataset,CC BY 4.0,train
ID_SaM1zT.jpeg,cssvd,dataset/images/train/ID_SaM1zT.jpeg,1,amini-cocoa-contamination-dataset,CC BY 4.0,train
ID_h2qaTD.jpg,cssvd,dataset/images/train/ID_h2qaTD.jpg,1,amini-cocoa-contamination-dataset,CC BY 4.0,train
ID_zcvyf0.jpg,healthy,dataset/images/train/ID_zcvyf0.jpg,3,amini-cocoa-contamination-dataset,CC BY 4.0,train
ID_cqwXnU.jpeg,healthy,dataset/images/train/ID_cqwXnU.jpeg,2,amini-cocoa-contamination-dataset,CC BY 4.0,train
ID_Xxbb9r.jpg,healthy,dataset/images/train/ID_Xxbb9r.jpg,1,amini-cocoa-contamination-dataset,CC BY 4.0,train
ID_gQCxoY.jpeg,anthracnose,dataset/images/train/ID_gQCxoY.jpeg,1,amini-cocoa-contamination-dataset,CC BY 4.0,train
ID_wO98rz.jpg,cssvd,dataset/images/train/ID_wO98rz.jpg,1,amini-cocoa-contamination-dataset,CC BY 4.0,train
ID_e3tqkl.jpg,healthy,dataset/images/train/ID_e3tqkl.jpg,1,amini-cocoa-contamination-dataset,CC BY 4.0,train
ID_KEnIrK.jpg,anthracnose,dataset/images/train/ID_KEnIrK.jpg,4,amini-cocoa-contamination-dataset,CC BY 4.0,train
ID_OGbVMU.jpg,healthy,dataset/images/train/ID_OGbVMU.jpg,2,amini-cocoa-contamination-dataset,CC BY 4.0,train
ID_Fl3yed.jpg,cssvd,dataset/images/train/ID_Fl3yed.jpg,1,amini-cocoa-contamination-dataset,CC BY 4.0,train
ID_C5B1pl.jpg,cssvd,dataset/images/train/ID_C5B1pl.jpg,2,amini-cocoa-contamination-dataset,CC BY 4.0,train
ID_JY7UvS.jpg,cssvd,dataset/images/train/ID_JY7UvS.jpg,1,amini-cocoa-contamination-dataset,CC BY 4.0,train
ID_G5nCMn.JPG,healthy,dataset/images/train/ID_G5nCMn.JPG,6,amini-cocoa-contamination-dataset,CC BY 4.0,train
ID_cojq9U.jpeg,anthracnose,dataset/images/train/ID_cojq9U.jpeg,1,amini-cocoa-contamination-dataset,CC BY 4.0,train
ID_Hg0XpD.jpg,cssvd,dataset/images/train/ID_Hg0XpD.jpg,1,amini-cocoa-contamination-dataset,CC BY 4.0,train
ID_B2Bkib.jpg,anthracnose,dataset/images/train/ID_B2Bkib.jpg,2,amini-cocoa-contamination-dataset,CC BY 4.0,train
ID_eZoBLK.jpg,anthracnose,dataset/images/train/ID_eZoBLK.jpg,1,amini-cocoa-contamination-dataset,CC BY 4.0,train
ID_ECGpAH.jpg,cssvd,dataset/images/train/ID_ECGpAH.jpg,1,amini-cocoa-contamination-dataset,CC BY 4.0,train
ID_ptFMJM.jpeg,anthracnose,dataset/images/train/ID_ptFMJM.jpeg,3,amini-cocoa-contamination-dataset,CC BY 4.0,train
ID_djpnBJ.jpg,cssvd,dataset/images/train/ID_djpnBJ.jpg,1,amini-cocoa-contamination-dataset,CC BY 4.0,train
ID_pSHicD.jpeg,cssvd,dataset/images/train/ID_pSHicD.jpeg,2,amini-cocoa-contamination-dataset,CC BY 4.0,train
ID_Nj8GQr.jpeg,healthy,dataset/images/train/ID_Nj8GQr.jpeg,1,amini-cocoa-contamination-dataset,CC BY 4.0,train
ID_UP7kDl.jpg,cssvd,dataset/images/train/ID_UP7kDl.jpg,1,amini-cocoa-contamination-dataset,CC BY 4.0,train
ID_j4ceZS.jpeg,cssvd,dataset/images/train/ID_j4ceZS.jpeg,1,amini-cocoa-contamination-dataset,CC BY 4.0,train
ID_tSdU7L.jpg,anthracnose,dataset/images/train/ID_tSdU7L.jpg,1,amini-cocoa-contamination-dataset,CC BY 4.0,train
ID_b7Kn1k.jpg,cssvd,dataset/images/train/ID_b7Kn1k.jpg,1,amini-cocoa-contamination-dataset,CC BY 4.0,train
ID_fEMceu.jpeg,healthy,dataset/images/train/ID_fEMceu.jpeg,1,amini-cocoa-contamination-dataset,CC BY 4.0,train
ID_XoE6Uv.jpg,cssvd,dataset/images/train/ID_XoE6Uv.jpg,2,amini-cocoa-contamination-dataset,CC BY 4.0,train
ID_B3knOq.jpeg,cssvd,dataset/images/train/ID_B3knOq.jpeg,1,amini-cocoa-contamination-dataset,CC BY 4.0,train
ID_ijfLE6.jpg,healthy,dataset/images/train/ID_ijfLE6.jpg,2,amini-cocoa-contamination-dataset,CC BY 4.0,train
ID_BC1LIj.jpeg,healthy,dataset/images/train/ID_BC1LIj.jpeg,6,amini-cocoa-contamination-dataset,CC BY 4.0,train
ID_yqSe2O.jpg,cssvd,dataset/images/train/ID_yqSe2O.jpg,1,amini-cocoa-contamination-dataset,CC BY 4.0,train
ID_Yo2e8I.jpg,anthracnose,dataset/images/train/ID_Yo2e8I.jpg,3,amini-cocoa-contamination-dataset,CC BY 4.0,train
ID_qdNxgO.jpg,healthy,dataset/images/train/ID_qdNxgO.jpg,3,amini-cocoa-contamination-dataset,CC BY 4.0,train
ID_QpEPhk.jpg,anthracnose,dataset/images/train/ID_QpEPhk.jpg,2,amini-cocoa-contamination-dataset,CC BY 4.0,train
ID_h5QxVE.jpeg,healthy,dataset/images/train/ID_h5QxVE.jpeg,2,amini-cocoa-contamination-dataset,CC BY 4.0,train
ID_fqhlvR.jpeg,healthy,dataset/images/train/ID_fqhlvR.jpeg,2,amini-cocoa-contamination-dataset,CC BY 4.0,train
ID_D2HQ1z.JPG,anthracnose,dataset/images/train/ID_D2HQ1z.JPG,1,amini-cocoa-contamination-dataset,CC BY 4.0,train
ID_umfB8i.jpg,healthy,dataset/images/train/ID_umfB8i.jpg,1,amini-cocoa-contamination-dataset,CC BY 4.0,train
ID_xKo1cg.jpg,healthy,dataset/images/train/ID_xKo1cg.jpg,6,amini-cocoa-contamination-dataset,CC BY 4.0,train
ID_W7KShM.jpg,cssvd,dataset/images/train/ID_W7KShM.jpg,1,amini-cocoa-contamination-dataset,CC BY 4.0,train
ID_zRNo8C.jpg,cssvd,dataset/images/train/ID_zRNo8C.jpg,1,amini-cocoa-contamination-dataset,CC BY 4.0,train
ID_ZFUKX5.jpeg,anthracnose,dataset/images/train/ID_ZFUKX5.jpeg,2,amini-cocoa-contamination-dataset,CC BY 4.0,train
ID_cVTBOM.jpg,cssvd,dataset/images/train/ID_cVTBOM.jpg,3,amini-cocoa-contamination-dataset,CC BY 4.0,train
ID_RcRzRm.jpg,healthy,dataset/images/train/ID_RcRzRm.jpg,2,amini-cocoa-contamination-dataset,CC BY 4.0,train
ID_G4K1ID.jpg,cssvd,dataset/images/train/ID_G4K1ID.jpg,1,amini-cocoa-contamination-dataset,CC BY 4.0,train
ID_POzldx.jpg,cssvd,dataset/images/train/ID_POzldx.jpg,1,amini-cocoa-contamination-dataset,CC BY 4.0,train
ID_uS3ETn.jpg,anthracnose,dataset/images/train/ID_uS3ETn.jpg,1,amini-cocoa-contamination-dataset,CC BY 4.0,train
ID_F6taZp.jpg,cssvd,dataset/images/train/ID_F6taZp.jpg,1,amini-cocoa-contamination-dataset,CC BY 4.0,train
ID_jW6CUl.jpeg,cssvd,dataset/images/train/ID_jW6CUl.jpeg,3,amini-cocoa-contamination-dataset,CC BY 4.0,train
ID_sZNOcT.jpg,anthracnose,dataset/images/train/ID_sZNOcT.jpg,1,amini-cocoa-contamination-dataset,CC BY 4.0,train
ID_IpFvhw.JPG,healthy,dataset/images/train/ID_IpFvhw.JPG,1,amini-cocoa-contamination-dataset,CC BY 4.0,train
ID_jrlGxx.jpg,anthracnose,dataset/images/train/ID_jrlGxx.jpg,2,amini-cocoa-contamination-dataset,CC BY 4.0,train
ID_QAR3J7.jpg,healthy,dataset/images/train/ID_QAR3J7.jpg,1,amini-cocoa-contamination-dataset,CC BY 4.0,train
ID_XzKvis.jpg,cssvd,dataset/images/train/ID_XzKvis.jpg,1,amini-cocoa-contamination-dataset,CC BY 4.0,train
ID_ws3JyM.jpg,cssvd,dataset/images/train/ID_ws3JyM.jpg,1,amini-cocoa-contamination-dataset,CC BY 4.0,train
ID_EmMnKL.jpg,anthracnose,dataset/images/train/ID_EmMnKL.jpg,1,amini-cocoa-contamination-dataset,CC BY 4.0,train
ID_csvcol.jpeg,healthy,dataset/images/train/ID_csvcol.jpeg,2,amini-cocoa-contamination-dataset,CC BY 4.0,train
ID_fCrnqj.jpg,anthracnose,dataset/images/train/ID_fCrnqj.jpg,3,amini-cocoa-contamination-dataset,CC BY 4.0,train
ID_mTEuBE.jpg,anthracnose,dataset/images/train/ID_mTEuBE.jpg,3,amini-cocoa-contamination-dataset,CC BY 4.0,train
ID_RDLmT7.jpeg,healthy,dataset/images/train/ID_RDLmT7.jpeg,1,amini-cocoa-contamination-dataset,CC BY 4.0,train
ID_ZX6OPy.jpg,healthy,dataset/images/train/ID_ZX6OPy.jpg,2,amini-cocoa-contamination-dataset,CC BY 4.0,train
ID_sURify.jpg,anthracnose,dataset/images/train/ID_sURify.jpg,2,amini-cocoa-contamination-dataset,CC BY 4.0,train
ID_ovpKwU.jpg,cssvd,dataset/images/train/ID_ovpKwU.jpg,4,amini-cocoa-contamination-dataset,CC BY 4.0,train
ID_OXTBPo.jpg,cssvd,dataset/images/train/ID_OXTBPo.jpg,2,amini-cocoa-contamination-dataset,CC BY 4.0,train
ID_atgFCg.jpg,cssvd,dataset/images/train/ID_atgFCg.jpg,1,amini-cocoa-contamination-dataset,CC BY 4.0,train
ID_lcgWOk.jpg,anthracnose,dataset/images/train/ID_lcgWOk.jpg,1,amini-cocoa-contamination-dataset,CC BY 4.0,train
ID_kqR57b.jpg,anthracnose,dataset/images/train/ID_kqR57b.jpg,2,amini-cocoa-contamination-dataset,CC BY 4.0,train
ID_OLEms6.jpg,healthy,dataset/images/train/ID_OLEms6.jpg,2,amini-cocoa-contamination-dataset,CC BY 4.0,train
ID_uKP2ZF.jpeg,healthy,dataset/images/train/ID_uKP2ZF.jpeg,2,amini-cocoa-contamination-dataset,CC BY 4.0,train
ID_VanF2e.jpg,healthy,dataset/images/train/ID_VanF2e.jpg,3,amini-cocoa-contamination-dataset,CC BY 4.0,train
ID_DxbMVv.jpg,anthracnose,dataset/images/train/ID_DxbMVv.jpg,1,amini-cocoa-contamination-dataset,CC BY 4.0,train
ID_dWJxmx.jpg,healthy,dataset/images/train/ID_dWJxmx.jpg,1,amini-cocoa-contamination-dataset,CC BY 4.0,train
ID_bL77In.jpg,anthracnose,dataset/images/train/ID_bL77In.jpg,1,amini-cocoa-contamination-dataset,CC BY 4.0,train
ID_vc8s7j.jpg,anthracnose,dataset/images/train/ID_vc8s7j.jpg,1,amini-cocoa-contamination-dataset,CC BY 4.0,train
ID_fuwnO7.jpg,anthracnose,dataset/images/train/ID_fuwnO7.jpg,2,amini-cocoa-contamination-dataset,CC BY 4.0,train
ID_dNX0Kr.jpeg,healthy,dataset/images/train/ID_dNX0Kr.jpeg,1,amini-cocoa-contamination-dataset,CC BY 4.0,train
ID_dZSNyi.jpg,healthy,dataset/images/train/ID_dZSNyi.jpg,2,amini-cocoa-contamination-dataset,CC BY 4.0,train
ID_EU2D9u.jpg,anthracnose,dataset/images/train/ID_EU2D9u.jpg,1,amini-cocoa-contamination-dataset,CC BY 4.0,train
ID_Oc1EfA.jpg,cssvd,dataset/images/train/ID_Oc1EfA.jpg,1,amini-cocoa-contamination-dataset,CC BY 4.0,train
ID_fiUi6T.jpg,cssvd,dataset/images/train/ID_fiUi6T.jpg,2,amini-cocoa-contamination-dataset,CC BY 4.0,train
ID_d6coV1.jpg,cssvd,dataset/images/train/ID_d6coV1.jpg,1,amini-cocoa-contamination-dataset,CC BY 4.0,train
ID_KAjTz9.JPG,anthracnose,dataset/images/train/ID_KAjTz9.JPG,1,amini-cocoa-contamination-dataset,CC BY 4.0,train
ID_n64IPj.jpg,cssvd,dataset/images/train/ID_n64IPj.jpg,1,amini-cocoa-contamination-dataset,CC BY 4.0,train
ID_SOR5tS.jpg,healthy,dataset/images/train/ID_SOR5tS.jpg,1,amini-cocoa-contamination-dataset,CC BY 4.0,train
ID_rdWUkw.jpg,cssvd,dataset/images/train/ID_rdWUkw.jpg,2,amini-cocoa-contamination-dataset,CC BY 4.0,train
ID_iJRqGv.jpg,healthy,dataset/images/train/ID_iJRqGv.jpg,3,amini-cocoa-contamination-dataset,CC BY 4.0,train
ID_takjQn.jpg,cssvd,dataset/images/train/ID_takjQn.jpg,2,amini-cocoa-contamination-dataset,CC BY 4.0,train
ID_GUff4r.jpg,cssvd,dataset/images/train/ID_GUff4r.jpg,1,amini-cocoa-contamination-dataset,CC BY 4.0,train
ID_FODoHx.jpg,anthracnose,dataset/images/train/ID_FODoHx.jpg,4,amini-cocoa-contamination-dataset,CC BY 4.0,train
ID_MmvaQa.jpeg,anthracnose,dataset/images/train/ID_MmvaQa.jpeg,1,amini-cocoa-contamination-dataset,CC BY 4.0,train
ID_tlhJYi.jpg,cssvd,dataset/images/train/ID_tlhJYi.jpg,1,amini-cocoa-contamination-dataset,CC BY 4.0,train
ID_sQAVtB.jpg,cssvd,dataset/images/train/ID_sQAVtB.jpg,1,amini-cocoa-contamination-dataset,CC BY 4.0,train
ID_iSYOAn.jpg,anthracnose,dataset/images/train/ID_iSYOAn.jpg,2,amini-cocoa-contamination-dataset,CC BY 4.0,train
ID_ALv01N.jpeg,cssvd,dataset/images/train/ID_ALv01N.jpeg,4,amini-cocoa-contamination-dataset,CC BY 4.0,train
ID_fiW0VN.jpg,healthy,dataset/images/train/ID_fiW0VN.jpg,6,amini-cocoa-contamination-dataset,CC BY 4.0,train
ID_Qrlnom.jpg,anthracnose,dataset/images/train/ID_Qrlnom.jpg,1,amini-cocoa-contamination-dataset,CC BY 4.0,train
ID_tIfq6d.jpeg,cssvd,dataset/images/train/ID_tIfq6d.jpeg,1,amini-cocoa-contamination-dataset,CC BY 4.0,train
ID_CbluH3.jpg,cssvd,dataset/images/train/ID_CbluH3.jpg,1,amini-cocoa-contamination-dataset,CC BY 4.0,train
ID_imk5Sb.jpg,cssvd,dataset/images/train/ID_imk5Sb.jpg,1,amini-cocoa-contamination-dataset,CC BY 4.0,train
ID_bSdmwl.jpeg,anthracnose,dataset/images/train/ID_bSdmwl.jpeg,1,amini-cocoa-contamination-dataset,CC BY 4.0,train
ID_TLVeAC.jpeg,anthracnose,dataset/images/train/ID_TLVeAC.jpeg,1,amini-cocoa-contamination-dataset,CC BY 4.0,train
ID_VovMeM.JPG,healthy,dataset/images/train/ID_VovMeM.JPG,1,amini-cocoa-contamination-dataset,CC BY 4.0,train
ID_bnpagd.jpeg,healthy,dataset/images/train/ID_bnpagd.jpeg,2,amini-cocoa-contamination-dataset,CC BY 4.0,train
ID_FbTPbg.jpg,cssvd,dataset/images/train/ID_FbTPbg.jpg,1,amini-cocoa-contamination-dataset,CC BY 4.0,train
ID_nhKCkg.jpg,healthy,dataset/images/train/ID_nhKCkg.jpg,3,amini-cocoa-contamination-dataset,CC BY 4.0,train
ID_OHYXfr.jpg,cssvd,dataset/images/train/ID_OHYXfr.jpg,1,amini-cocoa-contamination-dataset,CC BY 4.0,train
ID_Eug4Xl.jpeg,cssvd,dataset/images/train/ID_Eug4Xl.jpeg,1,amini-cocoa-contamination-dataset,CC BY 4.0,train
ID_qsGAeW.jpg,healthy,dataset/images/train/ID_qsGAeW.jpg,2,amini-cocoa-contamination-dataset,CC BY 4.0,train
ID_BKt9xj.jpg,anthracnose,dataset/images/train/ID_BKt9xj.jpg,1,amini-cocoa-contamination-dataset,CC BY 4.0,train
ID_oZrBHe.jpg,healthy,dataset/images/train/ID_oZrBHe.jpg,2,amini-cocoa-contamination-dataset,CC BY 4.0,train
ID_rmxfmB.jpeg,healthy,dataset/images/train/ID_rmxfmB.jpeg,1,amini-cocoa-contamination-dataset,CC BY 4.0,train
ID_Sn47Am.jpg,healthy,dataset/images/train/ID_Sn47Am.jpg,4,amini-cocoa-contamination-dataset,CC BY 4.0,train
ID_Khp4o0.jpg,anthracnose,dataset/images/train/ID_Khp4o0.jpg,7,amini-cocoa-contamination-dataset,CC BY 4.0,train
ID_Qg1FZW.jpg,cssvd,dataset/images/train/ID_Qg1FZW.jpg,1,amini-cocoa-contamination-dataset,CC BY 4.0,train
ID_Y3voIF.jpg,anthracnose,dataset/images/train/ID_Y3voIF.jpg,1,amini-cocoa-contamination-dataset,CC BY 4.0,train
ID_JltOLk.jpeg,anthracnose,dataset/images/train/ID_JltOLk.jpeg,2,amini-cocoa-contamination-dataset,CC BY 4.0,train
ID_Odv86C.jpg,cssvd,dataset/images/train/ID_Odv86C.jpg,1,amini-cocoa-contamination-dataset,CC BY 4.0,train
ID_dIKvIJ.jpeg,healthy,dataset/images/train/ID_dIKvIJ.jpeg,1,amini-cocoa-contamination-dataset,CC BY 4.0,train
ID_k6xl0H.jpeg,cssvd,dataset/images/train/ID_k6xl0H.jpeg,1,amini-cocoa-contamination-dataset,CC BY 4.0,train
ID_hZ9JCb.jpg,anthracnose,dataset/images/train/ID_hZ9JCb.jpg,2,amini-cocoa-contamination-dataset,CC BY 4.0,train
ID_w6dphV.jpg,cssvd,dataset/images/train/ID_w6dphV.jpg,1,amini-cocoa-contamination-dataset,CC BY 4.0,train
ID_BXIM9U.jpeg,cssvd,dataset/images/train/ID_BXIM9U.jpeg,1,amini-cocoa-contamination-dataset,CC BY 4.0,train
ID_eYDUdt.jpeg,anthracnose,dataset/images/train/ID_eYDUdt.jpeg,1,amini-cocoa-contamination-dataset,CC BY 4.0,train
ID_bL0nCZ.jpeg,healthy,dataset/images/train/ID_bL0nCZ.jpeg,2,amini-cocoa-contamination-dataset,CC BY 4.0,train
ID_pXbZJT.jpg,cssvd,dataset/images/train/ID_pXbZJT.jpg,1,amini-cocoa-contamination-dataset,CC BY 4.0,train
ID_iK8ci4.jpg,anthracnose,dataset/images/train/ID_iK8ci4.jpg,3,amini-cocoa-contamination-dataset,CC BY 4.0,train
ID_MNU7HJ.jpg,cssvd,dataset/images/train/ID_MNU7HJ.jpg,1,amini-cocoa-contamination-dataset,CC BY 4.0,train
ID_lymZW8.jpeg,healthy,dataset/images/train/ID_lymZW8.jpeg,1,amini-cocoa-contamination-dataset,CC BY 4.0,train
ID_mSG6df.jpg,cssvd,dataset/images/train/ID_mSG6df.jpg,1,amini-cocoa-contamination-dataset,CC BY 4.0,train
ID_md6gq7.jpg,cssvd,dataset/images/train/ID_md6gq7.jpg,1,amini-cocoa-contamination-dataset,CC BY 4.0,train
ID_ASOu9k.jpg,healthy,dataset/images/train/ID_ASOu9k.jpg,2,amini-cocoa-contamination-dataset,CC BY 4.0,train
ID_XwISGr.jpg,cssvd,dataset/images/train/ID_XwISGr.jpg,1,amini-cocoa-contamination-dataset,CC BY 4.0,train
ID_lMixvv.jpg,healthy,dataset/images/train/ID_lMixvv.jpg,3,amini-cocoa-contamination-dataset,CC BY 4.0,train
ID_tfoXSr.jpg,cssvd,dataset/images/train/ID_tfoXSr.jpg,1,amini-cocoa-contamination-dataset,CC BY 4.0,train
ID_eS0Pqp.jpg,healthy,dataset/images/train/ID_eS0Pqp.jpg,7,amini-cocoa-contamination-dataset,CC BY 4.0,train
ID_RWkq7b.jpg,cssvd,dataset/images/train/ID_RWkq7b.jpg,1,amini-cocoa-contamination-dataset,CC BY 4.0,train
ID_KLx9E8.JPG,anthracnose,dataset/images/train/ID_KLx9E8.JPG,1,amini-cocoa-contamination-dataset,CC BY 4.0,train
ID_HkFV9J.jpeg,anthracnose,dataset/images/train/ID_HkFV9J.jpeg,1,amini-cocoa-contamination-dataset,CC BY 4.0,train
ID_wMpABq.jpg,healthy,dataset/images/train/ID_wMpABq.jpg,4,amini-cocoa-contamination-dataset,CC BY 4.0,train
ID_iXsZ1n.jpeg,anthracnose,dataset/images/train/ID_iXsZ1n.jpeg,1,amini-cocoa-contamination-dataset,CC BY 4.0,train
ID_bouUUL.jpeg,healthy,dataset/images/train/ID_bouUUL.jpeg,1,amini-cocoa-contamination-dataset,CC BY 4.0,train
ID_ZveyvM.jpg,cssvd,dataset/images/train/ID_ZveyvM.jpg,3,amini-cocoa-contamination-dataset,CC BY 4.0,train
ID_GmNfRI.jpg,anthracnose,dataset/images/train/ID_GmNfRI.jpg,2,amini-cocoa-contamination-dataset,CC BY 4.0,train
ID_uC79DM.jpg,cssvd,dataset/images/train/ID_uC79DM.jpg,1,amini-cocoa-contamination-dataset,CC BY 4.0,train
ID_a7AK7Z.jpg,cssvd,dataset/images/train/ID_a7AK7Z.jpg,1,amini-cocoa-contamination-dataset,CC BY 4.0,train
ID_iBkuoI.jpg,cssvd,dataset/images/train/ID_iBkuoI.jpg,3,amini-cocoa-contamination-dataset,CC BY 4.0,train
ID_S7SBMx.jpeg,healthy,dataset/images/train/ID_S7SBMx.jpeg,1,amini-cocoa-contamination-dataset,CC BY 4.0,train
ID_V4fqhv.jpg,healthy,dataset/images/train/ID_V4fqhv.jpg,3,amini-cocoa-contamination-dataset,CC BY 4.0,train
ID_fLzBk9.jpg,anthracnose,dataset/images/train/ID_fLzBk9.jpg,1,amini-cocoa-contamination-dataset,CC BY 4.0,train
ID_nz5JCu.JPG,cssvd,dataset/images/train/ID_nz5JCu.JPG,2,amini-cocoa-contamination-dataset,CC BY 4.0,train
ID_dvs1xy.jpg,anthracnose,dataset/images/train/ID_dvs1xy.jpg,4,amini-cocoa-contamination-dataset,CC BY 4.0,train
ID_osgt38.jpeg,anthracnose,dataset/images/train/ID_osgt38.jpeg,1,amini-cocoa-contamination-dataset,CC BY 4.0,train
ID_JM25IY.jpg,healthy,dataset/images/train/ID_JM25IY.jpg,2,amini-cocoa-contamination-dataset,CC BY 4.0,train
ID_T8AWrE.jpg,cssvd,dataset/images/train/ID_T8AWrE.jpg,1,amini-cocoa-contamination-dataset,CC BY 4.0,train
ID_pZUcNf.jpeg,healthy,dataset/images/train/ID_pZUcNf.jpeg,1,amini-cocoa-contamination-dataset,CC BY 4.0,train
ID_SyiQoP.jpg,cssvd,dataset/images/train/ID_SyiQoP.jpg,2,amini-cocoa-contamination-dataset,CC BY 4.0,train
ID_rMWHEF.jpg,anthracnose,dataset/images/train/ID_rMWHEF.jpg,1,amini-cocoa-contamination-dataset,CC BY 4.0,train
ID_Bw9N5J.jpg,healthy,dataset/images/train/ID_Bw9N5J.jpg,2,amini-cocoa-contamination-dataset,CC BY 4.0,train
ID_Cxxlvg.jpeg,anthracnose,dataset/images/train/ID_Cxxlvg.jpeg,1,amini-cocoa-contamination-dataset,CC BY 4.0,train
ID_UDUr7c.jpg,anthracnose,dataset/images/train/ID_UDUr7c.jpg,1,amini-cocoa-contamination-dataset,CC BY 4.0,train
ID_VbLRYP.jpg,healthy,dataset/images/train/ID_VbLRYP.jpg,4,amini-cocoa-contamination-dataset,CC BY 4.0,train
ID_FaxlVo.jpg,anthracnose,dataset/images/train/ID_FaxlVo.jpg,1,amini-cocoa-contamination-dataset,CC BY 4.0,train
ID_VYbAqf.jpeg,cssvd,dataset/images/train/ID_VYbAqf.jpeg,2,amini-cocoa-contamination-dataset,CC BY 4.0,train
ID_PbaDKo.jpg,anthracnose,dataset/images/train/ID_PbaDKo.jpg,1,amini-cocoa-contamination-dataset,CC BY 4.0,train
ID_ktlkoo.jpg,cssvd,dataset/images/train/ID_ktlkoo.jpg,1,amini-cocoa-contamination-dataset,CC BY 4.0,train
ID_LMLoZd.jpg,healthy,dataset/images/train/ID_LMLoZd.jpg,3,amini-cocoa-contamination-dataset,CC BY 4.0,train
ID_wII5E1.jpg,anthracnose,dataset/images/train/ID_wII5E1.jpg,1,amini-cocoa-contamination-dataset,CC BY 4.0,train
ID_TnIF1Z.jpeg,healthy,dataset/images/train/ID_TnIF1Z.jpeg,2,amini-cocoa-contamination-dataset,CC BY 4.0,train
ID_iwAHCg.JPG,cssvd,dataset/images/train/ID_iwAHCg.JPG,1,amini-cocoa-contamination-dataset,CC BY 4.0,train
ID_G3JuBA.jpeg,healthy,dataset/images/train/ID_G3JuBA.jpeg,2,amini-cocoa-contamination-dataset,CC BY 4.0,train
ID_u8uvic.jpg,anthracnose,dataset/images/train/ID_u8uvic.jpg,1,amini-cocoa-contamination-dataset,CC BY 4.0,train
ID_KH75uA.JPG,anthracnose,dataset/images/train/ID_KH75uA.JPG,1,amini-cocoa-contamination-dataset,CC BY 4.0,train
ID_c7BsQh.JPG,healthy,dataset/images/train/ID_c7BsQh.JPG,4,amini-cocoa-contamination-dataset,CC BY 4.0,train
ID_xbrtEC.jpg,healthy,dataset/images/train/ID_xbrtEC.jpg,1,amini-cocoa-contamination-dataset,CC BY 4.0,train
ID_Zg3fEP.jpg,cssvd,dataset/images/train/ID_Zg3fEP.jpg,1,amini-cocoa-contamination-dataset,CC BY 4.0,train
ID_gJKozY.jpg,anthracnose,dataset/images/train/ID_gJKozY.jpg,1,amini-cocoa-contamination-dataset,CC BY 4.0,train
ID_toceY2.jpg,anthracnose,dataset/images/train/ID_toceY2.jpg,1,amini-cocoa-contamination-dataset,CC BY 4.0,train
ID_Qsy1t3.JPG,healthy,dataset/images/train/ID_Qsy1t3.JPG,1,amini-cocoa-contamination-dataset,CC BY 4.0,train
ID_W1w9CR.jpg,anthracnose,dataset/images/train/ID_W1w9CR.jpg,4,amini-cocoa-contamination-dataset,CC BY 4.0,train
ID_s3RIUv.jpeg,healthy,dataset/images/train/ID_s3RIUv.jpeg,1,amini-cocoa-contamination-dataset,CC BY 4.0,train
ID_kc5aam.jpeg,cssvd,dataset/images/train/ID_kc5aam.jpeg,1,amini-cocoa-contamination-dataset,CC BY 4.0,train
ID_XLPPZD.jpg,cssvd,dataset/images/train/ID_XLPPZD.jpg,2,amini-cocoa-contamination-dataset,CC BY 4.0,train
ID_U0C2nH.jpg,anthracnose,dataset/images/train/ID_U0C2nH.jpg,1,amini-cocoa-contamination-dataset,CC BY 4.0,train
ID_F6NZoY.jpg,cssvd,dataset/images/train/ID_F6NZoY.jpg,2,amini-cocoa-contamination-dataset,CC BY 4.0,train
ID_s0O0si.jpg,cssvd,dataset/images/train/ID_s0O0si.jpg,1,amini-cocoa-contamination-dataset,CC BY 4.0,train
ID_L9zecC.jpg,cssvd,dataset/images/train/ID_L9zecC.jpg,1,amini-cocoa-contamination-dataset,CC BY 4.0,train
ID_S8aTSa.jpg,healthy,dataset/images/train/ID_S8aTSa.jpg,3,amini-cocoa-contamination-dataset,CC BY 4.0,train
ID_AWV6yV.jpeg,cssvd,dataset/images/train/ID_AWV6yV.jpeg,2,amini-cocoa-contamination-dataset,CC BY 4.0,train
ID_EAVvqs.jpg,anthracnose,dataset/images/train/ID_EAVvqs.jpg,1,amini-cocoa-contamination-dataset,CC BY 4.0,train
ID_BJv0dc.jpg,anthracnose,dataset/images/train/ID_BJv0dc.jpg,3,amini-cocoa-contamination-dataset,CC BY 4.0,train
ID_HuMwmi.jpg,anthracnose,dataset/images/train/ID_HuMwmi.jpg,1,amini-cocoa-contamination-dataset,CC BY 4.0,train
ID_Dwt47V.jpg,anthracnose,dataset/images/train/ID_Dwt47V.jpg,1,amini-cocoa-contamination-dataset,CC BY 4.0,train
ID_qce1c4.jpg,cssvd,dataset/images/train/ID_qce1c4.jpg,2,amini-cocoa-contamination-dataset,CC BY 4.0,train
ID_NcunOk.jpeg,cssvd,dataset/images/train/ID_NcunOk.jpeg,2,amini-cocoa-contamination-dataset,CC BY 4.0,train
ID_pXI3dP.jpg,anthracnose,dataset/images/train/ID_pXI3dP.jpg,1,amini-cocoa-contamination-dataset,CC BY 4.0,train
ID_atPmKd.jpg,cssvd,dataset/images/train/ID_atPmKd.jpg,1,amini-cocoa-contamination-dataset,CC BY 4.0,train
ID_sd7hoE.jpg,cssvd,dataset/images/train/ID_sd7hoE.jpg,1,amini-cocoa-contamination-dataset,CC BY 4.0,train
ID_EOtkiq.jpeg,cssvd,dataset/images/train/ID_EOtkiq.jpeg,1,amini-cocoa-contamination-dataset,CC BY 4.0,train
ID_pyIdWL.JPG,anthracnose,dataset/images/train/ID_pyIdWL.JPG,1,amini-cocoa-contamination-dataset,CC BY 4.0,train
ID_QYpoOm.jpg,healthy,dataset/images/train/ID_QYpoOm.jpg,1,amini-cocoa-contamination-dataset,CC BY 4.0,train
ID_vDXqVn.jpg,cssvd,dataset/images/train/ID_vDXqVn.jpg,2,amini-cocoa-contamination-dataset,CC BY 4.0,train
ID_vwSjRo.jpg,anthracnose,dataset/images/train/ID_vwSjRo.jpg,1,amini-cocoa-contamination-dataset,CC BY 4.0,train
ID_XDfx9S.jpeg,healthy,dataset/images/train/ID_XDfx9S.jpeg,2,amini-cocoa-contamination-dataset,CC BY 4.0,train
ID_jFRrqz.jpg,healthy,dataset/images/train/ID_jFRrqz.jpg,3,amini-cocoa-contamination-dataset,CC BY 4.0,train
ID_aBgFlp.jpeg,cssvd,dataset/images/train/ID_aBgFlp.jpeg,1,amini-cocoa-contamination-dataset,CC BY 4.0,train
ID_XPnjqV.JPG,cssvd,dataset/images/train/ID_XPnjqV.JPG,3,amini-cocoa-contamination-dataset,CC BY 4.0,train
ID_OGhncI.jpg,cssvd,dataset/images/train/ID_OGhncI.jpg,4,amini-cocoa-contamination-dataset,CC BY 4.0,train
ID_LO4KWn.jpg,anthracnose,dataset/images/train/ID_LO4KWn.jpg,1,amini-cocoa-contamination-dataset,CC BY 4.0,train
ID_dspHb5.jpg,anthracnose,dataset/images/train/ID_dspHb5.jpg,2,amini-cocoa-contamination-dataset,CC BY 4.0,train
ID_pNsaYD.jpg,cssvd,dataset/images/train/ID_pNsaYD.jpg,2,amini-cocoa-contamination-dataset,CC BY 4.0,train
ID_Rf0C7s.jpg,anthracnose,dataset/images/train/ID_Rf0C7s.jpg,2,amini-cocoa-contamination-dataset,CC BY 4.0,train
ID_Ce21GK.jpeg,healthy,dataset/images/train/ID_Ce21GK.jpeg,1,amini-cocoa-contamination-dataset,CC BY 4.0,train
ID_JS6FvE.jpg,cssvd,dataset/images/train/ID_JS6FvE.jpg,1,amini-cocoa-contamination-dataset,CC BY 4.0,train
ID_teXsR2.jpeg,cssvd,dataset/images/train/ID_teXsR2.jpeg,2,amini-cocoa-contamination-dataset,CC BY 4.0,train
ID_v2mBYN.jpg,cssvd,dataset/images/train/ID_v2mBYN.jpg,1,amini-cocoa-contamination-dataset,CC BY 4.0,train
ID_DxqIte.jpg,anthracnose,dataset/images/train/ID_DxqIte.jpg,1,amini-cocoa-contamination-dataset,CC BY 4.0,train
ID_K7sW7v.jpg,anthracnose,dataset/images/train/ID_K7sW7v.jpg,1,amini-cocoa-contamination-dataset,CC BY 4.0,train
ID_Mw77BB.jpeg,healthy,dataset/images/train/ID_Mw77BB.jpeg,3,amini-cocoa-contamination-dataset,CC BY 4.0,train
ID_PeX2nR.jpeg,anthracnose,dataset/images/train/ID_PeX2nR.jpeg,1,amini-cocoa-contamination-dataset,CC BY 4.0,train
ID_b8Pr5g.jpg,cssvd,dataset/images/train/ID_b8Pr5g.jpg,1,amini-cocoa-contamination-dataset,CC BY 4.0,train
ID_BqsnWN.JPG,healthy,dataset/images/train/ID_BqsnWN.JPG,4,amini-cocoa-contamination-dataset,CC BY 4.0,train
ID_jMyf9z.jpg,healthy,dataset/images/train/ID_jMyf9z.jpg,3,amini-cocoa-contamination-dataset,CC BY 4.0,train
ID_xNFWYr.jpeg,healthy,dataset/images/train/ID_xNFWYr.jpeg,1,amini-cocoa-contamination-dataset,CC BY 4.0,train
ID_DemnF5.jpg,cssvd,dataset/images/train/ID_DemnF5.jpg,1,amini-cocoa-contamination-dataset,CC BY 4.0,train
ID_ETkShE.jpg,healthy,dataset/images/train/ID_ETkShE.jpg,3,amini-cocoa-contamination-dataset,CC BY 4.0,train
ID_lMVnbX.jpg,cssvd,dataset/images/train/ID_lMVnbX.jpg,3,amini-cocoa-contamination-dataset,CC BY 4.0,train
ID_YQlY8q.jpg,cssvd,dataset/images/train/ID_YQlY8q.jpg,4,amini-cocoa-contamination-dataset,CC BY 4.0,train
ID_Y4NQBM.jpg,healthy,dataset/images/train/ID_Y4NQBM.jpg,1,amini-cocoa-contamination-dataset,CC BY 4.0,train
ID_bJhq9y.jpeg,anthracnose,dataset/images/train/ID_bJhq9y.jpeg,1,amini-cocoa-contamination-dataset,CC BY 4.0,train
ID_ogcVdX.jpg,healthy,dataset/images/train/ID_ogcVdX.jpg,5,amini-cocoa-contamination-dataset,CC BY 4.0,train
ID_fPY54q.jpg,healthy,dataset/images/train/ID_fPY54q.jpg,2,amini-cocoa-contamination-dataset,CC BY 4.0,train
ID_DeBsan.jpg,cssvd,dataset/images/train/ID_DeBsan.jpg,1,amini-cocoa-contamination-dataset,CC BY 4.0,train
ID_TJRFge.jpeg,cssvd,dataset/images/train/ID_TJRFge.jpeg,2,amini-cocoa-contamination-dataset,CC BY 4.0,train
ID_bPjaHt.jpg,anthracnose,dataset/images/train/ID_bPjaHt.jpg,1,amini-cocoa-contamination-dataset,CC BY 4.0,train
ID_PutyfG.jpg,healthy,dataset/images/train/ID_PutyfG.jpg,1,amini-cocoa-contamination-dataset,CC BY 4.0,train
ID_ODbGPb.jpeg,anthracnose,dataset/images/train/ID_ODbGPb.jpeg,1,amini-cocoa-contamination-dataset,CC BY 4.0,train
ID_H2Ei07.JPG,anthracnose,dataset/images/train/ID_H2Ei07.JPG,1,amini-cocoa-contamination-dataset,CC BY 4.0,train
ID_LoLk1M.jpeg,anthracnose,dataset/images/train/ID_LoLk1M.jpeg,1,amini-cocoa-contamination-dataset,CC BY 4.0,train
ID_zP73qF.jpeg,healthy,dataset/images/train/ID_zP73qF.jpeg,2,amini-cocoa-contamination-dataset,CC BY 4.0,train
ID_Ihwdzk.jpg,cssvd,dataset/images/train/ID_Ihwdzk.jpg,1,amini-cocoa-contamination-dataset,CC BY 4.0,train
ID_pU9Eyl.jpg,anthracnose,dataset/images/train/ID_pU9Eyl.jpg,1,amini-cocoa-contamination-dataset,CC BY 4.0,train
ID_oMJWsJ.jpg,anthracnose,dataset/images/train/ID_oMJWsJ.jpg,1,amini-cocoa-contamination-dataset,CC BY 4.0,train
ID_LaWFhp.jpg,cssvd,dataset/images/train/ID_LaWFhp.jpg,2,amini-cocoa-contamination-dataset,CC BY 4.0,train
ID_DKPRRx.JPG,cssvd,dataset/images/train/ID_DKPRRx.JPG,2,amini-cocoa-contamination-dataset,CC BY 4.0,train
ID_IIUmt7.jpg,cssvd,dataset/images/train/ID_IIUmt7.jpg,1,amini-cocoa-contamination-dataset,CC BY 4.0,train
ID_LyM9dK.jpg,healthy,dataset/images/train/ID_LyM9dK.jpg,1,amini-cocoa-contamination-dataset,CC BY 4.0,train
ID_H9qAYr.jpg,anthracnose,dataset/images/train/ID_H9qAYr.jpg,2,amini-cocoa-contamination-dataset,CC BY 4.0,train
ID_e4ztuZ.jpg,cssvd,dataset/images/train/ID_e4ztuZ.jpg,1,amini-cocoa-contamination-dataset,CC BY 4.0,train
ID_zOEJFj.jpg,anthracnose,dataset/images/train/ID_zOEJFj.jpg,1,amini-cocoa-contamination-dataset,CC BY 4.0,train
ID_BBs0vX.jpg,anthracnose,dataset/images/train/ID_BBs0vX.jpg,2,amini-cocoa-contamination-dataset,CC BY 4.0,train
ID_lyK2pG.jpg,healthy,dataset/images/train/ID_lyK2pG.jpg,1,amini-cocoa-contamination-dataset,CC BY 4.0,train
ID_Jbfm6i.jpg,cssvd,dataset/images/train/ID_Jbfm6i.jpg,1,amini-cocoa-contamination-dataset,CC BY 4.0,train
ID_lE9AmN.jpg,cssvd,dataset/images/train/ID_lE9AmN.jpg,1,amini-cocoa-contamination-dataset,CC BY 4.0,train
ID_NqJCEK.jpg,cssvd,dataset/images/train/ID_NqJCEK.jpg,3,amini-cocoa-contamination-dataset,CC BY 4.0,train
ID_po6OJR.jpg,cssvd,dataset/images/train/ID_po6OJR.jpg,1,amini-cocoa-contamination-dataset,CC BY 4.0,train
ID_sM9pnE.jpeg,cssvd,dataset/images/train/ID_sM9pnE.jpeg,1,amini-cocoa-contamination-dataset,CC BY 4.0,train
ID_elZqYi.jpg,cssvd,dataset/images/train/ID_elZqYi.jpg,1,amini-cocoa-contamination-dataset,CC BY 4.0,train
ID_RrsrCg.jpg,cssvd,dataset/images/train/ID_RrsrCg.jpg,1,amini-cocoa-contamination-dataset,CC BY 4.0,train
ID_kWFRU4.jpg,healthy,dataset/images/train/ID_kWFRU4.jpg,2,amini-cocoa-contamination-dataset,CC BY 4.0,train
ID_DLUzP8.jpeg,cssvd,dataset/images/train/ID_DLUzP8.jpeg,1,amini-cocoa-contamination-dataset,CC BY 4.0,train
ID_fJ5kuV.jpg,cssvd,dataset/images/train/ID_fJ5kuV.jpg,1,amini-cocoa-contamination-dataset,CC BY 4.0,train
ID_z9byWr.jpeg,healthy,dataset/images/train/ID_z9byWr.jpeg,1,amini-cocoa-contamination-dataset,CC BY 4.0,train
ID_Zv6wf5.jpeg,anthracnose,dataset/images/train/ID_Zv6wf5.jpeg,1,amini-cocoa-contamination-dataset,CC BY 4.0,train
ID_OysuOA.jpg,healthy,dataset/images/train/ID_OysuOA.jpg,3,amini-cocoa-contamination-dataset,CC BY 4.0,train
ID_sN8qUM.jpg,cssvd,dataset/images/train/ID_sN8qUM.jpg,1,amini-cocoa-contamination-dataset,CC BY 4.0,train
ID_T8pWAm.jpeg,cssvd,dataset/images/train/ID_T8pWAm.jpeg,2,amini-cocoa-contamination-dataset,CC BY 4.0,train
ID_HfrHHW.jpg,cssvd,dataset/images/train/ID_HfrHHW.jpg,1,amini-cocoa-contamination-dataset,CC BY 4.0,train
ID_UVmasT.jpeg,healthy,dataset/images/train/ID_UVmasT.jpeg,3,amini-cocoa-contamination-dataset,CC BY 4.0,train
ID_JSqzdw.jpeg,healthy,dataset/images/train/ID_JSqzdw.jpeg,3,amini-cocoa-contamination-dataset,CC BY 4.0,train
ID_FFEXVC.jpeg,anthracnose,dataset/images/train/ID_FFEXVC.jpeg,1,amini-cocoa-contamination-dataset,CC BY 4.0,train
ID_UkhG0l.JPG,healthy,dataset/images/train/ID_UkhG0l.JPG,4,amini-cocoa-contamination-dataset,CC BY 4.0,train
ID_z0b8vI.jpg,cssvd,dataset/images/train/ID_z0b8vI.jpg,1,amini-cocoa-contamination-dataset,CC BY 4.0,train
ID_LpDQwz.jpg,anthracnose,dataset/images/train/ID_LpDQwz.jpg,1,amini-cocoa-contamination-dataset,CC BY 4.0,train
ID_gSrxHi.jpg,healthy,dataset/images/train/ID_gSrxHi.jpg,4,amini-cocoa-contamination-dataset,CC BY 4.0,train
ID_DpqmF9.jpg,healthy,dataset/images/train/ID_DpqmF9.jpg,1,amini-cocoa-contamination-dataset,CC BY 4.0,train
ID_RMDScI.jpg,anthracnose,dataset/images/train/ID_RMDScI.jpg,1,amini-cocoa-contamination-dataset,CC BY 4.0,train
ID_v1PbJC.jpg,anthracnose,dataset/images/train/ID_v1PbJC.jpg,3,amini-cocoa-contamination-dataset,CC BY 4.0,train
ID_RB0iCd.jpg,cssvd,dataset/images/train/ID_RB0iCd.jpg,1,amini-cocoa-contamination-dataset,CC BY 4.0,train
ID_BubVLr.jpg,anthracnose,dataset/images/train/ID_BubVLr.jpg,1,amini-cocoa-contamination-dataset,CC BY 4.0,train
ID_dxFU4n.jpg,healthy,dataset/images/train/ID_dxFU4n.jpg,3,amini-cocoa-contamination-dataset,CC BY 4.0,train
ID_udVcFM.jpeg,healthy,dataset/images/train/ID_udVcFM.jpeg,4,amini-cocoa-contamination-dataset,CC BY 4.0,train
ID_Xt5H4P.jpeg,anthracnose,dataset/images/train/ID_Xt5H4P.jpeg,2,amini-cocoa-contamination-dataset,CC BY 4.0,train
ID_sCSpAM.jpeg,anthracnose,dataset/images/train/ID_sCSpAM.jpeg,1,amini-cocoa-contamination-dataset,CC BY 4.0,train
ID_act9XV.jpg,cssvd,dataset/images/train/ID_act9XV.jpg,2,amini-cocoa-contamination-dataset,CC BY 4.0,train
ID_PqYMf8.jpg,healthy,dataset/images/train/ID_PqYMf8.jpg,3,amini-cocoa-contamination-dataset,CC BY 4.0,train
ID_ZQybwq.jpeg,healthy,dataset/images/train/ID_ZQybwq.jpeg,3,amini-cocoa-contamination-dataset,CC BY 4.0,train
ID_ZJ6Kwe.jpg,anthracnose,dataset/images/train/ID_ZJ6Kwe.jpg,1,amini-cocoa-contamination-dataset,CC BY 4.0,train
ID_nd9R0l.jpeg,healthy,dataset/images/train/ID_nd9R0l.jpeg,4,amini-cocoa-contamination-dataset,CC BY 4.0,train
ID_MQt7CR.jpg,cssvd,dataset/images/train/ID_MQt7CR.jpg,1,amini-cocoa-contamination-dataset,CC BY 4.0,train
ID_tpnsHu.jpeg,cssvd,dataset/images/train/ID_tpnsHu.jpeg,1,amini-cocoa-contamination-dataset,CC BY 4.0,train
ID_gqbwtB.jpg,healthy,dataset/images/train/ID_gqbwtB.jpg,5,amini-cocoa-contamination-dataset,CC BY 4.0,train
ID_gZEGAX.jpg,cssvd,dataset/images/train/ID_gZEGAX.jpg,2,amini-cocoa-contamination-dataset,CC BY 4.0,train
ID_MMxOxo.jpg,cssvd,dataset/images/train/ID_MMxOxo.jpg,1,amini-cocoa-contamination-dataset,CC BY 4.0,train
ID_GeIDa3.jpg,cssvd,dataset/images/train/ID_GeIDa3.jpg,1,amini-cocoa-contamination-dataset,CC BY 4.0,train
ID_aIhCv0.jpg,anthracnose,dataset/images/train/ID_aIhCv0.jpg,2,amini-cocoa-contamination-dataset,CC BY 4.0,train
ID_u1juEm.jpg,healthy,dataset/images/train/ID_u1juEm.jpg,1,amini-cocoa-contamination-dataset,CC BY 4.0,train
ID_AmGra1.jpeg,healthy,dataset/images/train/ID_AmGra1.jpeg,1,amini-cocoa-contamination-dataset,CC BY 4.0,train
ID_cNZUqh.jpg,anthracnose,dataset/images/train/ID_cNZUqh.jpg,1,amini-cocoa-contamination-dataset,CC BY 4.0,train
ID_oOXqz9.jpg,anthracnose,dataset/images/train/ID_oOXqz9.jpg,3,amini-cocoa-contamination-dataset,CC BY 4.0,train
ID_njuz8k.jpeg,anthracnose,dataset/images/train/ID_njuz8k.jpeg,2,amini-cocoa-contamination-dataset,CC BY 4.0,train
ID_GBtSfq.jpg,anthracnose,dataset/images/train/ID_GBtSfq.jpg,1,amini-cocoa-contamination-dataset,CC BY 4.0,train
ID_qy27ne.jpeg,anthracnose,dataset/images/train/ID_qy27ne.jpeg,1,amini-cocoa-contamination-dataset,CC BY 4.0,train
ID_rgk7Yj.jpg,cssvd,dataset/images/train/ID_rgk7Yj.jpg,1,amini-cocoa-contamination-dataset,CC BY 4.0,train
ID_H0jVLD.jpg,anthracnose,dataset/images/train/ID_H0jVLD.jpg,1,amini-cocoa-contamination-dataset,CC BY 4.0,train
ID_q4eYO0.jpg,cssvd,dataset/images/train/ID_q4eYO0.jpg,2,amini-cocoa-contamination-dataset,CC BY 4.0,train
ID_kASNKy.jpg,anthracnose,dataset/images/train/ID_kASNKy.jpg,1,amini-cocoa-contamination-dataset,CC BY 4.0,train
ID_c7NVpK.jpg,cssvd,dataset/images/train/ID_c7NVpK.jpg,1,amini-cocoa-contamination-dataset,CC BY 4.0,train
ID_IZEh7g.jpg,cssvd,dataset/images/train/ID_IZEh7g.jpg,1,amini-cocoa-contamination-dataset,CC BY 4.0,train
ID_cNuFzt.JPG,healthy,dataset/images/train/ID_cNuFzt.JPG,4,amini-cocoa-contamination-dataset,CC BY 4.0,train
ID_j7bfuw.jpeg,cssvd,dataset/images/train/ID_j7bfuw.jpeg,1,amini-cocoa-contamination-dataset,CC BY 4.0,train
ID_vLOMgi.JPG,healthy,dataset/images/train/ID_vLOMgi.JPG,4,amini-cocoa-contamination-dataset,CC BY 4.0,train
ID_i9rBdB.jpg,healthy,dataset/images/train/ID_i9rBdB.jpg,1,amini-cocoa-contamination-dataset,CC BY 4.0,train
ID_cuhHzV.jpeg,anthracnose,dataset/images/train/ID_cuhHzV.jpeg,1,amini-cocoa-contamination-dataset,CC BY 4.0,train
ID_uOYb2l.jpg,anthracnose,dataset/images/train/ID_uOYb2l.jpg,2,amini-cocoa-contamination-dataset,CC BY 4.0,train
ID_XlzqfP.jpg,healthy,dataset/images/train/ID_XlzqfP.jpg,1,amini-cocoa-contamination-dataset,CC BY 4.0,train
ID_xO10Be.jpg,healthy,dataset/images/train/ID_xO10Be.jpg,3,amini-cocoa-contamination-dataset,CC BY 4.0,train
ID_AS0DDf.jpg,cssvd,dataset/images/train/ID_AS0DDf.jpg,3,amini-cocoa-contamination-dataset,CC BY 4.0,train
ID_mfgRF6.jpg,cssvd,dataset/images/train/ID_mfgRF6.jpg,2,amini-cocoa-contamination-dataset,CC BY 4.0,train
ID_RfFMmS.jpg,cssvd,dataset/images/train/ID_RfFMmS.jpg,3,amini-cocoa-contamination-dataset,CC BY 4.0,train
ID_HIFZij.jpeg,healthy,dataset/images/train/ID_HIFZij.jpeg,1,amini-cocoa-contamination-dataset,CC BY 4.0,train
ID_qZZkyx.jpeg,cssvd,dataset/images/train/ID_qZZkyx.jpeg,1,amini-cocoa-contamination-dataset,CC BY 4.0,train
ID_NgYv4u.jpg,healthy,dataset/images/train/ID_NgYv4u.jpg,3,amini-cocoa-contamination-dataset,CC BY 4.0,train
ID_MXL0nb.jpg,healthy,dataset/images/train/ID_MXL0nb.jpg,3,amini-cocoa-contamination-dataset,CC BY 4.0,train
ID_ZcwXUK.JPG,anthracnose,dataset/images/train/ID_ZcwXUK.JPG,1,amini-cocoa-contamination-dataset,CC BY 4.0,train
ID_t9FCcI.jpeg,healthy,dataset/images/train/ID_t9FCcI.jpeg,1,amini-cocoa-contamination-dataset,CC BY 4.0,train
ID_jbV17e.jpg,healthy,dataset/images/train/ID_jbV17e.jpg,3,amini-cocoa-contamination-dataset,CC BY 4.0,train
ID_UXPLTy.jpg,healthy,dataset/images/train/ID_UXPLTy.jpg,7,amini-cocoa-contamination-dataset,CC BY 4.0,train
ID_AELiZ5.jpg,cssvd,dataset/images/train/ID_AELiZ5.jpg,2,amini-cocoa-contamination-dataset,CC BY 4.0,train
ID_aN4E2t.jpg,cssvd,dataset/images/train/ID_aN4E2t.jpg,1,amini-cocoa-contamination-dataset,CC BY 4.0,train
ID_ZkQAVL.jpg,cssvd,dataset/images/train/ID_ZkQAVL.jpg,2,amini-cocoa-contamination-dataset,CC BY 4.0,train
ID_OIHJ8W.jpg,cssvd,dataset/images/train/ID_OIHJ8W.jpg,2,amini-cocoa-contamination-dataset,CC BY 4.0,train
ID_vQTQcz.jpg,cssvd,dataset/images/train/ID_vQTQcz.jpg,1,amini-cocoa-contamination-dataset,CC BY 4.0,train
ID_lLrS2m.JPG,cssvd,dataset/images/train/ID_lLrS2m.JPG,1,amini-cocoa-contamination-dataset,CC BY 4.0,train
ID_dqoTJ9.jpg,healthy,dataset/images/train/ID_dqoTJ9.jpg,3,amini-cocoa-contamination-dataset,CC BY 4.0,train
ID_E85J7J.jpg,anthracnose,dataset/images/train/ID_E85J7J.jpg,4,amini-cocoa-contamination-dataset,CC BY 4.0,train
ID_ylthFc.jpg,healthy,dataset/images/train/ID_ylthFc.jpg,4,amini-cocoa-contamination-dataset,CC BY 4.0,train
ID_PyCm3z.jpg,cssvd,dataset/images/train/ID_PyCm3z.jpg,1,amini-cocoa-contamination-dataset,CC BY 4.0,train
ID_tQFOXi.jpg,cssvd,dataset/images/train/ID_tQFOXi.jpg,2,amini-cocoa-contamination-dataset,CC BY 4.0,train
ID_XozOJV.jpeg,healthy,dataset/images/train/ID_XozOJV.jpeg,1,amini-cocoa-contamination-dataset,CC BY 4.0,train
ID_uzGP17.jpg,cssvd,dataset/images/train/ID_uzGP17.jpg,1,amini-cocoa-contamination-dataset,CC BY 4.0,train
ID_oBexEn.jpg,cssvd,dataset/images/train/ID_oBexEn.jpg,2,amini-cocoa-contamination-dataset,CC BY 4.0,train
ID_jEVZep.jpg,anthracnose,dataset/images/train/ID_jEVZep.jpg,3,amini-cocoa-contamination-dataset,CC BY 4.0,train
ID_angAna.jpg,healthy,dataset/images/train/ID_angAna.jpg,2,amini-cocoa-contamination-dataset,CC BY 4.0,train
ID_rHthHf.jpg,cssvd,dataset/images/train/ID_rHthHf.jpg,1,amini-cocoa-contamination-dataset,CC BY 4.0,train
ID_B5uy0d.jpg,cssvd,dataset/images/train/ID_B5uy0d.jpg,1,amini-cocoa-contamination-dataset,CC BY 4.0,train
ID_ZQd07a.jpeg,healthy,dataset/images/train/ID_ZQd07a.jpeg,2,amini-cocoa-contamination-dataset,CC BY 4.0,train
ID_shomHy.jpeg,anthracnose,dataset/images/train/ID_shomHy.jpeg,1,amini-cocoa-contamination-dataset,CC BY 4.0,train
ID_TVsuzk.jpg,cssvd,dataset/images/train/ID_TVsuzk.jpg,1,amini-cocoa-contamination-dataset,CC BY 4.0,train
ID_oZgCxe.jpg,healthy,dataset/images/train/ID_oZgCxe.jpg,1,amini-cocoa-contamination-dataset,CC BY 4.0,train
ID_SXQuo7.jpeg,healthy,dataset/images/train/ID_SXQuo7.jpeg,2,amini-cocoa-contamination-dataset,CC BY 4.0,train
ID_KODZ2C.jpg,cssvd,dataset/images/train/ID_KODZ2C.jpg,1,amini-cocoa-contamination-dataset,CC BY 4.0,train
ID_QTGK17.jpeg,anthracnose,dataset/images/train/ID_QTGK17.jpeg,1,amini-cocoa-contamination-dataset,CC BY 4.0,train
ID_bo1KR6.jpeg,healthy,dataset/images/train/ID_bo1KR6.jpeg,3,amini-cocoa-contamination-dataset,CC BY 4.0,train
ID_Fpbjyb.jpg,cssvd,dataset/images/train/ID_Fpbjyb.jpg,1,amini-cocoa-contamination-dataset,CC BY 4.0,train
ID_XBg6N8.jpg,healthy,dataset/images/train/ID_XBg6N8.jpg,2,amini-cocoa-contamination-dataset,CC BY 4.0,train
ID_GtA2ma.JPG,healthy,dataset/images/train/ID_GtA2ma.JPG,3,amini-cocoa-contamination-dataset,CC BY 4.0,train
ID_uqiKNk.jpeg,healthy,dataset/images/train/ID_uqiKNk.jpeg,2,amini-cocoa-contamination-dataset,CC BY 4.0,train
ID_QwO2kp.jpg,cssvd,dataset/images/train/ID_QwO2kp.jpg,1,amini-cocoa-contamination-dataset,CC BY 4.0,train
ID_TFRZ8o.jpg,healthy,dataset/images/train/ID_TFRZ8o.jpg,2,amini-cocoa-contamination-dataset,CC BY 4.0,train
ID_jVa2cW.jpg,cssvd,dataset/images/train/ID_jVa2cW.jpg,1,amini-cocoa-contamination-dataset,CC BY 4.0,train
ID_TpzlLm.jpg,cssvd,dataset/images/train/ID_TpzlLm.jpg,1,amini-cocoa-contamination-dataset,CC BY 4.0,train
ID_Fz1TKc.jpg,cssvd,dataset/images/train/ID_Fz1TKc.jpg,1,amini-cocoa-contamination-dataset,CC BY 4.0,train
ID_OkoEnN.jpeg,healthy,dataset/images/train/ID_OkoEnN.jpeg,1,amini-cocoa-contamination-dataset,CC BY 4.0,train
ID_oKzDhf.JPG,healthy,dataset/images/train/ID_oKzDhf.JPG,3,amini-cocoa-contamination-dataset,CC BY 4.0,train
ID_UVafxc.jpg,healthy,dataset/images/train/ID_UVafxc.jpg,3,amini-cocoa-contamination-dataset,CC BY 4.0,train
ID_Pwb2JD.JPG,healthy,dataset/images/train/ID_Pwb2JD.JPG,1,amini-cocoa-contamination-dataset,CC BY 4.0,train
ID_i34nON.jpg,cssvd,dataset/images/train/ID_i34nON.jpg,2,amini-cocoa-contamination-dataset,CC BY 4.0,train
ID_OvysHf.jpg,anthracnose,dataset/images/train/ID_OvysHf.jpg,1,amini-cocoa-contamination-dataset,CC BY 4.0,train
ID_tnMasx.JPG,healthy,dataset/images/train/ID_tnMasx.JPG,5,amini-cocoa-contamination-dataset,CC BY 4.0,train
ID_HEvjMC.jpg,healthy,dataset/images/train/ID_HEvjMC.jpg,2,amini-cocoa-contamination-dataset,CC BY 4.0,train
ID_jszfYA.jpg,anthracnose,dataset/images/train/ID_jszfYA.jpg,2,amini-cocoa-contamination-dataset,CC BY 4.0,train
ID_wwXHHl.jpeg,healthy,dataset/images/train/ID_wwXHHl.jpeg,1,amini-cocoa-contamination-dataset,CC BY 4.0,train
ID_TaRNtN.jpg,anthracnose,dataset/images/train/ID_TaRNtN.jpg,2,amini-cocoa-contamination-dataset,CC BY 4.0,train
ID_J0cjqu.jpeg,anthracnose,dataset/images/train/ID_J0cjqu.jpeg,1,amini-cocoa-contamination-dataset,CC BY 4.0,train
ID_IwyjUK.jpeg,healthy,dataset/images/train/ID_IwyjUK.jpeg,3,amini-cocoa-contamination-dataset,CC BY 4.0,train
ID_INTGOc.jpeg,healthy,dataset/images/train/ID_INTGOc.jpeg,1,amini-cocoa-contamination-dataset,CC BY 4.0,train
ID_s3bXhc.jpg,anthracnose,dataset/images/train/ID_s3bXhc.jpg,2,amini-cocoa-contamination-dataset,CC BY 4.0,train
ID_CA1kQD.jpg,healthy,dataset/images/train/ID_CA1kQD.jpg,6,amini-cocoa-contamination-dataset,CC BY 4.0,train
ID_bZNqdj.jpeg,cssvd,dataset/images/train/ID_bZNqdj.jpeg,1,amini-cocoa-contamination-dataset,CC BY 4.0,train
ID_YKEl04.jpeg,cssvd,dataset/images/train/ID_YKEl04.jpeg,1,amini-cocoa-contamination-dataset,CC BY 4.0,train
ID_Fqbp4A.jpg,anthracnose,dataset/images/train/ID_Fqbp4A.jpg,1,amini-cocoa-contamination-dataset,CC BY 4.0,train
ID_Ss9vDj.jpg,cssvd,dataset/images/train/ID_Ss9vDj.jpg,1,amini-cocoa-contamination-dataset,CC BY 4.0,train
ID_IeUEDO.jpeg,healthy,dataset/images/train/ID_IeUEDO.jpeg,1,amini-cocoa-contamination-dataset,CC BY 4.0,train
ID_ealn0i.jpg,anthracnose,dataset/images/train/ID_ealn0i.jpg,1,amini-cocoa-contamination-dataset,CC BY 4.0,train
ID_YjIVLl.jpeg,healthy,dataset/images/train/ID_YjIVLl.jpeg,1,amini-cocoa-contamination-dataset,CC BY 4.0,train
ID_CbNhoi.jpg,cssvd,dataset/images/train/ID_CbNhoi.jpg,3,amini-cocoa-contamination-dataset,CC BY 4.0,train
ID_PHLxKY.jpeg,anthracnose,dataset/images/train/ID_PHLxKY.jpeg,1,amini-cocoa-contamination-dataset,CC BY 4.0,train
ID_qDVkfc.jpg,cssvd,dataset/images/train/ID_qDVkfc.jpg,1,amini-cocoa-contamination-dataset,CC BY 4.0,train
ID_vyxJFi.jpg,anthracnose,dataset/images/train/ID_vyxJFi.jpg,1,amini-cocoa-contamination-dataset,CC BY 4.0,train
ID_eRtarW.jpeg,healthy,dataset/images/train/ID_eRtarW.jpeg,1,amini-cocoa-contamination-dataset,CC BY 4.0,train
ID_XnOMrA.jpg,anthracnose,dataset/images/train/ID_XnOMrA.jpg,1,amini-cocoa-contamination-dataset,CC BY 4.0,train
ID_uMzWDE.jpg,cssvd,dataset/images/train/ID_uMzWDE.jpg,4,amini-cocoa-contamination-dataset,CC BY 4.0,train
ID_hBcVqN.jpg,cssvd,dataset/images/train/ID_hBcVqN.jpg,1,amini-cocoa-contamination-dataset,CC BY 4.0,train
ID_HPMD4R.jpeg,cssvd,dataset/images/train/ID_HPMD4R.jpeg,1,amini-cocoa-contamination-dataset,CC BY 4.0,train
ID_CtFLV6.jpg,healthy,dataset/images/train/ID_CtFLV6.jpg,1,amini-cocoa-contamination-dataset,CC BY 4.0,train
ID_uef7L5.jpeg,healthy,dataset/images/train/ID_uef7L5.jpeg,1,amini-cocoa-contamination-dataset,CC BY 4.0,train
ID_DkzGLb.jpg,cssvd,dataset/images/train/ID_DkzGLb.jpg,2,amini-cocoa-contamination-dataset,CC BY 4.0,train
ID_OvcMIK.jpg,anthracnose,dataset/images/train/ID_OvcMIK.jpg,1,amini-cocoa-contamination-dataset,CC BY 4.0,train
ID_Qu5Gdd.jpg,anthracnose,dataset/images/train/ID_Qu5Gdd.jpg,2,amini-cocoa-contamination-dataset,CC BY 4.0,train
ID_Myyluu.jpg,healthy,dataset/images/train/ID_Myyluu.jpg,5,amini-cocoa-contamination-dataset,CC BY 4.0,train
ID_UL9DEh.jpg,cssvd,dataset/images/train/ID_UL9DEh.jpg,2,amini-cocoa-contamination-dataset,CC BY 4.0,train
ID_edNUod.jpg,anthracnose,dataset/images/train/ID_edNUod.jpg,1,amini-cocoa-contamination-dataset,CC BY 4.0,train
ID_GmeOgs.jpeg,healthy,dataset/images/train/ID_GmeOgs.jpeg,1,amini-cocoa-contamination-dataset,CC BY 4.0,train
ID_rOzhnA.jpg,cssvd,dataset/images/train/ID_rOzhnA.jpg,2,amini-cocoa-contamination-dataset,CC BY 4.0,train
ID_n38sEl.jpeg,anthracnose,dataset/images/train/ID_n38sEl.jpeg,1,amini-cocoa-contamination-dataset,CC BY 4.0,train
ID_N5FWVA.jpg,healthy,dataset/images/train/ID_N5FWVA.jpg,2,amini-cocoa-contamination-dataset,CC BY 4.0,train
ID_XGl9sW.JPG,healthy,dataset/images/train/ID_XGl9sW.JPG,1,amini-cocoa-contamination-dataset,CC BY 4.0,train
ID_ngxhna.jpg,anthracnose,dataset/images/train/ID_ngxhna.jpg,2,amini-cocoa-contamination-dataset,CC BY 4.0,train
ID_tsY8E7.jpg,cssvd,dataset/images/train/ID_tsY8E7.jpg,1,amini-cocoa-contamination-dataset,CC BY 4.0,train
ID_yol9H8.jpeg,healthy,dataset/images/train/ID_yol9H8.jpeg,1,amini-cocoa-contamination-dataset,CC BY 4.0,train
ID_gwDWlz.jpg,cssvd,dataset/images/train/ID_gwDWlz.jpg,2,amini-cocoa-contamination-dataset,CC BY 4.0,train
ID_ODfA1a.jpg,healthy,dataset/images/train/ID_ODfA1a.jpg,4,amini-cocoa-contamination-dataset,CC BY 4.0,train
ID_NHnZVz.jpg,anthracnose,dataset/images/train/ID_NHnZVz.jpg,3,amini-cocoa-contamination-dataset,CC BY 4.0,train
ID_b2v7Yo.jpg,anthracnose,dataset/images/train/ID_b2v7Yo.jpg,2,amini-cocoa-contamination-dataset,CC BY 4.0,train
ID_v4SjXs.jpg,cssvd,dataset/images/train/ID_v4SjXs.jpg,2,amini-cocoa-contamination-dataset,CC BY 4.0,train
ID_EA1Oak.jpeg,cssvd,dataset/images/train/ID_EA1Oak.jpeg,1,amini-cocoa-contamination-dataset,CC BY 4.0,train
ID_KwQuNN.jpg,cssvd,dataset/images/train/ID_KwQuNN.jpg,1,amini-cocoa-contamination-dataset,CC BY 4.0,train
ID_GivkYc.jpeg,healthy,dataset/images/train/ID_GivkYc.jpeg,1,amini-cocoa-contamination-dataset,CC BY 4.0,train
ID_Py1gJC.jpeg,anthracnose,dataset/images/train/ID_Py1gJC.jpeg,1,amini-cocoa-contamination-dataset,CC BY 4.0,train
ID_GWUKCq.jpg,cssvd,dataset/images/train/ID_GWUKCq.jpg,1,amini-cocoa-contamination-dataset,CC BY 4.0,train
ID_qWwuLB.jpg,anthracnose,dataset/images/train/ID_qWwuLB.jpg,1,amini-cocoa-contamination-dataset,CC BY 4.0,train
ID_SEj6z0.jpg,cssvd,dataset/images/train/ID_SEj6z0.jpg,1,amini-cocoa-contamination-dataset,CC BY 4.0,train
ID_d1SYx7.jpeg,anthracnose,dataset/images/train/ID_d1SYx7.jpeg,1,amini-cocoa-contamination-dataset,CC BY 4.0,train
ID_Yvwl1D.jpg,cssvd,dataset/images/train/ID_Yvwl1D.jpg,2,amini-cocoa-contamination-dataset,CC BY 4.0,train
ID_yZNmmo.JPG,healthy,dataset/images/train/ID_yZNmmo.JPG,4,amini-cocoa-contamination-dataset,CC BY 4.0,train
ID_FPYYMg.jpg,anthracnose,dataset/images/train/ID_FPYYMg.jpg,1,amini-cocoa-contamination-dataset,CC BY 4.0,train
ID_LxuYfM.jpeg,cssvd,dataset/images/train/ID_LxuYfM.jpeg,1,amini-cocoa-contamination-dataset,CC BY 4.0,train
ID_ydI3Pa.jpg,anthracnose,dataset/images/train/ID_ydI3Pa.jpg,3,amini-cocoa-contamination-dataset,CC BY 4.0,train
ID_fcqDRy.jpeg,healthy,dataset/images/train/ID_fcqDRy.jpeg,1,amini-cocoa-contamination-dataset,CC BY 4.0,train
ID_WGlBML.jpg,cssvd,dataset/images/train/ID_WGlBML.jpg,1,amini-cocoa-contamination-dataset,CC BY 4.0,train
ID_vdQxLp.jpg,cssvd,dataset/images/train/ID_vdQxLp.jpg,1,amini-cocoa-contamination-dataset,CC BY 4.0,train
ID_QPEdBT.jpg,cssvd,dataset/images/train/ID_QPEdBT.jpg,1,amini-cocoa-contamination-dataset,CC BY 4.0,train
ID_ximYqs.jpg,cssvd,dataset/images/train/ID_ximYqs.jpg,1,amini-cocoa-contamination-dataset,CC BY 4.0,train
ID_JEp407.jpg,cssvd,dataset/images/train/ID_JEp407.jpg,1,amini-cocoa-contamination-dataset,CC BY 4.0,train
ID_YJLMuI.jpeg,anthracnose,dataset/images/train/ID_YJLMuI.jpeg,1,amini-cocoa-contamination-dataset,CC BY 4.0,train
ID_RBSfDO.jpg,cssvd,dataset/images/train/ID_RBSfDO.jpg,3,amini-cocoa-contamination-dataset,CC BY 4.0,train
ID_AOGygM.jpeg,healthy,dataset/images/train/ID_AOGygM.jpeg,1,amini-cocoa-contamination-dataset,CC BY 4.0,train
ID_Hhccij.jpg,cssvd,dataset/images/train/ID_Hhccij.jpg,1,amini-cocoa-contamination-dataset,CC BY 4.0,train
ID_ZiLoz8.jpeg,healthy,dataset/images/train/ID_ZiLoz8.jpeg,2,amini-cocoa-contamination-dataset,CC BY 4.0,train
ID_m896CA.jpg,cssvd,dataset/images/train/ID_m896CA.jpg,1,amini-cocoa-contamination-dataset,CC BY 4.0,train
ID_IHgBaT.jpeg,healthy,dataset/images/train/ID_IHgBaT.jpeg,2,amini-cocoa-contamination-dataset,CC BY 4.0,train
ID_xTGkDA.jpg,anthracnose,dataset/images/train/ID_xTGkDA.jpg,1,amini-cocoa-contamination-dataset,CC BY 4.0,train
ID_ZvajCL.jpg,healthy,dataset/images/train/ID_ZvajCL.jpg,2,amini-cocoa-contamination-dataset,CC BY 4.0,train
ID_uU2V1V.jpeg,healthy,dataset/images/train/ID_uU2V1V.jpeg,1,amini-cocoa-contamination-dataset,CC BY 4.0,train
ID_hMmkqz.jpg,cssvd,dataset/images/train/ID_hMmkqz.jpg,3,amini-cocoa-contamination-dataset,CC BY 4.0,train
ID_shNSb2.jpg,cssvd,dataset/images/train/ID_shNSb2.jpg,1,amini-cocoa-contamination-dataset,CC BY 4.0,train
ID_BqDotR.jpg,healthy,dataset/images/train/ID_BqDotR.jpg,1,amini-cocoa-contamination-dataset,CC BY 4.0,train
ID_tz566P.jpeg,healthy,dataset/images/train/ID_tz566P.jpeg,2,amini-cocoa-contamination-dataset,CC BY 4.0,train
ID_BfMggU.jpg,cssvd,dataset/images/train/ID_BfMggU.jpg,2,amini-cocoa-contamination-dataset,CC BY 4.0,train
ID_DBXZ0J.jpg,anthracnose,dataset/images/train/ID_DBXZ0J.jpg,2,amini-cocoa-contamination-dataset,CC BY 4.0,train
ID_GiO6JQ.jpeg,anthracnose,dataset/images/train/ID_GiO6JQ.jpeg,1,amini-cocoa-contamination-dataset,CC BY 4.0,train
ID_q5mGHK.jpg,cssvd,dataset/images/train/ID_q5mGHK.jpg,1,amini-cocoa-contamination-dataset,CC BY 4.0,train
ID_W2eGlr.jpg,cssvd,dataset/images/train/ID_W2eGlr.jpg,2,amini-cocoa-contamination-dataset,CC BY 4.0,train
ID_vV1prV.jpeg,healthy,dataset/images/train/ID_vV1prV.jpeg,1,amini-cocoa-contamination-dataset,CC BY 4.0,train
ID_Sx4aPT.jpeg,cssvd,dataset/images/train/ID_Sx4aPT.jpeg,1,amini-cocoa-contamination-dataset,CC BY 4.0,train
ID_hlmlKX.jpeg,healthy,dataset/images/train/ID_hlmlKX.jpeg,2,amini-cocoa-contamination-dataset,CC BY 4.0,train
ID_IpPLaf.jpg,cssvd,dataset/images/train/ID_IpPLaf.jpg,2,amini-cocoa-contamination-dataset,CC BY 4.0,train
ID_sE7u9n.jpg,healthy,dataset/images/train/ID_sE7u9n.jpg,1,amini-cocoa-contamination-dataset,CC BY 4.0,train
ID_N4tmmu.jpg,anthracnose,dataset/images/train/ID_N4tmmu.jpg,2,amini-cocoa-contamination-dataset,CC BY 4.0,train
ID_VqdKTM.jpg,cssvd,dataset/images/train/ID_VqdKTM.jpg,1,amini-cocoa-contamination-dataset,CC BY 4.0,train
ID_wFCGcU.jpeg,cssvd,dataset/images/train/ID_wFCGcU.jpeg,3,amini-cocoa-contamination-dataset,CC BY 4.0,train
ID_YsDgbF.jpeg,healthy,dataset/images/train/ID_YsDgbF.jpeg,2,amini-cocoa-contamination-dataset,CC BY 4.0,train
ID_GFEcWM.jpg,anthracnose,dataset/images/train/ID_GFEcWM.jpg,1,amini-cocoa-contamination-dataset,CC BY 4.0,train
ID_xpQfGu.jpg,cssvd,dataset/images/train/ID_xpQfGu.jpg,1,amini-cocoa-contamination-dataset,CC BY 4.0,train
ID_i5tspz.jpeg,anthracnose,dataset/images/train/ID_i5tspz.jpeg,1,amini-cocoa-contamination-dataset,CC BY 4.0,train
ID_lvMI5W.jpg,cssvd,dataset/images/train/ID_lvMI5W.jpg,1,amini-cocoa-contamination-dataset,CC BY 4.0,train
ID_tvVI5R.jpg,cssvd,dataset/images/train/ID_tvVI5R.jpg,1,amini-cocoa-contamination-dataset,CC BY 4.0,train
ID_jbWmZz.jpg,anthracnose,dataset/images/train/ID_jbWmZz.jpg,4,amini-cocoa-contamination-dataset,CC BY 4.0,train
ID_Jzuctc.jpg,cssvd,dataset/images/train/ID_Jzuctc.jpg,1,amini-cocoa-contamination-dataset,CC BY 4.0,train
ID_WyOJkP.JPG,anthracnose,dataset/images/train/ID_WyOJkP.JPG,1,amini-cocoa-contamination-dataset,CC BY 4.0,train
ID_zIZU8H.jpeg,cssvd,dataset/images/train/ID_zIZU8H.jpeg,6,amini-cocoa-contamination-dataset,CC BY 4.0,train
ID_hNrjtm.jpeg,cssvd,dataset/images/train/ID_hNrjtm.jpeg,1,amini-cocoa-contamination-dataset,CC BY 4.0,train
ID_NUysLM.jpg,cssvd,dataset/images/train/ID_NUysLM.jpg,1,amini-cocoa-contamination-dataset,CC BY 4.0,train
ID_F2ktyi.jpeg,anthracnose,dataset/images/train/ID_F2ktyi.jpeg,1,amini-cocoa-contamination-dataset,CC BY 4.0,train
ID_FkIrxV.jpeg,healthy,dataset/images/train/ID_FkIrxV.jpeg,2,amini-cocoa-contamination-dataset,CC BY 4.0,train
ID_avgnct.jpeg,cssvd,dataset/images/train/ID_avgnct.jpeg,1,amini-cocoa-contamination-dataset,CC BY 4.0,train
ID_is0j3U.jpg,cssvd,dataset/images/train/ID_is0j3U.jpg,1,amini-cocoa-contamination-dataset,CC BY 4.0,train
ID_fZCztK.jpg,healthy,dataset/images/train/ID_fZCztK.jpg,2,amini-cocoa-contamination-dataset,CC BY 4.0,train
ID_KKgIFF.jpg,cssvd,dataset/images/train/ID_KKgIFF.jpg,1,amini-cocoa-contamination-dataset,CC BY 4.0,train
ID_NXBofV.jpg,cssvd,dataset/images/train/ID_NXBofV.jpg,2,amini-cocoa-contamination-dataset,CC BY 4.0,train
ID_jqwM5U.jpeg,anthracnose,dataset/images/train/ID_jqwM5U.jpeg,1,amini-cocoa-contamination-dataset,CC BY 4.0,train
ID_cRnqCu.jpeg,cssvd,dataset/images/train/ID_cRnqCu.jpeg,1,amini-cocoa-contamination-dataset,CC BY 4.0,train
ID_d10ixC.jpeg,healthy,dataset/images/train/ID_d10ixC.jpeg,1,amini-cocoa-contamination-dataset,CC BY 4.0,train
ID_ZJDkTh.jpeg,healthy,dataset/images/train/ID_ZJDkTh.jpeg,2,amini-cocoa-contamination-dataset,CC BY 4.0,train
ID_hRzuso.jpg,healthy,dataset/images/train/ID_hRzuso.jpg,4,amini-cocoa-contamination-dataset,CC BY 4.0,train
ID_HOB7CY.jpg,anthracnose,dataset/images/train/ID_HOB7CY.jpg,2,amini-cocoa-contamination-dataset,CC BY 4.0,train
ID_k90y45.jpg,anthracnose,dataset/images/train/ID_k90y45.jpg,2,amini-cocoa-contamination-dataset,CC BY 4.0,train
ID_RjzDmF.JPG,healthy,dataset/images/train/ID_RjzDmF.JPG,1,amini-cocoa-contamination-dataset,CC BY 4.0,train
ID_dtSpqL.jpg,cssvd,dataset/images/train/ID_dtSpqL.jpg,2,amini-cocoa-contamination-dataset,CC BY 4.0,train
ID_VYORB1.jpg,cssvd,dataset/images/train/ID_VYORB1.jpg,2,amini-cocoa-contamination-dataset,CC BY 4.0,train
ID_b4aINS.jpg,cssvd,dataset/images/train/ID_b4aINS.jpg,2,amini-cocoa-contamination-dataset,CC BY 4.0,train
ID_IyYi7K.jpeg,healthy,dataset/images/train/ID_IyYi7K.jpeg,2,amini-cocoa-contamination-dataset,CC BY 4.0,train
ID_fUH8Bc.jpg,healthy,dataset/images/train/ID_fUH8Bc.jpg,2,amini-cocoa-contamination-dataset,CC BY 4.0,train
ID_MW4x3o.jpeg,anthracnose,dataset/images/train/ID_MW4x3o.jpeg,1,amini-cocoa-contamination-dataset,CC BY 4.0,train
ID_LOWOf3.jpg,cssvd,dataset/images/train/ID_LOWOf3.jpg,1,amini-cocoa-contamination-dataset,CC BY 4.0,train
ID_Ayr2mm.jpg,cssvd,dataset/images/train/ID_Ayr2mm.jpg,1,amini-cocoa-contamination-dataset,CC BY 4.0,train
ID_UQg3BX.jpg,anthracnose,dataset/images/train/ID_UQg3BX.jpg,1,amini-cocoa-contamination-dataset,CC BY 4.0,train
ID_KgEESi.jpg,cssvd,dataset/images/train/ID_KgEESi.jpg,1,amini-cocoa-contamination-dataset,CC BY 4.0,train
ID_eGxyA2.jpeg,healthy,dataset/images/train/ID_eGxyA2.jpeg,1,amini-cocoa-contamination-dataset,CC BY 4.0,train
ID_TgFrTa.jpeg,healthy,dataset/images/train/ID_TgFrTa.jpeg,1,amini-cocoa-contamination-dataset,CC BY 4.0,train
ID_kFF7Uk.jpg,healthy,dataset/images/train/ID_kFF7Uk.jpg,2,amini-cocoa-contamination-dataset,CC BY 4.0,train
ID_eNk9uh.jpg,anthracnose,dataset/images/train/ID_eNk9uh.jpg,1,amini-cocoa-contamination-dataset,CC BY 4.0,train
ID_hK8Sxt.jpg,cssvd,dataset/images/train/ID_hK8Sxt.jpg,1,amini-cocoa-contamination-dataset,CC BY 4.0,train
ID_XBSSdA.jpg,healthy,dataset/images/train/ID_XBSSdA.jpg,1,amini-cocoa-contamination-dataset,CC BY 4.0,train
ID_G0HJOI.jpg,healthy,dataset/images/train/ID_G0HJOI.jpg,2,amini-cocoa-contamination-dataset,CC BY 4.0,train
ID_KxInFM.jpg,anthracnose,dataset/images/train/ID_KxInFM.jpg,2,amini-cocoa-contamination-dataset,CC BY 4.0,train
ID_LGsaR0.jpg,cssvd,dataset/images/train/ID_LGsaR0.jpg,2,amini-cocoa-contamination-dataset,CC BY 4.0,train
ID_NoSeu6.jpg,healthy,dataset/images/train/ID_NoSeu6.jpg,1,amini-cocoa-contamination-dataset,CC BY 4.0,train
ID_Y0JF4D.jpg,cssvd,dataset/images/train/ID_Y0JF4D.jpg,2,amini-cocoa-contamination-dataset,CC BY 4.0,train
ID_zQiLcy.jpg,cssvd,dataset/images/train/ID_zQiLcy.jpg,2,amini-cocoa-contamination-dataset,CC BY 4.0,train
ID_fKU7Ti.jpg,healthy,dataset/images/train/ID_fKU7Ti.jpg,6,amini-cocoa-contamination-dataset,CC BY 4.0,train
ID_o4UT3S.jpeg,cssvd,dataset/images/train/ID_o4UT3S.jpeg,1,amini-cocoa-contamination-dataset,CC BY 4.0,train
ID_WDLYEs.jpg,anthracnose,dataset/images/train/ID_WDLYEs.jpg,2,amini-cocoa-contamination-dataset,CC BY 4.0,train
ID_da87aK.jpg,anthracnose,dataset/images/train/ID_da87aK.jpg,2,amini-cocoa-contamination-dataset,CC BY 4.0,train
ID_klOxTC.jpeg,healthy,dataset/images/train/ID_klOxTC.jpeg,2,amini-cocoa-contamination-dataset,CC BY 4.0,train
ID_JrkYJn.jpg,anthracnose,dataset/images/train/ID_JrkYJn.jpg,1,amini-cocoa-contamination-dataset,CC BY 4.0,train
ID_mmpGrT.jpg,anthracnose,dataset/images/train/ID_mmpGrT.jpg,1,amini-cocoa-contamination-dataset,CC BY 4.0,train
ID_M73Z3Y.jpg,cssvd,dataset/images/train/ID_M73Z3Y.jpg,3,amini-cocoa-contamination-dataset,CC BY 4.0,train
ID_j0Od7f.jpg,healthy,dataset/images/train/ID_j0Od7f.jpg,4,amini-cocoa-contamination-dataset,CC BY 4.0,train
ID_P2qCLW.jpeg,anthracnose,dataset/images/train/ID_P2qCLW.jpeg,1,amini-cocoa-contamination-dataset,CC BY 4.0,train
ID_uymYko.jpeg,anthracnose,dataset/images/train/ID_uymYko.jpeg,1,amini-cocoa-contamination-dataset,CC BY 4.0,train
ID_nVCY01.jpeg,cssvd,dataset/images/train/ID_nVCY01.jpeg,1,amini-cocoa-contamination-dataset,CC BY 4.0,train
ID_C1qjfM.jpg,cssvd,dataset/images/train/ID_C1qjfM.jpg,1,amini-cocoa-contamination-dataset,CC BY 4.0,train
ID_NxnvH1.jpeg,cssvd,dataset/images/train/ID_NxnvH1.jpeg,1,amini-cocoa-contamination-dataset,CC BY 4.0,train
ID_oVySAZ.jpg,cssvd,dataset/images/train/ID_oVySAZ.jpg,1,amini-cocoa-contamination-dataset,CC BY 4.0,train
ID_C5p9sM.jpeg,anthracnose,dataset/images/train/ID_C5p9sM.jpeg,1,amini-cocoa-contamination-dataset,CC BY 4.0,train
ID_XsWh6m.jpeg,healthy,dataset/images/train/ID_XsWh6m.jpeg,1,amini-cocoa-contamination-dataset,CC BY 4.0,train
ID_QYyaBC.jpg,anthracnose,dataset/images/train/ID_QYyaBC.jpg,1,amini-cocoa-contamination-dataset,CC BY 4.0,train
ID_hevsbv.jpeg,healthy,dataset/images/train/ID_hevsbv.jpeg,3,amini-cocoa-contamination-dataset,CC BY 4.0,train
ID_ACAUuY.jpg,healthy,dataset/images/train/ID_ACAUuY.jpg,2,amini-cocoa-contamination-dataset,CC BY 4.0,train
ID_R2AR0B.JPG,healthy,dataset/images/train/ID_R2AR0B.JPG,5,amini-cocoa-contamination-dataset,CC BY 4.0,train
ID_UN8Gil.jpeg,healthy,dataset/images/train/ID_UN8Gil.jpeg,1,amini-cocoa-contamination-dataset,CC BY 4.0,train
ID_VaOlPl.jpg,cssvd,dataset/images/train/ID_VaOlPl.jpg,1,amini-cocoa-contamination-dataset,CC BY 4.0,train
ID_eyJLJH.jpg,cssvd,dataset/images/train/ID_eyJLJH.jpg,2,amini-cocoa-contamination-dataset,CC BY 4.0,train
ID_popAGE.jpg,cssvd,dataset/images/train/ID_popAGE.jpg,1,amini-cocoa-contamination-dataset,CC BY 4.0,train
ID_g3AHY2.JPG,healthy,dataset/images/train/ID_g3AHY2.JPG,1,amini-cocoa-contamination-dataset,CC BY 4.0,train
ID_plAMCl.jpg,cssvd,dataset/images/train/ID_plAMCl.jpg,1,amini-cocoa-contamination-dataset,CC BY 4.0,train
ID_xXIJxP.jpg,healthy,dataset/images/train/ID_xXIJxP.jpg,2,amini-cocoa-contamination-dataset,CC BY 4.0,train
ID_t2iiVS.jpg,healthy,dataset/images/train/ID_t2iiVS.jpg,3,amini-cocoa-contamination-dataset,CC BY 4.0,train
ID_pxdVYq.jpg,cssvd,dataset/images/train/ID_pxdVYq.jpg,1,amini-cocoa-contamination-dataset,CC BY 4.0,train
ID_HDyx6X.jpg,healthy,dataset/images/train/ID_HDyx6X.jpg,7,amini-cocoa-contamination-dataset,CC BY 4.0,train
ID_ZsS2oK.jpg,cssvd,dataset/images/train/ID_ZsS2oK.jpg,2,amini-cocoa-contamination-dataset,CC BY 4.0,train
ID_AGNleG.jpeg,cssvd,dataset/images/train/ID_AGNleG.jpeg,1,amini-cocoa-contamination-dataset,CC BY 4.0,train
ID_R0nLjA.jpg,anthracnose,dataset/images/train/ID_R0nLjA.jpg,2,amini-cocoa-contamination-dataset,CC BY 4.0,train
ID_BHjo4x.jpg,cssvd,dataset/images/train/ID_BHjo4x.jpg,1,amini-cocoa-contamination-dataset,CC BY 4.0,train
ID_Pbo4bf.jpg,cssvd,dataset/images/train/ID_Pbo4bf.jpg,1,amini-cocoa-contamination-dataset,CC BY 4.0,train
ID_AC3jGA.jpeg,healthy,dataset/images/train/ID_AC3jGA.jpeg,2,amini-cocoa-contamination-dataset,CC BY 4.0,train
ID_cfYWAr.JPG,cssvd,dataset/images/train/ID_cfYWAr.JPG,1,amini-cocoa-contamination-dataset,CC BY 4.0,train
ID_RzExke.jpeg,healthy,dataset/images/train/ID_RzExke.jpeg,3,amini-cocoa-contamination-dataset,CC BY 4.0,train
ID_cJcCP4.jpg,cssvd,dataset/images/train/ID_cJcCP4.jpg,1,amini-cocoa-contamination-dataset,CC BY 4.0,train
ID_Gz1PBm.jpeg,anthracnose,dataset/images/train/ID_Gz1PBm.jpeg,1,amini-cocoa-contamination-dataset,CC BY 4.0,train
ID_B05KfJ.jpg,healthy,dataset/images/train/ID_B05KfJ.jpg,2,amini-cocoa-contamination-dataset,CC BY 4.0,train
ID_TERjUu.jpg,anthracnose,dataset/images/train/ID_TERjUu.jpg,2,amini-cocoa-contamination-dataset,CC BY 4.0,train
ID_ovUeNf.jpg,healthy,dataset/images/train/ID_ovUeNf.jpg,1,amini-cocoa-contamination-dataset,CC BY 4.0,train
ID_Ob8A80.jpg,healthy,dataset/images/train/ID_Ob8A80.jpg,2,amini-cocoa-contamination-dataset,CC BY 4.0,train
ID_ZH6V8B.jpg,healthy,dataset/images/train/ID_ZH6V8B.jpg,1,amini-cocoa-contamination-dataset,CC BY 4.0,train
ID_pM9Hv0.jpeg,cssvd,dataset/images/train/ID_pM9Hv0.jpeg,1,amini-cocoa-contamination-dataset,CC BY 4.0,train
ID_LvSERx.jpg,cssvd,dataset/images/train/ID_LvSERx.jpg,1,amini-cocoa-contamination-dataset,CC BY 4.0,train
ID_EKiBSU.jpeg,healthy,dataset/images/train/ID_EKiBSU.jpeg,1,amini-cocoa-contamination-dataset,CC BY 4.0,train
ID_Qw71dX.jpg,cssvd,dataset/images/train/ID_Qw71dX.jpg,1,amini-cocoa-contamination-dataset,CC BY 4.0,train
ID_wuujdJ.jpg,cssvd,dataset/images/train/ID_wuujdJ.jpg,1,amini-cocoa-contamination-dataset,CC BY 4.0,train
ID_bgcklr.jpg,healthy,dataset/images/train/ID_bgcklr.jpg,2,amini-cocoa-contamination-dataset,CC BY 4.0,train
ID_wQh5yo.jpg,healthy,dataset/images/train/ID_wQh5yo.jpg,2,amini-cocoa-contamination-dataset,CC BY 4.0,train
ID_RmGItG.jpg,healthy,dataset/images/train/ID_RmGItG.jpg,2,amini-cocoa-contamination-dataset,CC BY 4.0,train
ID_n6lQES.jpg,cssvd,dataset/images/train/ID_n6lQES.jpg,1,amini-cocoa-contamination-dataset,CC BY 4.0,train
ID_aYoINI.jpg,anthracnose,dataset/images/train/ID_aYoINI.jpg,4,amini-cocoa-contamination-dataset,CC BY 4.0,train
ID_ewRzik.jpeg,anthracnose,dataset/images/train/ID_ewRzik.jpeg,1,amini-cocoa-contamination-dataset,CC BY 4.0,train
ID_G9zF3H.jpg,anthracnose,dataset/images/train/ID_G9zF3H.jpg,1,amini-cocoa-contamination-dataset,CC BY 4.0,train
ID_qKxdD2.jpeg,healthy,dataset/images/train/ID_qKxdD2.jpeg,3,amini-cocoa-contamination-dataset,CC BY 4.0,train
ID_avpO2M.jpeg,healthy,dataset/images/train/ID_avpO2M.jpeg,3,amini-cocoa-contamination-dataset,CC BY 4.0,train
ID_JMoK2t.jpeg,healthy,dataset/images/train/ID_JMoK2t.jpeg,1,amini-cocoa-contamination-dataset,CC BY 4.0,train
ID_H7P0Vg.JPG,anthracnose,dataset/images/train/ID_H7P0Vg.JPG,1,amini-cocoa-contamination-dataset,CC BY 4.0,train
ID_jOqHqy.jpg,anthracnose,dataset/images/train/ID_jOqHqy.jpg,1,amini-cocoa-contamination-dataset,CC BY 4.0,train
ID_lDvytX.jpg,anthracnose,dataset/images/train/ID_lDvytX.jpg,1,amini-cocoa-contamination-dataset,CC BY 4.0,train
ID_yEtiH0.jpg,cssvd,dataset/images/train/ID_yEtiH0.jpg,1,amini-cocoa-contamination-dataset,CC BY 4.0,train
ID_PkcqOh.jpg,anthracnose,dataset/images/train/ID_PkcqOh.jpg,1,amini-cocoa-contamination-dataset,CC BY 4.0,train
ID_Nk4BEa.JPG,cssvd,dataset/images/train/ID_Nk4BEa.JPG,1,amini-cocoa-contamination-dataset,CC BY 4.0,train
ID_qGOJG4.jpg,anthracnose,dataset/images/train/ID_qGOJG4.jpg,1,amini-cocoa-contamination-dataset,CC BY 4.0,train
ID_h9HvZU.jpg,anthracnose,dataset/images/train/ID_h9HvZU.jpg,1,amini-cocoa-contamination-dataset,CC BY 4.0,train
ID_U2iecI.jpg,anthracnose,dataset/images/train/ID_U2iecI.jpg,1,amini-cocoa-contamination-dataset,CC BY 4.0,train
ID_ZTUd1A.jpg,cssvd,dataset/images/train/ID_ZTUd1A.jpg,2,amini-cocoa-contamination-dataset,CC BY 4.0,train
ID_Q0OwpE.jpg,anthracnose,dataset/images/train/ID_Q0OwpE.jpg,1,amini-cocoa-contamination-dataset,CC BY 4.0,train
ID_zZw9ct.jpg,cssvd,dataset/images/train/ID_zZw9ct.jpg,1,amini-cocoa-contamination-dataset,CC BY 4.0,train
ID_VPbrAn.jpg,cssvd,dataset/images/train/ID_VPbrAn.jpg,1,amini-cocoa-contamination-dataset,CC BY 4.0,train
ID_lUmiUr.jpg,anthracnose,dataset/images/train/ID_lUmiUr.jpg,1,amini-cocoa-contamination-dataset,CC BY 4.0,train
ID_nBgcAR.jpg,healthy,dataset/images/train/ID_nBgcAR.jpg,3,amini-cocoa-contamination-dataset,CC BY 4.0,train
ID_k3adc3.jpeg,anthracnose,dataset/images/train/ID_k3adc3.jpeg,1,amini-cocoa-contamination-dataset,CC BY 4.0,train
ID_TgWLRl.jpeg,cssvd,dataset/images/train/ID_TgWLRl.jpeg,1,amini-cocoa-contamination-dataset,CC BY 4.0,train
ID_jD5iK9.jpg,cssvd,dataset/images/train/ID_jD5iK9.jpg,1,amini-cocoa-contamination-dataset,CC BY 4.0,train
ID_mm691w.jpg,healthy,dataset/images/train/ID_mm691w.jpg,2,amini-cocoa-contamination-dataset,CC BY 4.0,train
ID_b5TkJ3.jpg,cssvd,dataset/images/train/ID_b5TkJ3.jpg,1,amini-cocoa-contamination-dataset,CC BY 4.0,train
ID_yVRQbn.jpg,anthracnose,dataset/images/train/ID_yVRQbn.jpg,2,amini-cocoa-contamination-dataset,CC BY 4.0,train
ID_mAVwLx.jpeg,anthracnose,dataset/images/train/ID_mAVwLx.jpeg,1,amini-cocoa-contamination-dataset,CC BY 4.0,train
ID_Hzna68.jpg,healthy,dataset/images/train/ID_Hzna68.jpg,6,amini-cocoa-contamination-dataset,CC BY 4.0,train
ID_ClKPIL.jpg,anthracnose,dataset/images/train/ID_ClKPIL.jpg,1,amini-cocoa-contamination-dataset,CC BY 4.0,train
ID_U6G7jH.jpg,healthy,dataset/images/train/ID_U6G7jH.jpg,6,amini-cocoa-contamination-dataset,CC BY 4.0,train
ID_NAQeao.jpeg,healthy,dataset/images/train/ID_NAQeao.jpeg,2,amini-cocoa-contamination-dataset,CC BY 4.0,train
ID_Ct9Mtq.jpg,anthracnose,dataset/images/train/ID_Ct9Mtq.jpg,1,amini-cocoa-contamination-dataset,CC BY 4.0,train
ID_nG4Cip.jpeg,healthy,dataset/images/train/ID_nG4Cip.jpeg,2,amini-cocoa-contamination-dataset,CC BY 4.0,train
ID_J0Sc5B.jpg,anthracnose,dataset/images/train/ID_J0Sc5B.jpg,1,amini-cocoa-contamination-dataset,CC BY 4.0,train
ID_z3TNkh.jpg,cssvd,dataset/images/train/ID_z3TNkh.jpg,3,amini-cocoa-contamination-dataset,CC BY 4.0,train
ID_wOx10U.JPG,cssvd,dataset/images/train/ID_wOx10U.JPG,1,amini-cocoa-contamination-dataset,CC BY 4.0,train
ID_j4GyS0.jpg,cssvd,dataset/images/train/ID_j4GyS0.jpg,1,amini-cocoa-contamination-dataset,CC BY 4.0,train
ID_mywFCS.jpg,anthracnose,dataset/images/train/ID_mywFCS.jpg,1,amini-cocoa-contamination-dataset,CC BY 4.0,train
ID_Tv11N2.jpg,cssvd,dataset/images/train/ID_Tv11N2.jpg,1,amini-cocoa-contamination-dataset,CC BY 4.0,train
ID_h4mluN.jpg,healthy,dataset/images/train/ID_h4mluN.jpg,4,amini-cocoa-contamination-dataset,CC BY 4.0,train
ID_U4VC97.jpg,cssvd,dataset/images/train/ID_U4VC97.jpg,1,amini-cocoa-contamination-dataset,CC BY 4.0,train
ID_ZluiKM.jpg,anthracnose,dataset/images/train/ID_ZluiKM.jpg,4,amini-cocoa-contamination-dataset,CC BY 4.0,train
ID_VAorBv.jpeg,cssvd,dataset/images/train/ID_VAorBv.jpeg,1,amini-cocoa-contamination-dataset,CC BY 4.0,train
ID_sLJDs6.jpeg,anthracnose,dataset/images/train/ID_sLJDs6.jpeg,1,amini-cocoa-contamination-dataset,CC BY 4.0,train
ID_ZqXo1Z.jpg,healthy,dataset/images/train/ID_ZqXo1Z.jpg,3,amini-cocoa-contamination-dataset,CC BY 4.0,train
ID_LTHG5W.jpg,healthy,dataset/images/train/ID_LTHG5W.jpg,3,amini-cocoa-contamination-dataset,CC BY 4.0,train
ID_lsWp6v.jpeg,healthy,dataset/images/train/ID_lsWp6v.jpeg,3,amini-cocoa-contamination-dataset,CC BY 4.0,train
ID_aWOmeA.jpg,healthy,dataset/images/train/ID_aWOmeA.jpg,2,amini-cocoa-contamination-dataset,CC BY 4.0,train
ID_xucNwd.jpg,healthy,dataset/images/train/ID_xucNwd.jpg,6,amini-cocoa-contamination-dataset,CC BY 4.0,train
ID_YQ53h4.JPG,cssvd,dataset/images/train/ID_YQ53h4.JPG,2,amini-cocoa-contamination-dataset,CC BY 4.0,train
ID_g68YMI.jpg,cssvd,dataset/images/train/ID_g68YMI.jpg,1,amini-cocoa-contamination-dataset,CC BY 4.0,train
ID_XtNpba.jpeg,cssvd,dataset/images/train/ID_XtNpba.jpeg,2,amini-cocoa-contamination-dataset,CC BY 4.0,train
ID_XlTMvK.jpg,cssvd,dataset/images/train/ID_XlTMvK.jpg,1,amini-cocoa-contamination-dataset,CC BY 4.0,train
ID_YK5iEJ.jpg,cssvd,dataset/images/train/ID_YK5iEJ.jpg,1,amini-cocoa-contamination-dataset,CC BY 4.0,train
ID_iN2Vmm.jpg,anthracnose,dataset/images/train/ID_iN2Vmm.jpg,1,amini-cocoa-contamination-dataset,CC BY 4.0,train
ID_IW3wwZ.jpg,cssvd,dataset/images/train/ID_IW3wwZ.jpg,1,amini-cocoa-contamination-dataset,CC BY 4.0,train
ID_Rktsmq.jpg,cssvd,dataset/images/train/ID_Rktsmq.jpg,1,amini-cocoa-contamination-dataset,CC BY 4.0,train
ID_x8jr7L.jpg,healthy,dataset/images/train/ID_x8jr7L.jpg,6,amini-cocoa-contamination-dataset,CC BY 4.0,train
ID_M08gc4.jpeg,healthy,dataset/images/train/ID_M08gc4.jpeg,4,amini-cocoa-contamination-dataset,CC BY 4.0,train
ID_YfXJgN.jpg,healthy,dataset/images/train/ID_YfXJgN.jpg,3,amini-cocoa-contamination-dataset,CC BY 4.0,train
ID_r81CoH.jpg,healthy,dataset/images/train/ID_r81CoH.jpg,3,amini-cocoa-contamination-dataset,CC BY 4.0,train
ID_qowhff.jpeg,cssvd,dataset/images/train/ID_qowhff.jpeg,3,amini-cocoa-contamination-dataset,CC BY 4.0,train
ID_rdAv0l.jpeg,anthracnose,dataset/images/train/ID_rdAv0l.jpeg,1,amini-cocoa-contamination-dataset,CC BY 4.0,train
ID_mnVUsR.jpg,cssvd,dataset/images/train/ID_mnVUsR.jpg,1,amini-cocoa-contamination-dataset,CC BY 4.0,train
ID_pjCQmj.jpg,cssvd,dataset/images/train/ID_pjCQmj.jpg,1,amini-cocoa-contamination-dataset,CC BY 4.0,train
ID_ByVKsL.jpg,cssvd,dataset/images/train/ID_ByVKsL.jpg,1,amini-cocoa-contamination-dataset,CC BY 4.0,train
ID_OXuUNh.jpg,anthracnose,dataset/images/train/ID_OXuUNh.jpg,1,amini-cocoa-contamination-dataset,CC BY 4.0,train
ID_gFROT1.jpg,healthy,dataset/images/train/ID_gFROT1.jpg,1,amini-cocoa-contamination-dataset,CC BY 4.0,train
ID_d8NSE6.jpg,cssvd,dataset/images/train/ID_d8NSE6.jpg,1,amini-cocoa-contamination-dataset,CC BY 4.0,train
ID_yldom7.jpg,cssvd,dataset/images/train/ID_yldom7.jpg,1,amini-cocoa-contamination-dataset,CC BY 4.0,train
ID_GyfJuh.jpg,healthy,dataset/images/train/ID_GyfJuh.jpg,1,amini-cocoa-contamination-dataset,CC BY 4.0,train
ID_Cac29N.jpg,cssvd,dataset/images/train/ID_Cac29N.jpg,1,amini-cocoa-contamination-dataset,CC BY 4.0,train
ID_KBWT8I.jpg,healthy,dataset/images/train/ID_KBWT8I.jpg,3,amini-cocoa-contamination-dataset,CC BY 4.0,train
ID_qRNpwJ.jpg,cssvd,dataset/images/train/ID_qRNpwJ.jpg,2,amini-cocoa-contamination-dataset,CC BY 4.0,train
ID_NmQ3FY.jpeg,cssvd,dataset/images/train/ID_NmQ3FY.jpeg,2,amini-cocoa-contamination-dataset,CC BY 4.0,train
ID_NmYqu6.jpg,anthracnose,dataset/images/train/ID_NmYqu6.jpg,2,amini-cocoa-contamination-dataset,CC BY 4.0,train
ID_JBLp2P.jpg,anthracnose,dataset/images/train/ID_JBLp2P.jpg,2,amini-cocoa-contamination-dataset,CC BY 4.0,train
ID_SVA8UT.jpg,cssvd,dataset/images/train/ID_SVA8UT.jpg,1,amini-cocoa-contamination-dataset,CC BY 4.0,train
ID_uTB3hB.jpg,anthracnose,dataset/images/train/ID_uTB3hB.jpg,2,amini-cocoa-contamination-dataset,CC BY 4.0,train
ID_Qjumv2.jpg,healthy,dataset/images/train/ID_Qjumv2.jpg,4,amini-cocoa-contamination-dataset,CC BY 4.0,train
ID_dae7zj.jpeg,anthracnose,dataset/images/train/ID_dae7zj.jpeg,1,amini-cocoa-contamination-dataset,CC BY 4.0,train
ID_olKsqA.jpg,cssvd,dataset/images/train/ID_olKsqA.jpg,1,amini-cocoa-contamination-dataset,CC BY 4.0,train
ID_jDuFS1.jpg,cssvd,dataset/images/train/ID_jDuFS1.jpg,1,amini-cocoa-contamination-dataset,CC BY 4.0,train
ID_EslBoy.jpg,anthracnose,dataset/images/train/ID_EslBoy.jpg,1,amini-cocoa-contamination-dataset,CC BY 4.0,train
ID_xFalb9.jpg,anthracnose,dataset/images/train/ID_xFalb9.jpg,1,amini-cocoa-contamination-dataset,CC BY 4.0,train
ID_Pqz21a.jpg,cssvd,dataset/images/train/ID_Pqz21a.jpg,3,amini-cocoa-contamination-dataset,CC BY 4.0,train
ID_Gmib5l.jpeg,cssvd,dataset/images/train/ID_Gmib5l.jpeg,1,amini-cocoa-contamination-dataset,CC BY 4.0,train
ID_NZvd2R.jpeg,anthracnose,dataset/images/train/ID_NZvd2R.jpeg,1,amini-cocoa-contamination-dataset,CC BY 4.0,train
ID_Qa0DYk.jpeg,cssvd,dataset/images/train/ID_Qa0DYk.jpeg,1,amini-cocoa-contamination-dataset,CC BY 4.0,train
ID_YvRmFY.jpeg,anthracnose,dataset/images/train/ID_YvRmFY.jpeg,3,amini-cocoa-contamination-dataset,CC BY 4.0,train
ID_VuHjwB.jpeg,anthracnose,dataset/images/train/ID_VuHjwB.jpeg,1,amini-cocoa-contamination-dataset,CC BY 4.0,train
ID_iXCKHh.jpg,healthy,dataset/images/train/ID_iXCKHh.jpg,3,amini-cocoa-contamination-dataset,CC BY 4.0,train
ID_CeP9tC.jpg,anthracnose,dataset/images/train/ID_CeP9tC.jpg,3,amini-cocoa-contamination-dataset,CC BY 4.0,train
ID_UuSxM7.jpeg,anthracnose,dataset/images/train/ID_UuSxM7.jpeg,1,amini-cocoa-contamination-dataset,CC BY 4.0,train
ID_eepQNl.jpg,healthy,dataset/images/train/ID_eepQNl.jpg,3,amini-cocoa-contamination-dataset,CC BY 4.0,train
ID_znDE9u.jpeg,healthy,dataset/images/train/ID_znDE9u.jpeg,3,amini-cocoa-contamination-dataset,CC BY 4.0,train
ID_SaRgpG.jpeg,healthy,dataset/images/train/ID_SaRgpG.jpeg,1,amini-cocoa-contamination-dataset,CC BY 4.0,train
ID_PMOFeM.jpg,cssvd,dataset/images/train/ID_PMOFeM.jpg,1,amini-cocoa-contamination-dataset,CC BY 4.0,train
ID_HkNi7d.jpg,healthy,dataset/images/train/ID_HkNi7d.jpg,6,amini-cocoa-contamination-dataset,CC BY 4.0,train
ID_pHkvq4.jpg,cssvd,dataset/images/train/ID_pHkvq4.jpg,1,amini-cocoa-contamination-dataset,CC BY 4.0,train
ID_TDypqM.jpg,healthy,dataset/images/train/ID_TDypqM.jpg,1,amini-cocoa-contamination-dataset,CC BY 4.0,train
ID_CZvmQU.jpeg,healthy,dataset/images/train/ID_CZvmQU.jpeg,3,amini-cocoa-contamination-dataset,CC BY 4.0,train
ID_EaRBWS.jpg,healthy,dataset/images/train/ID_EaRBWS.jpg,1,amini-cocoa-contamination-dataset,CC BY 4.0,train
ID_qOEAFU.jpeg,healthy,dataset/images/train/ID_qOEAFU.jpeg,1,amini-cocoa-contamination-dataset,CC BY 4.0,train
ID_p6LcR1.jpeg,anthracnose,dataset/images/train/ID_p6LcR1.jpeg,1,amini-cocoa-contamination-dataset,CC BY 4.0,train
ID_jGwK2M.JPG,anthracnose,dataset/images/train/ID_jGwK2M.JPG,1,amini-cocoa-contamination-dataset,CC BY 4.0,train
ID_z4dUYh.jpeg,cssvd,dataset/images/train/ID_z4dUYh.jpeg,1,amini-cocoa-contamination-dataset,CC BY 4.0,train
ID_YxAvPF.jpeg,healthy,dataset/images/train/ID_YxAvPF.jpeg,1,amini-cocoa-contamination-dataset,CC BY 4.0,train
ID_BpZ90x.jpg,anthracnose,dataset/images/train/ID_BpZ90x.jpg,1,amini-cocoa-contamination-dataset,CC BY 4.0,train
ID_LkW652.jpeg,cssvd,dataset/images/train/ID_LkW652.jpeg,1,amini-cocoa-contamination-dataset,CC BY 4.0,train
ID_bBOKnr.jpeg,anthracnose,dataset/images/train/ID_bBOKnr.jpeg,1,amini-cocoa-contamination-dataset,CC BY 4.0,train
ID_sxQUrw.jpg,healthy,dataset/images/train/ID_sxQUrw.jpg,1,amini-cocoa-contamination-dataset,CC BY 4.0,train
ID_dUrLhB.jpeg,healthy,dataset/images/train/ID_dUrLhB.jpeg,3,amini-cocoa-contamination-dataset,CC BY 4.0,train
ID_qSqlV9.jpg,healthy,dataset/images/train/ID_qSqlV9.jpg,4,amini-cocoa-contamination-dataset,CC BY 4.0,train
ID_dZWfWh.jpg,cssvd,dataset/images/train/ID_dZWfWh.jpg,2,amini-cocoa-contamination-dataset,CC BY 4.0,train
ID_vCeMxg.jpeg,healthy,dataset/images/train/ID_vCeMxg.jpeg,1,amini-cocoa-contamination-dataset,CC BY 4.0,train
ID_lrDFdN.jpeg,anthracnose,dataset/images/train/ID_lrDFdN.jpeg,1,amini-cocoa-contamination-dataset,CC BY 4.0,train
ID_srIfFF.jpeg,cssvd,dataset/images/train/ID_srIfFF.jpeg,3,amini-cocoa-contamination-dataset,CC BY 4.0,train
ID_y1de7R.jpeg,cssvd,dataset/images/train/ID_y1de7R.jpeg,1,amini-cocoa-contamination-dataset,CC BY 4.0,train
ID_oRSUVJ.jpg,anthracnose,dataset/images/train/ID_oRSUVJ.jpg,1,amini-cocoa-contamination-dataset,CC BY 4.0,train
ID_L8n3QS.jpeg,anthracnose,dataset/images/train/ID_L8n3QS.jpeg,1,amini-cocoa-contamination-dataset,CC BY 4.0,train
ID_UjkxXW.jpg,anthracnose,dataset/images/train/ID_UjkxXW.jpg,1,amini-cocoa-contamination-dataset,CC BY 4.0,train
ID_jgv65i.jpg,healthy,dataset/images/train/ID_jgv65i.jpg,2,amini-cocoa-contamination-dataset,CC BY 4.0,train
ID_YnQRTA.jpg,anthracnose,dataset/images/train/ID_YnQRTA.jpg,1,amini-cocoa-contamination-dataset,CC BY 4.0,train
ID_q73v17.jpg,cssvd,dataset/images/train/ID_q73v17.jpg,2,amini-cocoa-contamination-dataset,CC BY 4.0,train
ID_GgzssW.jpg,anthracnose,dataset/images/train/ID_GgzssW.jpg,1,amini-cocoa-contamination-dataset,CC BY 4.0,train
ID_OLFmTD.jpg,healthy,dataset/images/train/ID_OLFmTD.jpg,3,amini-cocoa-contamination-dataset,CC BY 4.0,train
ID_rsyKom.JPG,healthy,dataset/images/train/ID_rsyKom.JPG,6,amini-cocoa-contamination-dataset,CC BY 4.0,train
ID_TeY9Rz.jpeg,anthracnose,dataset/images/train/ID_TeY9Rz.jpeg,1,amini-cocoa-contamination-dataset,CC BY 4.0,train
ID_B6T938.jpg,cssvd,dataset/images/train/ID_B6T938.jpg,2,amini-cocoa-contamination-dataset,CC BY 4.0,train
ID_FBzAxh.jpeg,anthracnose,dataset/images/train/ID_FBzAxh.jpeg,1,amini-cocoa-contamination-dataset,CC BY 4.0,train
ID_A4KXll.jpg,healthy,dataset/images/train/ID_A4KXll.jpg,1,amini-cocoa-contamination-dataset,CC BY 4.0,train
ID_QG8q6N.jpg,healthy,dataset/images/train/ID_QG8q6N.jpg,1,amini-cocoa-contamination-dataset,CC BY 4.0,train
ID_CTvrvb.jpg,cssvd,dataset/images/train/ID_CTvrvb.jpg,1,amini-cocoa-contamination-dataset,CC BY 4.0,train
ID_a8kYPa.jpeg,anthracnose,dataset/images/train/ID_a8kYPa.jpeg,1,amini-cocoa-contamination-dataset,CC BY 4.0,train
ID_ZOB3Kb.jpeg,anthracnose,dataset/images/train/ID_ZOB3Kb.jpeg,1,amini-cocoa-contamination-dataset,CC BY 4.0,train
ID_gUSAZI.jpg,cssvd,dataset/images/train/ID_gUSAZI.jpg,1,amini-cocoa-contamination-dataset,CC BY 4.0,train
ID_OG9k0H.jpg,cssvd,dataset/images/train/ID_OG9k0H.jpg,1,amini-cocoa-contamination-dataset,CC BY 4.0,train
ID_RJ1oEd.jpeg,healthy,dataset/images/train/ID_RJ1oEd.jpeg,1,amini-cocoa-contamination-dataset,CC BY 4.0,train
ID_yP9OXL.JPG,healthy,dataset/images/train/ID_yP9OXL.JPG,2,amini-cocoa-contamination-dataset,CC BY 4.0,train
ID_F0osyv.jpeg,healthy,dataset/images/train/ID_F0osyv.jpeg,1,amini-cocoa-contamination-dataset,CC BY 4.0,train
ID_KxHwli.jpg,anthracnose,dataset/images/train/ID_KxHwli.jpg,1,amini-cocoa-contamination-dataset,CC BY 4.0,train
ID_cSjUUp.jpg,cssvd,dataset/images/train/ID_cSjUUp.jpg,2,amini-cocoa-contamination-dataset,CC BY 4.0,train
ID_MhuKki.jpeg,anthracnose,dataset/images/train/ID_MhuKki.jpeg,1,amini-cocoa-contamination-dataset,CC BY 4.0,train
ID_Nvc7uC.jpeg,cssvd,dataset/images/train/ID_Nvc7uC.jpeg,1,amini-cocoa-contamination-dataset,CC BY 4.0,train
ID_dEeDGZ.jpg,cssvd,dataset/images/train/ID_dEeDGZ.jpg,1,amini-cocoa-contamination-dataset,CC BY 4.0,train
ID_g0PoJQ.jpg,anthracnose,dataset/images/train/ID_g0PoJQ.jpg,3,amini-cocoa-contamination-dataset,CC BY 4.0,train
ID_O4dd22.jpg,healthy,dataset/images/train/ID_O4dd22.jpg,5,amini-cocoa-contamination-dataset,CC BY 4.0,train
ID_kI50ko.jpeg,healthy,dataset/images/train/ID_kI50ko.jpeg,2,amini-cocoa-contamination-dataset,CC BY 4.0,train
ID_tALNed.jpeg,anthracnose,dataset/images/train/ID_tALNed.jpeg,1,amini-cocoa-contamination-dataset,CC BY 4.0,train
ID_ZUXJXI.jpg,cssvd,dataset/images/train/ID_ZUXJXI.jpg,1,amini-cocoa-contamination-dataset,CC BY 4.0,train
ID_Q6lF84.jpeg,healthy,dataset/images/train/ID_Q6lF84.jpeg,2,amini-cocoa-contamination-dataset,CC BY 4.0,train
ID_WTWxGk.jpg,healthy,dataset/images/train/ID_WTWxGk.jpg,4,amini-cocoa-contamination-dataset,CC BY 4.0,train
ID_IacCI8.jpeg,anthracnose,dataset/images/train/ID_IacCI8.jpeg,1,amini-cocoa-contamination-dataset,CC BY 4.0,train
ID_nO12VI.jpg,cssvd,dataset/images/train/ID_nO12VI.jpg,1,amini-cocoa-contamination-dataset,CC BY 4.0,train
ID_GGNMGd.jpg,cssvd,dataset/images/train/ID_GGNMGd.jpg,1,amini-cocoa-contamination-dataset,CC BY 4.0,train
ID_SCg5VZ.jpg,cssvd,dataset/images/train/ID_SCg5VZ.jpg,1,amini-cocoa-contamination-dataset,CC BY 4.0,train
ID_DGruZw.jpg,healthy,dataset/images/train/ID_DGruZw.jpg,1,amini-cocoa-contamination-dataset,CC BY 4.0,train
ID_AdO3kx.jpg,cssvd,dataset/images/train/ID_AdO3kx.jpg,2,amini-cocoa-contamination-dataset,CC BY 4.0,train
ID_dfvVln.jpeg,healthy,dataset/images/train/ID_dfvVln.jpeg,2,amini-cocoa-contamination-dataset,CC BY 4.0,train
ID_hLuprx.jpg,cssvd,dataset/images/train/ID_hLuprx.jpg,1,amini-cocoa-contamination-dataset,CC BY 4.0,train
ID_Mvu1aq.jpg,healthy,dataset/images/train/ID_Mvu1aq.jpg,2,amini-cocoa-contamination-dataset,CC BY 4.0,train
ID_ayQOfk.JPG,healthy,dataset/images/train/ID_ayQOfk.JPG,3,amini-cocoa-contamination-dataset,CC BY 4.0,train
ID_Wk86Bc.jpg,cssvd,dataset/images/train/ID_Wk86Bc.jpg,1,amini-cocoa-contamination-dataset,CC BY 4.0,train
ID_Cs62jn.jpeg,anthracnose,dataset/images/train/ID_Cs62jn.jpeg,1,amini-cocoa-contamination-dataset,CC BY 4.0,train
ID_LR9cgq.jpg,cssvd,dataset/images/train/ID_LR9cgq.jpg,2,amini-cocoa-contamination-dataset,CC BY 4.0,train
ID_Ve6o2k.jpg,anthracnose,dataset/images/train/ID_Ve6o2k.jpg,1,amini-cocoa-contamination-dataset,CC BY 4.0,train
ID_KI08qR.jpg,cssvd,dataset/images/train/ID_KI08qR.jpg,1,amini-cocoa-contamination-dataset,CC BY 4.0,train
ID_bt2MjY.jpg,healthy,dataset/images/train/ID_bt2MjY.jpg,5,amini-cocoa-contamination-dataset,CC BY 4.0,train
ID_gJfSc6.jpg,healthy,dataset/images/train/ID_gJfSc6.jpg,4,amini-cocoa-contamination-dataset,CC BY 4.0,train
ID_qBe8WO.jpeg,cssvd,dataset/images/train/ID_qBe8WO.jpeg,1,amini-cocoa-contamination-dataset,CC BY 4.0,train
ID_gaTDSS.jpg,cssvd,dataset/images/train/ID_gaTDSS.jpg,1,amini-cocoa-contamination-dataset,CC BY 4.0,train
ID_Q3FVig.jpg,cssvd,dataset/images/train/ID_Q3FVig.jpg,1,amini-cocoa-contamination-dataset,CC BY 4.0,train
ID_Y0x097.jpg,cssvd,dataset/images/train/ID_Y0x097.jpg,5,amini-cocoa-contamination-dataset,CC BY 4.0,train
ID_onNw3P.jpeg,cssvd,dataset/images/train/ID_onNw3P.jpeg,1,amini-cocoa-contamination-dataset,CC BY 4.0,train
ID_AtXuet.jpeg,healthy,dataset/images/train/ID_AtXuet.jpeg,1,amini-cocoa-contamination-dataset,CC BY 4.0,train
ID_C9tBF7.jpg,cssvd,dataset/images/train/ID_C9tBF7.jpg,1,amini-cocoa-contamination-dataset,CC BY 4.0,train
ID_uuG3yt.JPG,healthy,dataset/images/train/ID_uuG3yt.JPG,4,amini-cocoa-contamination-dataset,CC BY 4.0,train
ID_Oc93eJ.jpg,anthracnose,dataset/images/train/ID_Oc93eJ.jpg,2,amini-cocoa-contamination-dataset,CC BY 4.0,train
ID_BDJq2b.jpg,cssvd,dataset/images/train/ID_BDJq2b.jpg,2,amini-cocoa-contamination-dataset,CC BY 4.0,train
ID_vvvezt.jpg,healthy,dataset/images/train/ID_vvvezt.jpg,2,amini-cocoa-contamination-dataset,CC BY 4.0,train
ID_GpSiU2.jpg,healthy,dataset/images/train/ID_GpSiU2.jpg,3,amini-cocoa-contamination-dataset,CC BY 4.0,train
ID_KVftp1.jpeg,cssvd,dataset/images/train/ID_KVftp1.jpeg,1,amini-cocoa-contamination-dataset,CC BY 4.0,train
ID_pZz131.jpeg,healthy,dataset/images/train/ID_pZz131.jpeg,3,amini-cocoa-contamination-dataset,CC BY 4.0,train
ID_HlmxHp.jpg,anthracnose,dataset/images/train/ID_HlmxHp.jpg,1,amini-cocoa-contamination-dataset,CC BY 4.0,train
ID_XSbpT8.jpeg,cssvd,dataset/images/train/ID_XSbpT8.jpeg,2,amini-cocoa-contamination-dataset,CC BY 4.0,train
ID_tLQKlj.jpg,anthracnose,dataset/images/train/ID_tLQKlj.jpg,1,amini-cocoa-contamination-dataset,CC BY 4.0,train
ID_FKqBbf.jpeg,cssvd,dataset/images/train/ID_FKqBbf.jpeg,1,amini-cocoa-contamination-dataset,CC BY 4.0,train
ID_hfNMZp.jpeg,healthy,dataset/images/train/ID_hfNMZp.jpeg,2,amini-cocoa-contamination-dataset,CC BY 4.0,train
ID_WB25bW.jpeg,cssvd,dataset/images/train/ID_WB25bW.jpeg,1,amini-cocoa-contamination-dataset,CC BY 4.0,train
ID_XMVa4t.jpeg,healthy,dataset/images/train/ID_XMVa4t.jpeg,1,amini-cocoa-contamination-dataset,CC BY 4.0,train
ID_tSvgMA.jpg,cssvd,dataset/images/train/ID_tSvgMA.jpg,1,amini-cocoa-contamination-dataset,CC BY 4.0,train
ID_nrd5GS.jpg,healthy,dataset/images/train/ID_nrd5GS.jpg,4,amini-cocoa-contamination-dataset,CC BY 4.0,train
ID_oKLP7D.jpg,healthy,dataset/images/train/ID_oKLP7D.jpg,1,amini-cocoa-contamination-dataset,CC BY 4.0,train
ID_sfZO3c.jpg,anthracnose,dataset/images/train/ID_sfZO3c.jpg,5,amini-cocoa-contamination-dataset,CC BY 4.0,train
ID_v1TdtY.jpg,cssvd,dataset/images/train/ID_v1TdtY.jpg,1,amini-cocoa-contamination-dataset,CC BY 4.0,train
ID_aAs6bn.jpg,healthy,dataset/images/train/ID_aAs6bn.jpg,3,amini-cocoa-contamination-dataset,CC BY 4.0,train
ID_vnaVZA.jpg,healthy,dataset/images/train/ID_vnaVZA.jpg,4,amini-cocoa-contamination-dataset,CC BY 4.0,train
ID_EGdAT4.jpg,anthracnose,dataset/images/train/ID_EGdAT4.jpg,1,amini-cocoa-contamination-dataset,CC BY 4.0,train
ID_WhqRj0.jpeg,anthracnose,dataset/images/train/ID_WhqRj0.jpeg,1,amini-cocoa-contamination-dataset,CC BY 4.0,train
ID_oHTb26.jpg,cssvd,dataset/images/train/ID_oHTb26.jpg,1,amini-cocoa-contamination-dataset,CC BY 4.0,train
ID_lRt25q.jpg,cssvd,dataset/images/train/ID_lRt25q.jpg,1,amini-cocoa-contamination-dataset,CC BY 4.0,train
ID_lXR0ZO.jpg,anthracnose,dataset/images/train/ID_lXR0ZO.jpg,1,amini-cocoa-contamination-dataset,CC BY 4.0,train
ID_lEt4lE.jpg,cssvd,dataset/images/train/ID_lEt4lE.jpg,2,amini-cocoa-contamination-dataset,CC BY 4.0,train
ID_QQJWio.jpg,anthracnose,dataset/images/train/ID_QQJWio.jpg,2,amini-cocoa-contamination-dataset,CC BY 4.0,train
ID_ZZR0x2.jpg,cssvd,dataset/images/train/ID_ZZR0x2.jpg,2,amini-cocoa-contamination-dataset,CC BY 4.0,train
ID_IUuhgg.jpg,healthy,dataset/images/train/ID_IUuhgg.jpg,3,amini-cocoa-contamination-dataset,CC BY 4.0,train
ID_RBDmen.jpg,anthracnose,dataset/images/train/ID_RBDmen.jpg,1,amini-cocoa-contamination-dataset,CC BY 4.0,train
ID_qZ9GYP.jpg,cssvd,dataset/images/train/ID_qZ9GYP.jpg,1,amini-cocoa-contamination-dataset,CC BY 4.0,train
ID_BFveJq.jpeg,anthracnose,dataset/images/train/ID_BFveJq.jpeg,1,amini-cocoa-contamination-dataset,CC BY 4.0,train
ID_nMwGli.jpg,healthy,dataset/images/train/ID_nMwGli.jpg,4,amini-cocoa-contamination-dataset,CC BY 4.0,train
ID_brUxg7.JPG,healthy,dataset/images/train/ID_brUxg7.JPG,3,amini-cocoa-contamination-dataset,CC BY 4.0,train
ID_AZedrD.jpg,cssvd,dataset/images/train/ID_AZedrD.jpg,1,amini-cocoa-contamination-dataset,CC BY 4.0,train
ID_Fdjp17.jpg,cssvd,dataset/images/train/ID_Fdjp17.jpg,1,amini-cocoa-contamination-dataset,CC BY 4.0,train
ID_Swu61h.JPG,healthy,dataset/images/train/ID_Swu61h.JPG,2,amini-cocoa-contamination-dataset,CC BY 4.0,train
ID_rBq94K.jpg,cssvd,dataset/images/train/ID_rBq94K.jpg,1,amini-cocoa-contamination-dataset,CC BY 4.0,train
ID_W0g4l8.jpeg,healthy,dataset/images/train/ID_W0g4l8.jpeg,1,amini-cocoa-contamination-dataset,CC BY 4.0,train
ID_qG9HVh.jpg,anthracnose,dataset/images/train/ID_qG9HVh.jpg,1,amini-cocoa-contamination-dataset,CC BY 4.0,train
ID_wlFIzc.jpg,healthy,dataset/images/train/ID_wlFIzc.jpg,3,amini-cocoa-contamination-dataset,CC BY 4.0,train
ID_iWBfhy.jpg,anthracnose,dataset/images/train/ID_iWBfhy.jpg,1,amini-cocoa-contamination-dataset,CC BY 4.0,train
ID_OSL1rX.jpg,anthracnose,dataset/images/train/ID_OSL1rX.jpg,1,amini-cocoa-contamination-dataset,CC BY 4.0,train
ID_WLg2zq.jpg,cssvd,dataset/images/train/ID_WLg2zq.jpg,2,amini-cocoa-contamination-dataset,CC BY 4.0,train
ID_WmzXW5.JPG,healthy,dataset/images/train/ID_WmzXW5.JPG,1,amini-cocoa-contamination-dataset,CC BY 4.0,train
ID_TAJSdQ.jpg,anthracnose,dataset/images/train/ID_TAJSdQ.jpg,1,amini-cocoa-contamination-dataset,CC BY 4.0,train
ID_iKOnJ4.jpg,cssvd,dataset/images/train/ID_iKOnJ4.jpg,2,amini-cocoa-contamination-dataset,CC BY 4.0,train
ID_UDwvXs.jpg,healthy,dataset/images/train/ID_UDwvXs.jpg,5,amini-cocoa-contamination-dataset,CC BY 4.0,train
ID_AA4r2M.jpg,cssvd,dataset/images/train/ID_AA4r2M.jpg,1,amini-cocoa-contamination-dataset,CC BY 4.0,train
ID_C77yrc.jpeg,cssvd,dataset/images/train/ID_C77yrc.jpeg,1,amini-cocoa-contamination-dataset,CC BY 4.0,train
ID_iq7g6l.jpg,anthracnose,dataset/images/train/ID_iq7g6l.jpg,3,amini-cocoa-contamination-dataset,CC BY 4.0,train
ID_shDaRr.jpg,cssvd,dataset/images/train/ID_shDaRr.jpg,1,amini-cocoa-contamination-dataset,CC BY 4.0,train
ID_y7sOXy.jpg,cssvd,dataset/images/train/ID_y7sOXy.jpg,2,amini-cocoa-contamination-dataset,CC BY 4.0,train
ID_HmX39d.jpeg,anthracnose,dataset/images/train/ID_HmX39d.jpeg,1,amini-cocoa-contamination-dataset,CC BY 4.0,train
ID_uz8ZPb.jpg,anthracnose,dataset/images/train/ID_uz8ZPb.jpg,3,amini-cocoa-contamination-dataset,CC BY 4.0,train
ID_fEghG1.jpeg,healthy,dataset/images/train/ID_fEghG1.jpeg,1,amini-cocoa-contamination-dataset,CC BY 4.0,train
ID_noo7Pn.jpg,healthy,dataset/images/train/ID_noo7Pn.jpg,8,amini-cocoa-contamination-dataset,CC BY 4.0,train
ID_mUj7Nu.jpg,cssvd,dataset/images/train/ID_mUj7Nu.jpg,1,amini-cocoa-contamination-dataset,CC BY 4.0,train
ID_Dcoa03.jpg,anthracnose,dataset/images/train/ID_Dcoa03.jpg,1,amini-cocoa-contamination-dataset,CC BY 4.0,train
ID_JRTUsh.jpeg,healthy,dataset/images/train/ID_JRTUsh.jpeg,2,amini-cocoa-contamination-dataset,CC BY 4.0,train
ID_jPHslt.jpg,cssvd,dataset/images/train/ID_jPHslt.jpg,1,amini-cocoa-contamination-dataset,CC BY 4.0,train
ID_CmbGmt.jpg,healthy,dataset/images/train/ID_CmbGmt.jpg,2,amini-cocoa-contamination-dataset,CC BY 4.0,train
ID_NIbObm.jpg,cssvd,dataset/images/train/ID_NIbObm.jpg,1,amini-cocoa-contamination-dataset,CC BY 4.0,train
ID_t8MI2m.jpg,healthy,dataset/images/train/ID_t8MI2m.jpg,2,amini-cocoa-contamination-dataset,CC BY 4.0,train
ID_W3MjcS.jpg,healthy,dataset/images/train/ID_W3MjcS.jpg,7,amini-cocoa-contamination-dataset,CC BY 4.0,train
ID_tZqM0y.jpeg,anthracnose,dataset/images/train/ID_tZqM0y.jpeg,1,amini-cocoa-contamination-dataset,CC BY 4.0,train
ID_iYQd8L.jpg,cssvd,dataset/images/train/ID_iYQd8L.jpg,1,amini-cocoa-contamination-dataset,CC BY 4.0,train
ID_uFLkeP.jpeg,healthy,dataset/images/train/ID_uFLkeP.jpeg,2,amini-cocoa-contamination-dataset,CC BY 4.0,train
ID_ZkfzbZ.jpg,anthracnose,dataset/images/train/ID_ZkfzbZ.jpg,1,amini-cocoa-contamination-dataset,CC BY 4.0,train
ID_ZUeaH1.jpg,cssvd,dataset/images/train/ID_ZUeaH1.jpg,2,amini-cocoa-contamination-dataset,CC BY 4.0,train
ID_KUHQ33.jpeg,anthracnose,dataset/images/train/ID_KUHQ33.jpeg,1,amini-cocoa-contamination-dataset,CC BY 4.0,val
ID_AeDRMO.jpg,healthy,dataset/images/train/ID_AeDRMO.jpg,4,amini-cocoa-contamination-dataset,CC BY 4.0,val
ID_NCkyGe.jpg,anthracnose,dataset/images/train/ID_NCkyGe.jpg,1,amini-cocoa-contamination-dataset,CC BY 4.0,val
ID_CatkH3.jpg,healthy,dataset/images/train/ID_CatkH3.jpg,1,amini-cocoa-contamination-dataset,CC BY 4.0,val
ID_VBvSm2.jpeg,cssvd,dataset/images/train/ID_VBvSm2.jpeg,2,amini-cocoa-contamination-dataset,CC BY 4.0,val
ID_iF2Z2q.jpg,healthy,dataset/images/train/ID_iF2Z2q.jpg,2,amini-cocoa-contamination-dataset,CC BY 4.0,val
ID_dm8VEN.jpg,cssvd,dataset/images/train/ID_dm8VEN.jpg,2,amini-cocoa-contamination-dataset,CC BY 4.0,val
ID_hzJar1.jpg,anthracnose,dataset/images/train/ID_hzJar1.jpg,1,amini-cocoa-contamination-dataset,CC BY 4.0,val
ID_vUxEfR.jpeg,anthracnose,dataset/images/train/ID_vUxEfR.jpeg,1,amini-cocoa-contamination-dataset,CC BY 4.0,val
ID_M7eiBX.jpg,anthracnose,dataset/images/train/ID_M7eiBX.jpg,1,amini-cocoa-contamination-dataset,CC BY 4.0,val
ID_V0defC.jpg,healthy,dataset/images/train/ID_V0defC.jpg,3,amini-cocoa-contamination-dataset,CC BY 4.0,val
ID_L7qZsT.jpeg,anthracnose,dataset/images/train/ID_L7qZsT.jpeg,2,amini-cocoa-contamination-dataset,CC BY 4.0,val
ID_BXg2hJ.jpg,anthracnose,dataset/images/train/ID_BXg2hJ.jpg,1,amini-cocoa-contamination-dataset,CC BY 4.0,val
ID_drVnEM.jpg,anthracnose,dataset/images/train/ID_drVnEM.jpg,3,amini-cocoa-contamination-dataset,CC BY 4.0,val
ID_xjxynz.jpeg,healthy,dataset/images/train/ID_xjxynz.jpeg,1,amini-cocoa-contamination-dataset,CC BY 4.0,val
ID_QdxB9i.jpg,anthracnose,dataset/images/train/ID_QdxB9i.jpg,1,amini-cocoa-contamination-dataset,CC BY 4.0,val
ID_OE9xEH.jpeg,healthy,dataset/images/train/ID_OE9xEH.jpeg,7,amini-cocoa-contamination-dataset,CC BY 4.0,val
ID_f3AOM2.jpg,anthracnose,dataset/images/train/ID_f3AOM2.jpg,1,amini-cocoa-contamination-dataset,CC BY 4.0,val
ID_bysoXs.jpg,cssvd,dataset/images/train/ID_bysoXs.jpg,1,amini-cocoa-contamination-dataset,CC BY 4.0,val
ID_rUchur.jpg,healthy,dataset/images/train/ID_rUchur.jpg,3,amini-cocoa-contamination-dataset,CC BY 4.0,val
ID_v4nlRE.jpg,cssvd,dataset/images/train/ID_v4nlRE.jpg,1,amini-cocoa-contamination-dataset,CC BY 4.0,val
ID_fuRb4w.jpg,cssvd,dataset/images/train/ID_fuRb4w.jpg,3,amini-cocoa-contamination-dataset,CC BY 4.0,val
ID_as6NBs.jpeg,cssvd,dataset/images/train/ID_as6NBs.jpeg,1,amini-cocoa-contamination-dataset,CC BY 4.0,val
ID_uKHtOl.jpeg,healthy,dataset/images/train/ID_uKHtOl.jpeg,6,amini-cocoa-contamination-dataset,CC BY 4.0,val
ID_dwYudu.jpg,cssvd,dataset/images/train/ID_dwYudu.jpg,4,amini-cocoa-contamination-dataset,CC BY 4.0,val
ID_dUgoqO.jpeg,cssvd,dataset/images/train/ID_dUgoqO.jpeg,1,amini-cocoa-contamination-dataset,CC BY 4.0,val
ID_j23JAS.jpg,cssvd,dataset/images/train/ID_j23JAS.jpg,2,amini-cocoa-contamination-dataset,CC BY 4.0,val
ID_PqV4gW.jpg,anthracnose,dataset/images/train/ID_PqV4gW.jpg,2,amini-cocoa-contamination-dataset,CC BY 4.0,val
ID_bz3tg2.jpeg,healthy,dataset/images/train/ID_bz3tg2.jpeg,3,amini-cocoa-contamination-dataset,CC BY 4.0,val
ID_iU4RDH.jpg,healthy,dataset/images/train/ID_iU4RDH.jpg,6,amini-cocoa-contamination-dataset,CC BY 4.0,val
ID_L7DmLA.jpg,anthracnose,dataset/images/train/ID_L7DmLA.jpg,1,amini-cocoa-contamination-dataset,CC BY 4.0,val
ID_GcIETy.jpeg,healthy,dataset/images/train/ID_GcIETy.jpeg,2,amini-cocoa-contamination-dataset,CC BY 4.0,val
ID_O8k51b.jpg,cssvd,dataset/images/train/ID_O8k51b.jpg,2,amini-cocoa-contamination-dataset,CC BY 4.0,val
ID_IDujqd.JPG,healthy,dataset/images/train/ID_IDujqd.JPG,1,amini-cocoa-contamination-dataset,CC BY 4.0,val
ID_mXkXry.jpg,cssvd,dataset/images/train/ID_mXkXry.jpg,1,amini-cocoa-contamination-dataset,CC BY 4.0,val
ID_jk46Mn.jpeg,healthy,dataset/images/train/ID_jk46Mn.jpeg,2,amini-cocoa-contamination-dataset,CC BY 4.0,val
ID_NFuZmI.jpg,cssvd,dataset/images/train/ID_NFuZmI.jpg,1,amini-cocoa-contamination-dataset,CC BY 4.0,val
ID_FQh3F2.jpeg,cssvd,dataset/images/train/ID_FQh3F2.jpeg,2,amini-cocoa-contamination-dataset,CC BY 4.0,val
ID_ZxgFIU.jpg,cssvd,dataset/images/train/ID_ZxgFIU.jpg,1,amini-cocoa-contamination-dataset,CC BY 4.0,val
ID_hkXJWR.jpg,anthracnose,dataset/images/train/ID_hkXJWR.jpg,2,amini-cocoa-contamination-dataset,CC BY 4.0,val
ID_tkxCxR.jpg,healthy,dataset/images/train/ID_tkxCxR.jpg,1,amini-cocoa-contamination-dataset,CC BY 4.0,val
ID_dUUgRm.jpg,cssvd,dataset/images/train/ID_dUUgRm.jpg,2,amini-cocoa-contamination-dataset,CC BY 4.0,val
ID_EJlVPR.jpg,healthy,dataset/images/train/ID_EJlVPR.jpg,1,amini-cocoa-contamination-dataset,CC BY 4.0,val
ID_ck6aIS.jpg,healthy,dataset/images/train/ID_ck6aIS.jpg,1,amini-cocoa-contamination-dataset,CC BY 4.0,val
ID_DQ3PXJ.jpg,cssvd,dataset/images/train/ID_DQ3PXJ.jpg,1,amini-cocoa-contamination-dataset,CC BY 4.0,val
ID_qPQAFz.jpg,cssvd,dataset/images/train/ID_qPQAFz.jpg,1,amini-cocoa-contamination-dataset,CC BY 4.0,val
ID_UD1Xu6.jpg,cssvd,dataset/images/train/ID_UD1Xu6.jpg,1,amini-cocoa-contamination-dataset,CC BY 4.0,val
ID_gueBKx.jpeg,healthy,dataset/images/train/ID_gueBKx.jpeg,3,amini-cocoa-contamination-dataset,CC BY 4.0,val
ID_dyH9OR.JPG,healthy,dataset/images/train/ID_dyH9OR.JPG,4,amini-cocoa-contamination-dataset,CC BY 4.0,val
ID_UDuEr3.JPG,cssvd,dataset/images/train/ID_UDuEr3.JPG,3,amini-cocoa-contamination-dataset,CC BY 4.0,val
ID_yk1Pc6.jpg,cssvd,dataset/images/train/ID_yk1Pc6.jpg,1,amini-cocoa-contamination-dataset,CC BY 4.0,val
ID_lfRruT.jpeg,healthy,dataset/images/train/ID_lfRruT.jpeg,1,amini-cocoa-contamination-dataset,CC BY 4.0,val
ID_h0BQ30.jpeg,healthy,dataset/images/train/ID_h0BQ30.jpeg,2,amini-cocoa-contamination-dataset,CC BY 4.0,val
ID_tlUdKF.jpg,cssvd,dataset/images/train/ID_tlUdKF.jpg,1,amini-cocoa-contamination-dataset,CC BY 4.0,val
ID_sdWS5r.jpg,healthy,dataset/images/train/ID_sdWS5r.jpg,1,amini-cocoa-contamination-dataset,CC BY 4.0,val
ID_Se7vsI.jpg,cssvd,dataset/images/train/ID_Se7vsI.jpg,1,amini-cocoa-contamination-dataset,CC BY 4.0,val
ID_URqw7E.jpg,cssvd,dataset/images/train/ID_URqw7E.jpg,2,amini-cocoa-contamination-dataset,CC BY 4.0,val
ID_VURP9R.jpg,cssvd,dataset/images/train/ID_VURP9R.jpg,1,amini-cocoa-contamination-dataset,CC BY 4.0,val
ID_a6BViw.jpeg,healthy,dataset/images/train/ID_a6BViw.jpeg,3,amini-cocoa-contamination-dataset,CC BY 4.0,val
ID_Xr3pcu.jpg,cssvd,dataset/images/train/ID_Xr3pcu.jpg,2,amini-cocoa-contamination-dataset,CC BY 4.0,val
ID_NGvzWH.jpeg,cssvd,dataset/images/train/ID_NGvzWH.jpeg,3,amini-cocoa-contamination-dataset,CC BY 4.0,val
ID_BQPSxR.jpg,cssvd,dataset/images/train/ID_BQPSxR.jpg,4,amini-cocoa-contamination-dataset,CC BY 4.0,val
ID_HFBAye.jpg,healthy,dataset/images/train/ID_HFBAye.jpg,6,amini-cocoa-contamination-dataset,CC BY 4.0,val
ID_twfo6v.jpeg,anthracnose,dataset/images/train/ID_twfo6v.jpeg,1,amini-cocoa-contamination-dataset,CC BY 4.0,val
ID_oFBCwO.jpg,anthracnose,dataset/images/train/ID_oFBCwO.jpg,1,amini-cocoa-contamination-dataset,CC BY 4.0,val
ID_lEgxAG.jpeg,healthy,dataset/images/train/ID_lEgxAG.jpeg,1,amini-cocoa-contamination-dataset,CC BY 4.0,val
ID_o3tZTO.jpg,anthracnose,dataset/images/train/ID_o3tZTO.jpg,1,amini-cocoa-contamination-dataset,CC BY 4.0,val
ID_GUwcHZ.JPG,healthy,dataset/images/train/ID_GUwcHZ.JPG,5,amini-cocoa-contamination-dataset,CC BY 4.0,val
ID_OtEC7c.jpeg,healthy,dataset/images/train/ID_OtEC7c.jpeg,1,amini-cocoa-contamination-dataset,CC BY 4.0,val
ID_CX0Za8.jpg,anthracnose,dataset/images/train/ID_CX0Za8.jpg,2,amini-cocoa-contamination-dataset,CC BY 4.0,val
ID_DVw3Re.jpg,cssvd,dataset/images/train/ID_DVw3Re.jpg,1,amini-cocoa-contamination-dataset,CC BY 4.0,val
ID_H8kxgS.jpg,cssvd,dataset/images/train/ID_H8kxgS.jpg,3,amini-cocoa-contamination-dataset,CC BY 4.0,val
ID_yzGD2m.jpeg,anthracnose,dataset/images/train/ID_yzGD2m.jpeg,1,amini-cocoa-contamination-dataset,CC BY 4.0,val
ID_noin4M.jpg,anthracnose,dataset/images/train/ID_noin4M.jpg,1,amini-cocoa-contamination-dataset,CC BY 4.0,val
ID_dZQg71.jpg,cssvd,dataset/images/train/ID_dZQg71.jpg,1,amini-cocoa-contamination-dataset,CC BY 4.0,val
ID_AcK0Lv.jpeg,healthy,dataset/images/train/ID_AcK0Lv.jpeg,2,amini-cocoa-contamination-dataset,CC BY 4.0,val
ID_YVVvfi.JPG,cssvd,dataset/images/train/ID_YVVvfi.JPG,2,amini-cocoa-contamination-dataset,CC BY 4.0,val
ID_HuvRwa.jpg,healthy,dataset/images/train/ID_HuvRwa.jpg,6,amini-cocoa-contamination-dataset,CC BY 4.0,val
ID_KnY8eN.jpeg,cssvd,dataset/images/train/ID_KnY8eN.jpeg,1,amini-cocoa-contamination-dataset,CC BY 4.0,val
ID_i3aAKz.jpeg,healthy,dataset/images/train/ID_i3aAKz.jpeg,1,amini-cocoa-contamination-dataset,CC BY 4.0,val
ID_K7TuM3.jpg,healthy,dataset/images/train/ID_K7TuM3.jpg,2,amini-cocoa-contamination-dataset,CC BY 4.0,val
ID_azgMN3.jpg,anthracnose,dataset/images/train/ID_azgMN3.jpg,1,amini-cocoa-contamination-dataset,CC BY 4.0,val
ID_tawgXW.jpg,healthy,dataset/images/train/ID_tawgXW.jpg,4,amini-cocoa-contamination-dataset,CC BY 4.0,val
ID_xt3JvP.jpeg,cssvd,dataset/images/train/ID_xt3JvP.jpeg,2,amini-cocoa-contamination-dataset,CC BY 4.0,val
ID_CJMuTE.jpg,cssvd,dataset/images/train/ID_CJMuTE.jpg,3,amini-cocoa-contamination-dataset,CC BY 4.0,val
ID_hoBmXG.jpeg,healthy,dataset/images/train/ID_hoBmXG.jpeg,1,amini-cocoa-contamination-dataset,CC BY 4.0,val
ID_eYveox.JPG,healthy,dataset/images/train/ID_eYveox.JPG,2,amini-cocoa-contamination-dataset,CC BY 4.0,val
ID_WcCn21.jpg,cssvd,dataset/images/train/ID_WcCn21.jpg,1,amini-cocoa-contamination-dataset,CC BY 4.0,val
ID_e0Wpjv.jpeg,cssvd,dataset/images/train/ID_e0Wpjv.jpeg,1,amini-cocoa-contamination-dataset,CC BY 4.0,val
ID_HD0X3k.jpg,healthy,dataset/images/train/ID_HD0X3k.jpg,1,amini-cocoa-contamination-dataset,CC BY 4.0,val
ID_fdG64l.jpeg,anthracnose,dataset/images/train/ID_fdG64l.jpeg,1,amini-cocoa-contamination-dataset,CC BY 4.0,val
ID_Pe4C0g.jpeg,cssvd,dataset/images/train/ID_Pe4C0g.jpeg,3,amini-cocoa-contamination-dataset,CC BY 4.0,val
ID_MWI70A.jpg,cssvd,dataset/images/train/ID_MWI70A.jpg,2,amini-cocoa-contamination-dataset,CC BY 4.0,val
ID_vHfsmd.jpg,cssvd,dataset/images/train/ID_vHfsmd.jpg,3,amini-cocoa-contamination-dataset,CC BY 4.0,val
ID_Ka3eqp.jpeg,healthy,dataset/images/train/ID_Ka3eqp.jpeg,1,amini-cocoa-contamination-dataset,CC BY 4.0,val
ID_LLL3nX.jpg,anthracnose,dataset/images/train/ID_LLL3nX.jpg,2,amini-cocoa-contamination-dataset,CC BY 4.0,val
ID_AH4rDM.jpg,anthracnose,dataset/images/train/ID_AH4rDM.jpg,1,amini-cocoa-contamination-dataset,CC BY 4.0,val
ID_a6pEiu.jpg,healthy,dataset/images/train/ID_a6pEiu.jpg,1,amini-cocoa-contamination-dataset,CC BY 4.0,val
ID_P1lHSv.jpg,anthracnose,dataset/images/train/ID_P1lHSv.jpg,2,amini-cocoa-contamination-dataset,CC BY 4.0,val
ID_oKTsqU.jpg,healthy,dataset/images/train/ID_oKTsqU.jpg,1,amini-cocoa-contamination-dataset,CC BY 4.0,val
ID_TSeuD3.jpg,cssvd,dataset/images/train/ID_TSeuD3.jpg,1,amini-cocoa-contamination-dataset,CC BY 4.0,val
ID_B7E449.jpeg,anthracnose,dataset/images/train/ID_B7E449.jpeg,2,amini-cocoa-contamination-dataset,CC BY 4.0,val
ID_PaWUQ0.jpeg,anthracnose,dataset/images/train/ID_PaWUQ0.jpeg,1,amini-cocoa-contamination-dataset,CC BY 4.0,val
ID_ZEDNab.jpeg,healthy,dataset/images/train/ID_ZEDNab.jpeg,2,amini-cocoa-contamination-dataset,CC BY 4.0,val
ID_luTN4K.jpg,healthy,dataset/images/train/ID_luTN4K.jpg,2,amini-cocoa-contamination-dataset,CC BY 4.0,val
ID_kb3G9m.jpg,healthy,dataset/images/train/ID_kb3G9m.jpg,3,amini-cocoa-contamination-dataset,CC BY 4.0,val
ID_dXPcwB.jpg,cssvd,dataset/images/train/ID_dXPcwB.jpg,1,amini-cocoa-contamination-dataset,CC BY 4.0,val
ID_OvTjvv.jpg,cssvd,dataset/images/train/ID_OvTjvv.jpg,2,amini-cocoa-contamination-dataset,CC BY 4.0,val
ID_gLMB9J.jpg,healthy,dataset/images/train/ID_gLMB9J.jpg,3,amini-cocoa-contamination-dataset,CC BY 4.0,val
ID_GWhiLp.jpeg,anthracnose,dataset/images/train/ID_GWhiLp.jpeg,1,amini-cocoa-contamination-dataset,CC BY 4.0,val
ID_EE7Y0y.jpg,healthy,dataset/images/train/ID_EE7Y0y.jpg,3,amini-cocoa-contamination-dataset,CC BY 4.0,val
ID_pQcPFB.jpeg,cssvd,dataset/images/train/ID_pQcPFB.jpeg,2,amini-cocoa-contamination-dataset,CC BY 4.0,val
ID_NYpbry.jpg,anthracnose,dataset/images/train/ID_NYpbry.jpg,3,amini-cocoa-contamination-dataset,CC BY 4.0,val
ID_WvCgUu.jpg,cssvd,dataset/images/train/ID_WvCgUu.jpg,1,amini-cocoa-contamination-dataset,CC BY 4.0,val
ID_xlnGi1.jpg,anthracnose,dataset/images/train/ID_xlnGi1.jpg,2,amini-cocoa-contamination-dataset,CC BY 4.0,val
ID_QLpiF8.jpeg,cssvd,dataset/images/train/ID_QLpiF8.jpeg,1,amini-cocoa-contamination-dataset,CC BY 4.0,val
ID_UY44L0.jpg,anthracnose,dataset/images/train/ID_UY44L0.jpg,1,amini-cocoa-contamination-dataset,CC BY 4.0,val
ID_uz4b8G.jpg,healthy,dataset/images/train/ID_uz4b8G.jpg,3,amini-cocoa-contamination-dataset,CC BY 4.0,val
ID_G8sg0P.jpg,cssvd,dataset/images/train/ID_G8sg0P.jpg,2,amini-cocoa-contamination-dataset,CC BY 4.0,val
ID_HpaB1s.jpg,cssvd,dataset/images/train/ID_HpaB1s.jpg,1,amini-cocoa-contamination-dataset,CC BY 4.0,val
ID_VikHZ3.jpg,healthy,dataset/images/train/ID_VikHZ3.jpg,3,amini-cocoa-contamination-dataset,CC BY 4.0,val
ID_dcx8NH.jpg,cssvd,dataset/images/train/ID_dcx8NH.jpg,2,amini-cocoa-contamination-dataset,CC BY 4.0,val
ID_WKIhj1.jpg,healthy,dataset/images/train/ID_WKIhj1.jpg,8,amini-cocoa-contamination-dataset,CC BY 4.0,val
ID_v2sqLb.jpeg,healthy,dataset/images/train/ID_v2sqLb.jpeg,3,amini-cocoa-contamination-dataset,CC BY 4.0,val
ID_DVemYD.jpg,anthracnose,dataset/images/train/ID_DVemYD.jpg,1,amini-cocoa-contamination-dataset,CC BY 4.0,val
ID_JBltx6.jpeg,anthracnose,dataset/images/train/ID_JBltx6.jpeg,1,amini-cocoa-contamination-dataset,CC BY 4.0,val
ID_deN6lu.jpg,cssvd,dataset/images/train/ID_deN6lu.jpg,1,amini-cocoa-contamination-dataset,CC BY 4.0,val
ID_ERBNUb.jpg,anthracnose,dataset/images/train/ID_ERBNUb.jpg,2,amini-cocoa-contamination-dataset,CC BY 4.0,val
ID_zanw9h.jpg,cssvd,dataset/images/train/ID_zanw9h.jpg,3,amini-cocoa-contamination-dataset,CC BY 4.0,val
ID_wnT5FK.jpg,cssvd,dataset/images/train/ID_wnT5FK.jpg,1,amini-cocoa-contamination-dataset,CC BY 4.0,val
ID_MWGFhH.jpg,cssvd,dataset/images/train/ID_MWGFhH.jpg,2,amini-cocoa-contamination-dataset,CC BY 4.0,val
ID_y3QgnO.jpg,anthracnose,dataset/images/train/ID_y3QgnO.jpg,1,amini-cocoa-contamination-dataset,CC BY 4.0,val
ID_r5dCcQ.jpeg,healthy,dataset/images/train/ID_r5dCcQ.jpeg,1,amini-cocoa-contamination-dataset,CC BY 4.0,val
ID_MlvXXY.jpg,healthy,dataset/images/train/ID_MlvXXY.jpg,1,amini-cocoa-contamination-dataset,CC BY 4.0,val
ID_wdKvwk.jpg,cssvd,dataset/images/train/ID_wdKvwk.jpg,2,amini-cocoa-contamination-dataset,CC BY 4.0,val
ID_yaUPI5.jpg,cssvd,dataset/images/train/ID_yaUPI5.jpg,1,amini-cocoa-contamination-dataset,CC BY 4.0,val
ID_KTP6kp.jpg,anthracnose,dataset/images/train/ID_KTP6kp.jpg,2,amini-cocoa-contamination-dataset,CC BY 4.0,val
ID_HhR4IM.jpg,anthracnose,dataset/images/train/ID_HhR4IM.jpg,1,amini-cocoa-contamination-dataset,CC BY 4.0,val
ID_s1xNzL.jpg,healthy,dataset/images/train/ID_s1xNzL.jpg,2,amini-cocoa-contamination-dataset,CC BY 4.0,val
ID_VFl69h.jpg,healthy,dataset/images/train/ID_VFl69h.jpg,3,amini-cocoa-contamination-dataset,CC BY 4.0,val
ID_Zrngms.jpg,anthracnose,dataset/images/train/ID_Zrngms.jpg,1,amini-cocoa-contamination-dataset,CC BY 4.0,val
ID_ScgtoM.jpg,cssvd,dataset/images/train/ID_ScgtoM.jpg,2,amini-cocoa-contamination-dataset,CC BY 4.0,val
ID_Fqnhai.jpg,anthracnose,dataset/images/train/ID_Fqnhai.jpg,1,amini-cocoa-contamination-dataset,CC BY 4.0,val
ID_pYvX3q.jpg,anthracnose,dataset/images/train/ID_pYvX3q.jpg,1,amini-cocoa-contamination-dataset,CC BY 4.0,val
ID_y20IXX.jpg,cssvd,dataset/images/train/ID_y20IXX.jpg,1,amini-cocoa-contamination-dataset,CC BY 4.0,val
ID_XOXkgf.jpg,anthracnose,dataset/images/train/ID_XOXkgf.jpg,1,amini-cocoa-contamination-dataset,CC BY 4.0,val
ID_SzYsO9.jpg,cssvd,dataset/images/train/ID_SzYsO9.jpg,1,amini-cocoa-contamination-dataset,CC BY 4.0,val
ID_l91h3M.jpg,cssvd,dataset/images/train/ID_l91h3M.jpg,4,amini-cocoa-contamination-dataset,CC BY 4.0,val
ID_p02ZNa.jpg,cssvd,dataset/images/train/ID_p02ZNa.jpg,1,amini-cocoa-contamination-dataset,CC BY 4.0,val
ID_yIDZUU.jpg,cssvd,dataset/images/train/ID_yIDZUU.jpg,2,amini-cocoa-contamination-dataset,CC BY 4.0,val
ID_oWmzz8.jpg,healthy,dataset/images/train/ID_oWmzz8.jpg,1,amini-cocoa-contamination-dataset,CC BY 4.0,val
ID_Evp7eq.jpeg,healthy,dataset/images/train/ID_Evp7eq.jpeg,1,amini-cocoa-contamination-dataset,CC BY 4.0,val
ID_kHbkW9.jpeg,healthy,dataset/images/train/ID_kHbkW9.jpeg,1,amini-cocoa-contamination-dataset,CC BY 4.0,val
ID_MF6HuC.jpeg,healthy,dataset/images/train/ID_MF6HuC.jpeg,3,amini-cocoa-contamination-dataset,CC BY 4.0,val
ID_OKYj4x.jpg,healthy,dataset/images/train/ID_OKYj4x.jpg,2,amini-cocoa-contamination-dataset,CC BY 4.0,val
ID_w41iPd.jpg,healthy,dataset/images/train/ID_w41iPd.jpg,1,amini-cocoa-contamination-dataset,CC BY 4.0,val
ID_AzJAHH.jpg,anthracnose,dataset/images/train/ID_AzJAHH.jpg,1,amini-cocoa-contamination-dataset,CC BY 4.0,val
ID_EdKTqv.jpg,healthy,dataset/images/train/ID_EdKTqv.jpg,3,amini-cocoa-contamination-dataset,CC BY 4.0,val
ID_QopCWu.jpeg,anthracnose,dataset/images/train/ID_QopCWu.jpeg,1,amini-cocoa-contamination-dataset,CC BY 4.0,val
ID_aM27KH.jpg,cssvd,dataset/images/train/ID_aM27KH.jpg,1,amini-cocoa-contamination-dataset,CC BY 4.0,val
ID_fCH4UP.jpg,cssvd,dataset/images/train/ID_fCH4UP.jpg,2,amini-cocoa-contamination-dataset,CC BY 4.0,val
ID_jLoT4F.jpg,cssvd,dataset/images/train/ID_jLoT4F.jpg,2,amini-cocoa-contamination-dataset,CC BY 4.0,val
ID_mr18of.jpeg,cssvd,dataset/images/train/ID_mr18of.jpeg,1,amini-cocoa-contamination-dataset,CC BY 4.0,val
ID_GGQ1De.jpeg,anthracnose,dataset/images/train/ID_GGQ1De.jpeg,1,amini-cocoa-contamination-dataset,CC BY 4.0,val
ID_tmk6X3.JPG,cssvd,dataset/images/train/ID_tmk6X3.JPG,1,amini-cocoa-contamination-dataset,CC BY 4.0,val
ID_pOvEu8.jpeg,cssvd,dataset/images/train/ID_pOvEu8.jpeg,1,amini-cocoa-contamination-dataset,CC BY 4.0,val
ID_WwYwTS.jpg,anthracnose,dataset/images/train/ID_WwYwTS.jpg,1,amini-cocoa-contamination-dataset,CC BY 4.0,val
ID_v286Ws.jpg,healthy,dataset/images/train/ID_v286Ws.jpg,4,amini-cocoa-contamination-dataset,CC BY 4.0,val
ID_dorgB1.jpg,cssvd,dataset/images/train/ID_dorgB1.jpg,1,amini-cocoa-contamination-dataset,CC BY 4.0,val
ID_TSkjv2.jpg,cssvd,dataset/images/train/ID_TSkjv2.jpg,2,amini-cocoa-contamination-dataset,CC BY 4.0,val
ID_uys0ry.jpg,anthracnose,dataset/images/train/ID_uys0ry.jpg,3,amini-cocoa-contamination-dataset,CC BY 4.0,val
ID_OUvdPY.jpg,healthy,dataset/images/train/ID_OUvdPY.jpg,2,amini-cocoa-contamination-dataset,CC BY 4.0,val
ID_CdDyIi.jpg,cssvd,dataset/images/train/ID_CdDyIi.jpg,2,amini-cocoa-contamination-dataset,CC BY 4.0,val
ID_y7iE4S.jpg,healthy,dataset/images/train/ID_y7iE4S.jpg,2,amini-cocoa-contamination-dataset,CC BY 4.0,val
ID_X5eGK7.jpeg,anthracnose,dataset/images/train/ID_X5eGK7.jpeg,1,amini-cocoa-contamination-dataset,CC BY 4.0,val
ID_iDXwsn.jpg,anthracnose,dataset/images/train/ID_iDXwsn.jpg,1,amini-cocoa-contamination-dataset,CC BY 4.0,val
ID_Dp1KSK.jpeg,healthy,dataset/images/train/ID_Dp1KSK.jpeg,1,amini-cocoa-contamination-dataset,CC BY 4.0,val
ID_Ult5vU.jpg,cssvd,dataset/images/train/ID_Ult5vU.jpg,1,amini-cocoa-contamination-dataset,CC BY 4.0,val
ID_sI3GgJ.jpeg,cssvd,dataset/images/train/ID_sI3GgJ.jpeg,3,amini-cocoa-contamination-dataset,CC BY 4.0,val
ID_tXcC8W.jpg,healthy,dataset/images/train/ID_tXcC8W.jpg,1,amini-cocoa-contamination-dataset,CC BY 4.0,val
ID_OTgt1c.jpg,anthracnose,dataset/images/train/ID_OTgt1c.jpg,2,amini-cocoa-contamination-dataset,CC BY 4.0,val
ID_aiscBp.jpg,healthy,dataset/images/train/ID_aiscBp.jpg,1,amini-cocoa-contamination-dataset,CC BY 4.0,val
ID_QaaI5g.jpeg,cssvd,dataset/images/train/ID_QaaI5g.jpeg,1,amini-cocoa-contamination-dataset,CC BY 4.0,val
ID_cSjsmn.jpg,healthy,dataset/images/train/ID_cSjsmn.jpg,4,amini-cocoa-contamination-dataset,CC BY 4.0,val
ID_ms0EPs.jpg,anthracnose,dataset/images/train/ID_ms0EPs.jpg,1,amini-cocoa-contamination-dataset,CC BY 4.0,val
ID_md0MsD.jpeg,healthy,dataset/images/train/ID_md0MsD.jpeg,1,amini-cocoa-contamination-dataset,CC BY 4.0,val
ID_HqzfhQ.jpeg,anthracnose,dataset/images/train/ID_HqzfhQ.jpeg,1,amini-cocoa-contamination-dataset,CC BY 4.0,val
ID_qpPlC0.jpg,anthracnose,dataset/images/train/ID_qpPlC0.jpg,3,amini-cocoa-contamination-dataset,CC BY 4.0,val
ID_y1TFkx.jpg,healthy,dataset/images/train/ID_y1TFkx.jpg,2,amini-cocoa-contamination-dataset,CC BY 4.0,val
ID_sgk3L1.jpg,anthracnose,dataset/images/train/ID_sgk3L1.jpg,1,amini-cocoa-contamination-dataset,CC BY 4.0,val
ID_cYM6CA.jpg,cssvd,dataset/images/train/ID_cYM6CA.jpg,1,amini-cocoa-contamination-dataset,CC BY 4.0,val
ID_J5XtYS.jpg,anthracnose,dataset/images/train/ID_J5XtYS.jpg,1,amini-cocoa-contamination-dataset,CC BY 4.0,val
ID_KOcheF.jpg,cssvd,dataset/images/train/ID_KOcheF.jpg,1,amini-cocoa-contamination-dataset,CC BY 4.0,val
ID_Fsj8vg.jpeg,cssvd,dataset/images/train/ID_Fsj8vg.jpeg,1,amini-cocoa-contamination-dataset,CC BY 4.0,val
ID_mP1zW8.jpeg,anthracnose,dataset/images/train/ID_mP1zW8.jpeg,1,amini-cocoa-contamination-dataset,CC BY 4.0,val
ID_urNuzC.jpeg,anthracnose,dataset/images/train/ID_urNuzC.jpeg,2,amini-cocoa-contamination-dataset,CC BY 4.0,val
ID_R8uFgv.jpg,cssvd,dataset/images/train/ID_R8uFgv.jpg,1,amini-cocoa-contamination-dataset,CC BY 4.0,val
ID_Eo5erj.jpg,cssvd,dataset/images/train/ID_Eo5erj.jpg,1,amini-cocoa-contamination-dataset,CC BY 4.0,val
ID_nx4hoN.jpg,healthy,dataset/images/train/ID_nx4hoN.jpg,2,amini-cocoa-contamination-dataset,CC BY 4.0,val
ID_xAZmku.jpeg,cssvd,dataset/images/train/ID_xAZmku.jpeg,1,amini-cocoa-contamination-dataset,CC BY 4.0,val
ID_koimcT.JPG,healthy,dataset/images/train/ID_koimcT.JPG,5,amini-cocoa-contamination-dataset,CC BY 4.0,val
ID_EBOE3M.jpeg,healthy,dataset/images/train/ID_EBOE3M.jpeg,1,amini-cocoa-contamination-dataset,CC BY 4.0,val
ID_Skm3Q6.jpg,healthy,dataset/images/train/ID_Skm3Q6.jpg,3,amini-cocoa-contamination-dataset,CC BY 4.0,val
ID_c4SmOp.jpg,cssvd,dataset/images/train/ID_c4SmOp.jpg,1,amini-cocoa-contamination-dataset,CC BY 4.0,val
ID_Sw05bM.jpg,cssvd,dataset/images/train/ID_Sw05bM.jpg,4,amini-cocoa-contamination-dataset,CC BY 4.0,val
ID_BuRQDQ.jpeg,cssvd,dataset/images/train/ID_BuRQDQ.jpeg,2,amini-cocoa-contamination-dataset,CC BY 4.0,val
ID_FwjdVt.jpg,cssvd,dataset/images/train/ID_FwjdVt.jpg,1,amini-cocoa-contamination-dataset,CC BY 4.0,val
ID_WILdJN.jpeg,healthy,dataset/images/train/ID_WILdJN.jpeg,4,amini-cocoa-contamination-dataset,CC BY 4.0,val
ID_oTobLv.jpg,healthy,dataset/images/train/ID_oTobLv.jpg,2,amini-cocoa-contamination-dataset,CC BY 4.0,val
ID_sqkRby.jpg,anthracnose,dataset/images/train/ID_sqkRby.jpg,2,amini-cocoa-contamination-dataset,CC BY 4.0,val
ID_KWkRqM.jpg,healthy,dataset/images/train/ID_KWkRqM.jpg,2,amini-cocoa-contamination-dataset,CC BY 4.0,val
ID_FGLxRq.jpg,cssvd,dataset/images/train/ID_FGLxRq.jpg,1,amini-cocoa-contamination-dataset,CC BY 4.0,val
ID_HK3HjY.jpg,cssvd,dataset/images/train/ID_HK3HjY.jpg,1,amini-cocoa-contamination-dataset,CC BY 4.0,val
ID_OhBoWQ.jpg,cssvd,dataset/images/train/ID_OhBoWQ.jpg,4,amini-cocoa-contamination-dataset,CC BY 4.0,val
ID_Nb2vLP.jpg,anthracnose,dataset/images/train/ID_Nb2vLP.jpg,2,amini-cocoa-contamination-dataset,CC BY 4.0,val
ID_wIqLck.jpg,cssvd,dataset/images/train/ID_wIqLck.jpg,1,amini-cocoa-contamination-dataset,CC BY 4.0,val
ID_UB4ovx.jpg,anthracnose,dataset/images/train/ID_UB4ovx.jpg,1,amini-cocoa-contamination-dataset,CC BY 4.0,val
ID_tAijiB.jpg,cssvd,dataset/images/train/ID_tAijiB.jpg,2,amini-cocoa-contamination-dataset,CC BY 4.0,val
ID_SMOX7C.jpg,healthy,dataset/images/train/ID_SMOX7C.jpg,4,amini-cocoa-contamination-dataset,CC BY 4.0,val
ID_yD25By.jpg,healthy,dataset/images/train/ID_yD25By.jpg,1,amini-cocoa-contamination-dataset,CC BY 4.0,val
ID_yw7FdG.jpg,cssvd,dataset/images/train/ID_yw7FdG.jpg,1,amini-cocoa-contamination-dataset,CC BY 4.0,val
ID_VhamFH.JPG,anthracnose,dataset/images/train/ID_VhamFH.JPG,1,amini-cocoa-contamination-dataset,CC BY 4.0,val
ID_mKIqrN.jpg,anthracnose,dataset/images/train/ID_mKIqrN.jpg,2,amini-cocoa-contamination-dataset,CC BY 4.0,val
ID_vTdgaT.jpg,healthy,dataset/images/train/ID_vTdgaT.jpg,3,amini-cocoa-contamination-dataset,CC BY 4.0,val
ID_uHvYQ7.JPG,healthy,dataset/images/train/ID_uHvYQ7.JPG,1,amini-cocoa-contamination-dataset,CC BY 4.0,val
ID_jxX1rG.jpg,anthracnose,dataset/images/train/ID_jxX1rG.jpg,2,amini-cocoa-contamination-dataset,CC BY 4.0,val
ID_DngdGf.jpg,cssvd,dataset/images/train/ID_DngdGf.jpg,1,amini-cocoa-contamination-dataset,CC BY 4.0,val
ID_c0WXYW.jpg,healthy,dataset/images/train/ID_c0WXYW.jpg,1,amini-cocoa-contamination-dataset,CC BY 4.0,val
ID_vegG9G.jpg,healthy,dataset/images/train/ID_vegG9G.jpg,6,amini-cocoa-contamination-dataset,CC BY 4.0,val
ID_KoOuTr.jpg,healthy,dataset/images/train/ID_KoOuTr.jpg,11,amini-cocoa-contamination-dataset,CC BY 4.0,val
ID_yu7CfM.jpg,cssvd,dataset/images/train/ID_yu7CfM.jpg,1,amini-cocoa-contamination-dataset,CC BY 4.0,val
ID_JHsmyN.jpeg,cssvd,dataset/images/train/ID_JHsmyN.jpeg,1,amini-cocoa-contamination-dataset,CC BY 4.0,val
ID_cw2ZxD.jpg,healthy,dataset/images/train/ID_cw2ZxD.jpg,3,amini-cocoa-contamination-dataset,CC BY 4.0,val
ID_KIpiuV.jpeg,cssvd,dataset/images/train/ID_KIpiuV.jpeg,1,amini-cocoa-contamination-dataset,CC BY 4.0,val
ID_iYlG8z.jpg,anthracnose,dataset/images/train/ID_iYlG8z.jpg,4,amini-cocoa-contamination-dataset,CC BY 4.0,val
ID_snfqzk.jpg,cssvd,dataset/images/train/ID_snfqzk.jpg,1,amini-cocoa-contamination-dataset,CC BY 4.0,val
ID_InwZDp.jpg,anthracnose,dataset/images/train/ID_InwZDp.jpg,1,amini-cocoa-contamination-dataset,CC BY 4.0,val
ID_Or8bxa.jpg,healthy,dataset/images/train/ID_Or8bxa.jpg,5,amini-cocoa-contamination-dataset,CC BY 4.0,val
ID_DOD1wB.jpg,cssvd,dataset/images/train/ID_DOD1wB.jpg,1,amini-cocoa-contamination-dataset,CC BY 4.0,val
ID_x4jrDJ.JPG,healthy,dataset/images/train/ID_x4jrDJ.JPG,2,amini-cocoa-contamination-dataset,CC BY 4.0,val
ID_glZRqT.jpg,healthy,dataset/images/train/ID_glZRqT.jpg,2,amini-cocoa-contamination-dataset,CC BY 4.0,val
ID_Hu3nUS.jpg,healthy,dataset/images/train/ID_Hu3nUS.jpg,2,amini-cocoa-contamination-dataset,CC BY 4.0,val
ID_YGWvEE.jpg,healthy,dataset/images/train/ID_YGWvEE.jpg,3,amini-cocoa-contamination-dataset,CC BY 4.0,val
ID_BXLmP3.jpg,cssvd,dataset/images/train/ID_BXLmP3.jpg,2,amini-cocoa-contamination-dataset,CC BY 4.0,val
ID_imPOPH.jpg,cssvd,dataset/images/train/ID_imPOPH.jpg,1,amini-cocoa-contamination-dataset,CC BY 4.0,val
ID_gLxqt6.jpg,healthy,dataset/images/train/ID_gLxqt6.jpg,2,amini-cocoa-contamination-dataset,CC BY 4.0,val
ID_POD5HU.jpeg,healthy,dataset/images/train/ID_POD5HU.jpeg,1,amini-cocoa-contamination-dataset,CC BY 4.0,val
ID_KA5X13.jpeg,anthracnose,dataset/images/train/ID_KA5X13.jpeg,1,amini-cocoa-contamination-dataset,CC BY 4.0,val
ID_WgGnAX.jpg,anthracnose,dataset/images/train/ID_WgGnAX.jpg,2,amini-cocoa-contamination-dataset,CC BY 4.0,val
ID_OCGXwE.jpg,cssvd,dataset/images/train/ID_OCGXwE.jpg,1,amini-cocoa-contamination-dataset,CC BY 4.0,val
ID_ya4jVu.jpeg,anthracnose,dataset/images/train/ID_ya4jVu.jpeg,1,amini-cocoa-contamination-dataset,CC BY 4.0,val
ID_J2r81g.jpeg,anthracnose,dataset/images/train/ID_J2r81g.jpeg,1,amini-cocoa-contamination-dataset,CC BY 4.0,val
ID_nIw6DH.jpg,anthracnose,dataset/images/train/ID_nIw6DH.jpg,1,amini-cocoa-contamination-dataset,CC BY 4.0,val
ID_Zx93hP.jpg,healthy,dataset/images/train/ID_Zx93hP.jpg,1,amini-cocoa-contamination-dataset,CC BY 4.0,val
ID_XUodax.jpeg,healthy,dataset/images/train/ID_XUodax.jpeg,2,amini-cocoa-contamination-dataset,CC BY 4.0,val
ID_goXmqK.jpg,cssvd,dataset/images/train/ID_goXmqK.jpg,3,amini-cocoa-contamination-dataset,CC BY 4.0,val
ID_Q25bS5.jpeg,healthy,dataset/images/train/ID_Q25bS5.jpeg,2,amini-cocoa-contamination-dataset,CC BY 4.0,val
ID_coKq6N.jpeg,healthy,dataset/images/train/ID_coKq6N.jpeg,1,amini-cocoa-contamination-dataset,CC BY 4.0,val
ID_uBZ4qw.jpg,cssvd,dataset/images/train/ID_uBZ4qw.jpg,1,amini-cocoa-contamination-dataset,CC BY 4.0,val
ID_ewBUp5.jpg,healthy,dataset/images/train/ID_ewBUp5.jpg,5,amini-cocoa-contamination-dataset,CC BY 4.0,val
ID_LMWWxr.jpg,anthracnose,dataset/images/train/ID_LMWWxr.jpg,2,amini-cocoa-contamination-dataset,CC BY 4.0,val
ID_YAyY9r.jpeg,anthracnose,dataset/images/train/ID_YAyY9r.jpeg,1,amini-cocoa-contamination-dataset,CC BY 4.0,val
ID_xbBSmM.jpg,cssvd,dataset/images/train/ID_xbBSmM.jpg,2,amini-cocoa-contamination-dataset,CC BY 4.0,val
ID_p0UDej.JPG,anthracnose,dataset/images/train/ID_p0UDej.JPG,1,amini-cocoa-contamination-dataset,CC BY 4.0,val
ID_cDSkIn.jpeg,anthracnose,dataset/images/train/ID_cDSkIn.jpeg,3,amini-cocoa-contamination-dataset,CC BY 4.0,val
ID_NaTp59.jpg,healthy,dataset/images/train/ID_NaTp59.jpg,6,amini-cocoa-contamination-dataset,CC BY 4.0,val
ID_CfrKr3.jpg,cssvd,dataset/images/train/ID_CfrKr3.jpg,2,amini-cocoa-contamination-dataset,CC BY 4.0,val
ID_MG88gj.jpg,healthy,dataset/images/train/ID_MG88gj.jpg,2,amini-cocoa-contamination-dataset,CC BY 4.0,val
ID_pG9JWs.jpg,cssvd,dataset/images/train/ID_pG9JWs.jpg,1,amini-cocoa-contamination-dataset,CC BY 4.0,val
ID_a2eocv.jpg,cssvd,dataset/images/train/ID_a2eocv.jpg,1,amini-cocoa-contamination-dataset,CC BY 4.0,val
ID_lqkrlm.jpg,healthy,dataset/images/train/ID_lqkrlm.jpg,1,amini-cocoa-contamination-dataset,CC BY 4.0,val
ID_VyWBHe.jpg,cssvd,dataset/images/train/ID_VyWBHe.jpg,1,amini-cocoa-contamination-dataset,CC BY 4.0,val
ID_IRWSPd.jpeg,anthracnose,dataset/images/train/ID_IRWSPd.jpeg,1,amini-cocoa-contamination-dataset,CC BY 4.0,val
ID_ERES7m.jpg,cssvd,dataset/images/train/ID_ERES7m.jpg,1,amini-cocoa-contamination-dataset,CC BY 4.0,val
ID_edPL4m.jpg,healthy,dataset/images/train/ID_edPL4m.jpg,3,amini-cocoa-contamination-dataset,CC BY 4.0,val
ID_L2DvUU.jpg,cssvd,dataset/images/train/ID_L2DvUU.jpg,1,amini-cocoa-contamination-dataset,CC BY 4.0,val
ID_hV9tSr.jpeg,cssvd,dataset/images/train/ID_hV9tSr.jpeg,3,amini-cocoa-contamination-dataset,CC BY 4.0,val
ID_Lnn6vf.jpg,anthracnose,dataset/images/train/ID_Lnn6vf.jpg,1,amini-cocoa-contamination-dataset,CC BY 4.0,val
ID_rDYrlp.jpeg,anthracnose,dataset/images/train/ID_rDYrlp.jpeg,1,amini-cocoa-contamination-dataset,CC BY 4.0,val
ID_aJjeNY.jpg,cssvd,dataset/images/train/ID_aJjeNY.jpg,1,amini-cocoa-contamination-dataset,CC BY 4.0,val
ID_yqO9ai.jpeg,healthy,dataset/images/train/ID_yqO9ai.jpeg,2,amini-cocoa-contamination-dataset,CC BY 4.0,val
ID_X1AGkG.jpg,cssvd,dataset/images/train/ID_X1AGkG.jpg,1,amini-cocoa-contamination-dataset,CC BY 4.0,val
ID_aGVlLx.jpeg,anthracnose,dataset/images/train/ID_aGVlLx.jpeg,1,amini-cocoa-contamination-dataset,CC BY 4.0,val
ID_snobAo.jpg,cssvd,dataset/images/train/ID_snobAo.jpg,1,amini-cocoa-contamination-dataset,CC BY 4.0,val
ID_yTDX0t.jpeg,anthracnose,dataset/images/train/ID_yTDX0t.jpeg,1,amini-cocoa-contamination-dataset,CC BY 4.0,val
ID_iOi2qY.jpg,anthracnose,dataset/images/train/ID_iOi2qY.jpg,1,amini-cocoa-contamination-dataset,CC BY 4.0,val
ID_gOLdbn.jpg,anthracnose,dataset/images/train/ID_gOLdbn.jpg,4,amini-cocoa-contamination-dataset,CC BY 4.0,val
ID_IG5vHN.jpg,cssvd,dataset/images/train/ID_IG5vHN.jpg,2,amini-cocoa-contamination-dataset,CC BY 4.0,val
ID_FMUE4O.jpg,cssvd,dataset/images/train/ID_FMUE4O.jpg,1,amini-cocoa-contamination-dataset,CC BY 4.0,val
ID_gvMIUE.jpeg,healthy,dataset/images/train/ID_gvMIUE.jpeg,1,amini-cocoa-contamination-dataset,CC BY 4.0,val
ID_Gxlbjc.jpg,healthy,dataset/images/train/ID_Gxlbjc.jpg,3,amini-cocoa-contamination-dataset,CC BY 4.0,val
ID_Z9vETi.jpg,cssvd,dataset/images/train/ID_Z9vETi.jpg,1,amini-cocoa-contamination-dataset,CC BY 4.0,val
ID_iR2m3t.jpg,cssvd,dataset/images/train/ID_iR2m3t.jpg,1,amini-cocoa-contamination-dataset,CC BY 4.0,val
ID_C5dYqX.jpg,cssvd,dataset/images/train/ID_C5dYqX.jpg,1,amini-cocoa-contamination-dataset,CC BY 4.0,val
ID_OBnEdR.jpeg,anthracnose,dataset/images/train/ID_OBnEdR.jpeg,1,amini-cocoa-contamination-dataset,CC BY 4.0,val
ID_FILnYS.jpg,cssvd,dataset/images/train/ID_FILnYS.jpg,1,amini-cocoa-contamination-dataset,CC BY 4.0,val
ID_qG4W1y.jpeg,cssvd,dataset/images/train/ID_qG4W1y.jpeg,3,amini-cocoa-contamination-dataset,CC BY 4.0,val
ID_lVP1rZ.jpeg,healthy,dataset/images/train/ID_lVP1rZ.jpeg,1,amini-cocoa-contamination-dataset,CC BY 4.0,val
ID_PjyRmE.JPG,healthy,dataset/images/train/ID_PjyRmE.JPG,2,amini-cocoa-contamination-dataset,CC BY 4.0,val
ID_kk7SDW.jpg,anthracnose,dataset/images/train/ID_kk7SDW.jpg,2,amini-cocoa-contamination-dataset,CC BY 4.0,val
ID_z6nJS5.jpg,anthracnose,dataset/images/train/ID_z6nJS5.jpg,1,amini-cocoa-contamination-dataset,CC BY 4.0,val
ID_FQLsLe.jpeg,healthy,dataset/images/train/ID_FQLsLe.jpeg,4,amini-cocoa-contamination-dataset,CC BY 4.0,val
ID_BPKSU9.jpeg,healthy,dataset/images/train/ID_BPKSU9.jpeg,2,amini-cocoa-contamination-dataset,CC BY 4.0,val
ID_lMaGUb.jpeg,anthracnose,dataset/images/train/ID_lMaGUb.jpeg,1,amini-cocoa-contamination-dataset,CC BY 4.0,val
ID_Np148m.jpeg,cssvd,dataset/images/train/ID_Np148m.jpeg,1,amini-cocoa-contamination-dataset,CC BY 4.0,val
ID_aEyVt0.jpeg,cssvd,dataset/images/train/ID_aEyVt0.jpeg,1,amini-cocoa-contamination-dataset,CC BY 4.0,val
ID_AGb8GD.jpg,cssvd,dataset/images/train/ID_AGb8GD.jpg,1,amini-cocoa-contamination-dataset,CC BY 4.0,val
ID_QQOzM9.jpg,cssvd,dataset/images/train/ID_QQOzM9.jpg,2,amini-cocoa-contamination-dataset,CC BY 4.0,val
ID_rJT90R.jpg,anthracnose,dataset/images/train/ID_rJT90R.jpg,1,amini-cocoa-contamination-dataset,CC BY 4.0,val
ID_MNNXAR.jpg,cssvd,dataset/images/train/ID_MNNXAR.jpg,1,amini-cocoa-contamination-dataset,CC BY 4.0,val
ID_DFOYob.jpeg,healthy,dataset/images/train/ID_DFOYob.jpeg,2,amini-cocoa-contamination-dataset,CC BY 4.0,val
ID_spo5e1.jpeg,cssvd,dataset/images/train/ID_spo5e1.jpeg,1,amini-cocoa-contamination-dataset,CC BY 4.0,val
ID_mS3wA3.jpg,healthy,dataset/images/train/ID_mS3wA3.jpg,1,amini-cocoa-contamination-dataset,CC BY 4.0,val
ID_R1AQHh.jpeg,anthracnose,dataset/images/train/ID_R1AQHh.jpeg,1,amini-cocoa-contamination-dataset,CC BY 4.0,val
ID_kbiCRa.jpg,anthracnose,dataset/images/train/ID_kbiCRa.jpg,2,amini-cocoa-contamination-dataset,CC BY 4.0,val
ID_WpAVe8.jpg,healthy,dataset/images/train/ID_WpAVe8.jpg,4,amini-cocoa-contamination-dataset,CC BY 4.0,val
ID_cYhjfX.jpeg,healthy,dataset/images/train/ID_cYhjfX.jpeg,1,amini-cocoa-contamination-dataset,CC BY 4.0,val
ID_OaKvnV.jpg,anthracnose,dataset/images/train/ID_OaKvnV.jpg,1,amini-cocoa-contamination-dataset,CC BY 4.0,val
ID_bA0YSo.JPG,cssvd,dataset/images/train/ID_bA0YSo.JPG,2,amini-cocoa-contamination-dataset,CC BY 4.0,val
ID_WzfgJb.jpg,healthy,dataset/images/train/ID_WzfgJb.jpg,2,amini-cocoa-contamination-dataset,CC BY 4.0,val
ID_oPrd8R.jpg,cssvd,dataset/images/train/ID_oPrd8R.jpg,1,amini-cocoa-contamination-dataset,CC BY 4.0,val
ID_IG5O8X.jpeg,anthracnose,dataset/images/train/ID_IG5O8X.jpeg,2,amini-cocoa-contamination-dataset,CC BY 4.0,val
ID_yMg6qH.jpeg,healthy,dataset/images/train/ID_yMg6qH.jpeg,1,amini-cocoa-contamination-dataset,CC BY 4.0,val
ID_XEBLIH.JPG,cssvd,dataset/images/train/ID_XEBLIH.JPG,2,amini-cocoa-contamination-dataset,CC BY 4.0,val
ID_i2nz3c.jpg,cssvd,dataset/images/train/ID_i2nz3c.jpg,1,amini-cocoa-contamination-dataset,CC BY 4.0,val
ID_g8tywP.jpg,healthy,dataset/images/train/ID_g8tywP.jpg,2,amini-cocoa-contamination-dataset,CC BY 4.0,val
ID_L2Y9Po.jpeg,anthracnose,dataset/images/train/ID_L2Y9Po.jpeg,1,amini-cocoa-contamination-dataset,CC BY 4.0,val
ID_dDjWO1.jpeg,healthy,dataset/images/train/ID_dDjWO1.jpeg,1,amini-cocoa-contamination-dataset,CC BY 4.0,val
ID_cxXTps.jpg,anthracnose,dataset/images/train/ID_cxXTps.jpg,4,amini-cocoa-contamination-dataset,CC BY 4.0,val
ID_LdcsqY.JPG,healthy,dataset/images/train/ID_LdcsqY.JPG,4,amini-cocoa-contamination-dataset,CC BY 4.0,val
ID_Qea2vH.jpg,cssvd,dataset/images/train/ID_Qea2vH.jpg,1,amini-cocoa-contamination-dataset,CC BY 4.0,val
ID_W3fd3H.jpeg,anthracnose,dataset/images/train/ID_W3fd3H.jpeg,1,amini-cocoa-contamination-dataset,CC BY 4.0,val
ID_DlpLha.jpg,cssvd,dataset/images/train/ID_DlpLha.jpg,2,amini-cocoa-contamination-dataset,CC BY 4.0,val
ID_WsMsrV.jpg,healthy,dataset/images/train/ID_WsMsrV.jpg,2,amini-cocoa-contamination-dataset,CC BY 4.0,val
ID_n9E1XF.jpg,cssvd,dataset/images/train/ID_n9E1XF.jpg,2,amini-cocoa-contamination-dataset,CC BY 4.0,val
ID_gVPrzr.jpeg,anthracnose,dataset/images/train/ID_gVPrzr.jpeg,2,amini-cocoa-contamination-dataset,CC BY 4.0,val
ID_UOW1yF.jpg,anthracnose,dataset/images/train/ID_UOW1yF.jpg,1,amini-cocoa-contamination-dataset,CC BY 4.0,val
ID_U0CRwt.JPG,healthy,dataset/images/train/ID_U0CRwt.JPG,4,amini-cocoa-contamination-dataset,CC BY 4.0,val
ID_WIvFKs.jpeg,healthy,dataset/images/train/ID_WIvFKs.jpeg,2,amini-cocoa-contamination-dataset,CC BY 4.0,val
ID_sNVB1F.jpg,cssvd,dataset/images/train/ID_sNVB1F.jpg,1,amini-cocoa-contamination-dataset,CC BY 4.0,val
ID_gpNiXk.jpg,cssvd,dataset/images/train/ID_gpNiXk.jpg,1,amini-cocoa-contamination-dataset,CC BY 4.0,val
ID_v9DZbj.JPG,healthy,dataset/images/train/ID_v9DZbj.JPG,3,amini-cocoa-contamination-dataset,CC BY 4.0,val
ID_G4kjaL.jpeg,healthy,dataset/images/train/ID_G4kjaL.jpeg,2,amini-cocoa-contamination-dataset,CC BY 4.0,val
ID_KgcE16.jpg,cssvd,dataset/images/train/ID_KgcE16.jpg,1,amini-cocoa-contamination-dataset,CC BY 4.0,val
ID_nUXHtG.jpg,anthracnose,dataset/images/train/ID_nUXHtG.jpg,3,amini-cocoa-contamination-dataset,CC BY 4.0,val
ID_qvS5DT.jpg,cssvd,dataset/images/train/ID_qvS5DT.jpg,1,amini-cocoa-contamination-dataset,CC BY 4.0,val
ID_g8OCCI.jpg,healthy,dataset/images/train/ID_g8OCCI.jpg,2,amini-cocoa-contamination-dataset,CC BY 4.0,val
ID_cxJBO5.jpg,anthracnose,dataset/images/train/ID_cxJBO5.jpg,4,amini-cocoa-contamination-dataset,CC BY 4.0,val
ID_rE6F92.jpeg,anthracnose,dataset/images/train/ID_rE6F92.jpeg,1,amini-cocoa-contamination-dataset,CC BY 4.0,val
ID_zd3C3b.jpg,cssvd,dataset/images/train/ID_zd3C3b.jpg,1,amini-cocoa-contamination-dataset,CC BY 4.0,val
ID_eUn7Eb.jpg,healthy,dataset/images/train/ID_eUn7Eb.jpg,2,amini-cocoa-contamination-dataset,CC BY 4.0,val
ID_xKmnqe.JPG,anthracnose,dataset/images/train/ID_xKmnqe.JPG,1,amini-cocoa-contamination-dataset,CC BY 4.0,val
ID_WAsH7E.jpeg,healthy,dataset/images/train/ID_WAsH7E.jpeg,1,amini-cocoa-contamination-dataset,CC BY 4.0,val
ID_FqjzjR.jpg,cssvd,dataset/images/train/ID_FqjzjR.jpg,1,amini-cocoa-contamination-dataset,CC BY 4.0,val
ID_DxYIe1.JPG,healthy,dataset/images/train/ID_DxYIe1.JPG,2,amini-cocoa-contamination-dataset,CC BY 4.0,val
ID_Itd6eF.jpg,anthracnose,dataset/images/train/ID_Itd6eF.jpg,1,amini-cocoa-contamination-dataset,CC BY 4.0,val
ID_ut9UKw.jpg,cssvd,dataset/images/train/ID_ut9UKw.jpg,2,amini-cocoa-contamination-dataset,CC BY 4.0,val
ID_InrKDN.jpg,cssvd,dataset/images/train/ID_InrKDN.jpg,1,amini-cocoa-contamination-dataset,CC BY 4.0,val
ID_v0bJbH.jpg,cssvd,dataset/images/train/ID_v0bJbH.jpg,1,amini-cocoa-contamination-dataset,CC BY 4.0,val
ID_ErFwGP.jpg,cssvd,dataset/images/train/ID_ErFwGP.jpg,1,amini-cocoa-contamination-dataset,CC BY 4.0,val
ID_nHlwiJ.jpg,anthracnose,dataset/images/train/ID_nHlwiJ.jpg,2,amini-cocoa-contamination-dataset,CC BY 4.0,val
ID_oi44tG.jpg,cssvd,dataset/images/train/ID_oi44tG.jpg,1,amini-cocoa-contamination-dataset,CC BY 4.0,val
ID_mQ3vBW.jpg,cssvd,dataset/images/train/ID_mQ3vBW.jpg,1,amini-cocoa-contamination-dataset,CC BY 4.0,val
ID_PQm2Ft.jpeg,healthy,dataset/images/train/ID_PQm2Ft.jpeg,1,amini-cocoa-contamination-dataset,CC BY 4.0,val
ID_ThQboC.jpg,anthracnose,dataset/images/train/ID_ThQboC.jpg,2,amini-cocoa-contamination-dataset,CC BY 4.0,val
ID_wp5fH7.jpeg,anthracnose,dataset/images/train/ID_wp5fH7.jpeg,1,amini-cocoa-contamination-dataset,CC BY 4.0,val
ID_qaYuXk.jpg,healthy,dataset/images/train/ID_qaYuXk.jpg,3,amini-cocoa-contamination-dataset,CC BY 4.0,val
ID_Q0PXyQ.jpg,cssvd,dataset/images/train/ID_Q0PXyQ.jpg,1,amini-cocoa-contamination-dataset,CC BY 4.0,val
ID_XigFuK.jpg,healthy,dataset/images/train/ID_XigFuK.jpg,3,amini-cocoa-contamination-dataset,CC BY 4.0,val
ID_FADrxD.jpeg,anthracnose,dataset/images/train/ID_FADrxD.jpeg,1,amini-cocoa-contamination-dataset,CC BY 4.0,val
ID_cn22BD.jpg,cssvd,dataset/images/train/ID_cn22BD.jpg,1,amini-cocoa-contamination-dataset,CC BY 4.0,val
ID_LeJOjI.JPG,cssvd,dataset/images/train/ID_LeJOjI.JPG,1,amini-cocoa-contamination-dataset,CC BY 4.0,val
ID_FpZbRN.jpg,healthy,dataset/images/train/ID_FpZbRN.jpg,2,amini-cocoa-contamination-dataset,CC BY 4.0,val
ID_ZqJDeg.jpg,cssvd,dataset/images/train/ID_ZqJDeg.jpg,2,amini-cocoa-contamination-dataset,CC BY 4.0,val
ID_YWnssE.jpg,healthy,dataset/images/train/ID_YWnssE.jpg,1,amini-cocoa-contamination-dataset,CC BY 4.0,val
ID_dKJYh6.jpg,anthracnose,dataset/images/train/ID_dKJYh6.jpg,3,amini-cocoa-contamination-dataset,CC BY 4.0,val
ID_WoZ1kJ.jpeg,healthy,dataset/images/train/ID_WoZ1kJ.jpeg,3,amini-cocoa-contamination-dataset,CC BY 4.0,val
ID_Fysyz5.jpg,healthy,dataset/images/train/ID_Fysyz5.jpg,2,amini-cocoa-contamination-dataset,CC BY 4.0,val
ID_YczISl.jpg,cssvd,dataset/images/train/ID_YczISl.jpg,1,amini-cocoa-contamination-dataset,CC BY 4.0,val
ID_YL4qbP.jpg,healthy,dataset/images/train/ID_YL4qbP.jpg,2,amini-cocoa-contamination-dataset,CC BY 4.0,val
ID_kKCQo7.jpg,healthy,dataset/images/train/ID_kKCQo7.jpg,1,amini-cocoa-contamination-dataset,CC BY 4.0,val
ID_W4XZlj.jpg,cssvd,dataset/images/train/ID_W4XZlj.jpg,1,amini-cocoa-contamination-dataset,CC BY 4.0,val
ID_hVfe1o.jpg,healthy,dataset/images/train/ID_hVfe1o.jpg,11,amini-cocoa-contamination-dataset,CC BY 4.0,val
ID_sLg7EH.jpeg,cssvd,dataset/images/train/ID_sLg7EH.jpeg,3,amini-cocoa-contamination-dataset,CC BY 4.0,val
ID_GDKBgS.jpg,cssvd,dataset/images/train/ID_GDKBgS.jpg,1,amini-cocoa-contamination-dataset,CC BY 4.0,val
ID_ktwFBh.jpg,healthy,dataset/images/train/ID_ktwFBh.jpg,1,amini-cocoa-contamination-dataset,CC BY 4.0,val
ID_oE781m.jpg,anthracnose,dataset/images/train/ID_oE781m.jpg,2,amini-cocoa-contamination-dataset,CC BY 4.0,val
ID_hp0mec.JPG,healthy,dataset/images/train/ID_hp0mec.JPG,1,amini-cocoa-contamination-dataset,CC BY 4.0,val
ID_LCLEO1.jpeg,anthracnose,dataset/images/train/ID_LCLEO1.jpeg,3,amini-cocoa-contamination-dataset,CC BY 4.0,val
ID_AWx5cy.jpeg,healthy,dataset/images/train/ID_AWx5cy.jpeg,1,amini-cocoa-contamination-dataset,CC BY 4.0,val
ID_eWPeoY.jpg,anthracnose,dataset/images/train/ID_eWPeoY.jpg,1,amini-cocoa-contamination-dataset,CC BY 4.0,val
ID_BPV6ab.jpg,cssvd,dataset/images/train/ID_BPV6ab.jpg,1,amini-cocoa-contamination-dataset,CC BY 4.0,val
ID_hbc544.jpg,cssvd,dataset/images/train/ID_hbc544.jpg,1,amini-cocoa-contamination-dataset,CC BY 4.0,val
ID_aSedAM.jpg,cssvd,dataset/images/train/ID_aSedAM.jpg,2,amini-cocoa-contamination-dataset,CC BY 4.0,val
ID_w8UyYN.jpg,anthracnose,dataset/images/train/ID_w8UyYN.jpg,1,amini-cocoa-contamination-dataset,CC BY 4.0,val
ID_O8Ii5s.jpg,anthracnose,dataset/images/train/ID_O8Ii5s.jpg,1,amini-cocoa-contamination-dataset,CC BY 4.0,val
ID_xGJqYg.jpg,anthracnose,dataset/images/train/ID_xGJqYg.jpg,1,amini-cocoa-contamination-dataset,CC BY 4.0,val
ID_oOANSY.jpg,cssvd,dataset/images/train/ID_oOANSY.jpg,1,amini-cocoa-contamination-dataset,CC BY 4.0,val
ID_WK07v2.jpg,anthracnose,dataset/images/train/ID_WK07v2.jpg,3,amini-cocoa-contamination-dataset,CC BY 4.0,val
ID_Umc0P2.jpeg,anthracnose,dataset/images/train/ID_Umc0P2.jpeg,1,amini-cocoa-contamination-dataset,CC BY 4.0,val
ID_lkicyt.jpg,cssvd,dataset/images/train/ID_lkicyt.jpg,1,amini-cocoa-contamination-dataset,CC BY 4.0,val
ID_aIrp3P.jpg,anthracnose,dataset/images/train/ID_aIrp3P.jpg,1,amini-cocoa-contamination-dataset,CC BY 4.0,val
ID_rk2pMF.jpg,cssvd,dataset/images/train/ID_rk2pMF.jpg,1,amini-cocoa-contamination-dataset,CC BY 4.0,val
ID_S4A1Cc.jpg,anthracnose,dataset/images/train/ID_S4A1Cc.jpg,3,amini-cocoa-contamination-dataset,CC BY 4.0,val
ID_B8KKKw.jpeg,anthracnose,dataset/images/train/ID_B8KKKw.jpeg,5,amini-cocoa-contamination-dataset,CC BY 4.0,val
ID_B1nsMa.jpg,cssvd,dataset/images/train/ID_B1nsMa.jpg,1,amini-cocoa-contamination-dataset,CC BY 4.0,val
ID_CIUM7R.jpg,anthracnose,dataset/images/train/ID_CIUM7R.jpg,3,amini-cocoa-contamination-dataset,CC BY 4.0,val
ID_CIhuBX.jpg,cssvd,dataset/images/train/ID_CIhuBX.jpg,4,amini-cocoa-contamination-dataset,CC BY 4.0,val
ID_A3ZjTJ.jpeg,cssvd,dataset/images/train/ID_A3ZjTJ.jpeg,1,amini-cocoa-contamination-dataset,CC BY 4.0,val
ID_myVubk.jpg,healthy,dataset/images/train/ID_myVubk.jpg,5,amini-cocoa-contamination-dataset,CC BY 4.0,val
ID_XNMukH.jpg,anthracnose,dataset/images/train/ID_XNMukH.jpg,4,amini-cocoa-contamination-dataset,CC BY 4.0,val
ID_JXZ9xA.jpg,cssvd,dataset/images/train/ID_JXZ9xA.jpg,1,amini-cocoa-contamination-dataset,CC BY 4.0,val
ID_QK43gz.jpg,cssvd,dataset/images/train/ID_QK43gz.jpg,3,amini-cocoa-contamination-dataset,CC BY 4.0,val
ID_UIsNO1.jpeg,cssvd,dataset/images/train/ID_UIsNO1.jpeg,2,amini-cocoa-contamination-dataset,CC BY 4.0,val
ID_GYom4g.jpg,cssvd,dataset/images/train/ID_GYom4g.jpg,1,amini-cocoa-contamination-dataset,CC BY 4.0,val
ID_HJBY9q.jpg,healthy,dataset/images/train/ID_HJBY9q.jpg,3,amini-cocoa-contamination-dataset,CC BY 4.0,val
ID_LrAUis.JPG,healthy,dataset/images/train/ID_LrAUis.JPG,1,amini-cocoa-contamination-dataset,CC BY 4.0,val
ID_KeGVZB.jpg,cssvd,dataset/images/train/ID_KeGVZB.jpg,6,amini-cocoa-contamination-dataset,CC BY 4.0,val
ID_XJbgAw.jpg,healthy,dataset/images/train/ID_XJbgAw.jpg,3,amini-cocoa-contamination-dataset,CC BY 4.0,val
ID_tsmm8O.jpeg,anthracnose,dataset/images/train/ID_tsmm8O.jpeg,6,amini-cocoa-contamination-dataset,CC BY 4.0,val
ID_ic5HHu.jpg,healthy,dataset/images/train/ID_ic5HHu.jpg,3,amini-cocoa-contamination-dataset,CC BY 4.0,val
ID_ylL5cN.jpg,anthracnose,dataset/images/train/ID_ylL5cN.jpg,2,amini-cocoa-contamination-dataset,CC BY 4.0,val
ID_hKHfnG.jpg,cssvd,dataset/images/train/ID_hKHfnG.jpg,3,amini-cocoa-contamination-dataset,CC BY 4.0,val
ID_ToNqcZ.jpeg,anthracnose,dataset/images/train/ID_ToNqcZ.jpeg,1,amini-cocoa-contamination-dataset,CC BY 4.0,val
ID_Ag3bUr.jpeg,anthracnose,dataset/images/train/ID_Ag3bUr.jpeg,1,amini-cocoa-contamination-dataset,CC BY 4.0,val
ID_BCcRec.jpeg,anthracnose,dataset/images/train/ID_BCcRec.jpeg,1,amini-cocoa-contamination-dataset,CC BY 4.0,val
ID_fiFUkh.jpeg,healthy,dataset/images/train/ID_fiFUkh.jpeg,2,amini-cocoa-contamination-dataset,CC BY 4.0,val
ID_aTTp2e.jpg,healthy,dataset/images/train/ID_aTTp2e.jpg,1,amini-cocoa-contamination-dataset,CC BY 4.0,val
ID_ai5qGA.jpeg,healthy,dataset/images/train/ID_ai5qGA.jpeg,2,amini-cocoa-contamination-dataset,CC BY 4.0,val
ID_kgpRYu.jpg,anthracnose,dataset/images/train/ID_kgpRYu.jpg,6,amini-cocoa-contamination-dataset,CC BY 4.0,val
ID_QsfYSv.jpg,anthracnose,dataset/images/train/ID_QsfYSv.jpg,1,amini-cocoa-contamination-dataset,CC BY 4.0,val
ID_pISEK3.jpg,healthy,dataset/images/train/ID_pISEK3.jpg,1,amini-cocoa-contamination-dataset,CC BY 4.0,val
ID_LW6lMG.jpg,cssvd,dataset/images/train/ID_LW6lMG.jpg,1,amini-cocoa-contamination-dataset,CC BY 4.0,val
ID_OYkgtZ.jpg,cssvd,dataset/images/train/ID_OYkgtZ.jpg,2,amini-cocoa-contamination-dataset,CC BY 4.0,val
ID_RA3pbH.jpg,cssvd,dataset/images/train/ID_RA3pbH.jpg,3,amini-cocoa-contamination-dataset,CC BY 4.0,val
ID_zMfWB1.jpeg,anthracnose,dataset/images/train/ID_zMfWB1.jpeg,1,amini-cocoa-contamination-dataset,CC BY 4.0,val
ID_eB7ElB.jpg,anthracnose,dataset/images/train/ID_eB7ElB.jpg,2,amini-cocoa-contamination-dataset,CC BY 4.0,val
ID_vd36PY.jpeg,cssvd,dataset/images/train/ID_vd36PY.jpeg,2,amini-cocoa-contamination-dataset,CC BY 4.0,val
ID_lqgUrK.jpg,anthracnose,dataset/images/train/ID_lqgUrK.jpg,1,amini-cocoa-contamination-dataset,CC BY 4.0,val
ID_ZGYvla.jpg,cssvd,dataset/images/train/ID_ZGYvla.jpg,1,amini-cocoa-contamination-dataset,CC BY 4.0,val
ID_DaLWAp.jpg,healthy,dataset/images/train/ID_DaLWAp.jpg,1,amini-cocoa-contamination-dataset,CC BY 4.0,val
ID_Vn1626.jpg,cssvd,dataset/images/train/ID_Vn1626.jpg,1,amini-cocoa-contamination-dataset,CC BY 4.0,val
ID_QcEczC.jpg,healthy,dataset/images/train/ID_QcEczC.jpg,3,amini-cocoa-contamination-dataset,CC BY 4.0,val
ID_eAyMYw.jpeg,anthracnose,dataset/images/train/ID_eAyMYw.jpeg,1,amini-cocoa-contamination-dataset,CC BY 4.0,val
ID_Rsaknj.jpg,cssvd,dataset/images/train/ID_Rsaknj.jpg,1,amini-cocoa-contamination-dataset,CC BY 4.0,val
ID_Y0xQIy.jpg,cssvd,dataset/images/train/ID_Y0xQIy.jpg,3,amini-cocoa-contamination-dataset,CC BY 4.0,val
ID_g9uBPQ.jpg,cssvd,dataset/images/train/ID_g9uBPQ.jpg,1,amini-cocoa-contamination-dataset,CC BY 4.0,val
ID_rhhpgq.jpg,healthy,dataset/images/train/ID_rhhpgq.jpg,1,amini-cocoa-contamination-dataset,CC BY 4.0,val
ID_IB96I7.jpg,cssvd,dataset/images/train/ID_IB96I7.jpg,1,amini-cocoa-contamination-dataset,CC BY 4.0,val
ID_ZQpy1w.jpeg,healthy,dataset/images/train/ID_ZQpy1w.jpeg,1,amini-cocoa-contamination-dataset,CC BY 4.0,val
ID_TjX1TJ.jpg,cssvd,dataset/images/train/ID_TjX1TJ.jpg,2,amini-cocoa-contamination-dataset,CC BY 4.0,val
ID_ESQAmP.jpeg,anthracnose,dataset/images/train/ID_ESQAmP.jpeg,1,amini-cocoa-contamination-dataset,CC BY 4.0,val
ID_eS6d4p.jpg,cssvd,dataset/images/train/ID_eS6d4p.jpg,1,amini-cocoa-contamination-dataset,CC BY 4.0,val
ID_r9wbtf.jpg,cssvd,dataset/images/train/ID_r9wbtf.jpg,2,amini-cocoa-contamination-dataset,CC BY 4.0,val
ID_D1Gtia.jpg,cssvd,dataset/images/train/ID_D1Gtia.jpg,1,amini-cocoa-contamination-dataset,CC BY 4.0,val
ID_z20tfm.jpg,healthy,dataset/images/train/ID_z20tfm.jpg,4,amini-cocoa-contamination-dataset,CC BY 4.0,val
ID_HLwqQJ.jpeg,healthy,dataset/images/train/ID_HLwqQJ.jpeg,2,amini-cocoa-contamination-dataset,CC BY 4.0,val
ID_kmDQij.jpeg,healthy,dataset/images/train/ID_kmDQij.jpeg,3,amini-cocoa-contamination-dataset,CC BY 4.0,val
ID_uhiMNP.jpg,healthy,dataset/images/train/ID_uhiMNP.jpg,3,amini-cocoa-contamination-dataset,CC BY 4.0,val
ID_NuyEeD.jpeg,anthracnose,dataset/images/train/ID_NuyEeD.jpeg,2,amini-cocoa-contamination-dataset,CC BY 4.0,val
ID_cVl50M.jpeg,healthy,dataset/images/train/ID_cVl50M.jpeg,1,amini-cocoa-contamination-dataset,CC BY 4.0,val
ID_D5k3oV.jpeg,healthy,dataset/images/train/ID_D5k3oV.jpeg,1,amini-cocoa-contamination-dataset,CC BY 4.0,val
ID_KdZWas.jpeg,anthracnose,dataset/images/train/ID_KdZWas.jpeg,1,amini-cocoa-contamination-dataset,CC BY 4.0,val
ID_WpVlgx.jpeg,anthracnose,dataset/images/train/ID_WpVlgx.jpeg,1,amini-cocoa-contamination-dataset,CC BY 4.0,val
ID_PgOohD.jpg,cssvd,dataset/images/train/ID_PgOohD.jpg,2,amini-cocoa-contamination-dataset,CC BY 4.0,val
ID_XRAYlA.jpeg,anthracnose,dataset/images/train/ID_XRAYlA.jpeg,2,amini-cocoa-contamination-dataset,CC BY 4.0,val
ID_vqutPf.jpeg,healthy,dataset/images/train/ID_vqutPf.jpeg,1,amini-cocoa-contamination-dataset,CC BY 4.0,val
ID_X5PDqI.jpg,cssvd,dataset/images/train/ID_X5PDqI.jpg,1,amini-cocoa-contamination-dataset,CC BY 4.0,val
ID_caISaK.JPG,healthy,dataset/images/train/ID_caISaK.JPG,1,amini-cocoa-contamination-dataset,CC BY 4.0,val
ID_Vnz3XX.jpg,healthy,dataset/images/train/ID_Vnz3XX.jpg,4,amini-cocoa-contamination-dataset,CC BY 4.0,val
ID_rWTZaw.jpg,anthracnose,dataset/images/train/ID_rWTZaw.jpg,3,amini-cocoa-contamination-dataset,CC BY 4.0,val
ID_OXLdyE.jpg,anthracnose,dataset/images/train/ID_OXLdyE.jpg,1,amini-cocoa-contamination-dataset,CC BY 4.0,val
ID_YHpgGZ.jpg,cssvd,dataset/images/train/ID_YHpgGZ.jpg,2,amini-cocoa-contamination-dataset,CC BY 4.0,val
ID_IaMG9k.jpg,cssvd,dataset/images/train/ID_IaMG9k.jpg,1,amini-cocoa-contamination-dataset,CC BY 4.0,val
ID_pkCDde.jpeg,anthracnose,dataset/images/train/ID_pkCDde.jpeg,1,amini-cocoa-contamination-dataset,CC BY 4.0,val
ID_b8SZ78.jpg,cssvd,dataset/images/train/ID_b8SZ78.jpg,1,amini-cocoa-contamination-dataset,CC BY 4.0,val
ID_Lf4fkm.jpg,cssvd,dataset/images/train/ID_Lf4fkm.jpg,1,amini-cocoa-contamination-dataset,CC BY 4.0,val
ID_Vw3mjI.jpeg,cssvd,dataset/images/train/ID_Vw3mjI.jpeg,1,amini-cocoa-contamination-dataset,CC BY 4.0,val
ID_mY1xHe.jpg,healthy,dataset/images/train/ID_mY1xHe.jpg,2,amini-cocoa-contamination-dataset,CC BY 4.0,val
ID_ZpTjLF.jpg,cssvd,dataset/images/train/ID_ZpTjLF.jpg,1,amini-cocoa-contamination-dataset,CC BY 4.0,val
ID_K8R1Kd.jpg,anthracnose,dataset/images/train/ID_K8R1Kd.jpg,2,amini-cocoa-contamination-dataset,CC BY 4.0,val
ID_bSoAUP.jpg,healthy,dataset/images/train/ID_bSoAUP.jpg,2,amini-cocoa-contamination-dataset,CC BY 4.0,val
ID_RUEBT5.jpg,healthy,dataset/images/train/ID_RUEBT5.jpg,3,amini-cocoa-contamination-dataset,CC BY 4.0,val
ID_ti4Kcq.jpeg,healthy,dataset/images/train/ID_ti4Kcq.jpeg,2,amini-cocoa-contamination-dataset,CC BY 4.0,val
ID_LfDJQe.jpg,cssvd,dataset/images/train/ID_LfDJQe.jpg,1,amini-cocoa-contamination-dataset,CC BY 4.0,val
ID_vlIf91.jpeg,healthy,dataset/images/train/ID_vlIf91.jpeg,3,amini-cocoa-contamination-dataset,CC BY 4.0,val
ID_LINTWo.jpg,cssvd,dataset/images/train/ID_LINTWo.jpg,1,amini-cocoa-contamination-dataset,CC BY 4.0,val
ID_wyEroX.jpg,healthy,dataset/images/train/ID_wyEroX.jpg,4,amini-cocoa-contamination-dataset,CC BY 4.0,val
ID_o4tKdZ.JPG,cssvd,dataset/images/train/ID_o4tKdZ.JPG,1,amini-cocoa-contamination-dataset,CC BY 4.0,val
ID_pTosIS.jpg,healthy,dataset/images/train/ID_pTosIS.jpg,1,amini-cocoa-contamination-dataset,CC BY 4.0,val
ID_iiTZZW.jpg,cssvd,dataset/images/train/ID_iiTZZW.jpg,2,amini-cocoa-contamination-dataset,CC BY 4.0,val
ID_zXk5jj.jpeg,anthracnose,dataset/images/train/ID_zXk5jj.jpeg,1,amini-cocoa-contamination-dataset,CC BY 4.0,val
ID_C0JVmU.jpg,cssvd,dataset/images/train/ID_C0JVmU.jpg,1,amini-cocoa-contamination-dataset,CC BY 4.0,val
ID_EqJVm9.jpg,anthracnose,dataset/images/train/ID_EqJVm9.jpg,3,amini-cocoa-contamination-dataset,CC BY 4.0,val
ID_JTxsIM.jpg,cssvd,dataset/images/train/ID_JTxsIM.jpg,1,amini-cocoa-contamination-dataset,CC BY 4.0,val
ID_ffnA9h.jpg,cssvd,dataset/images/train/ID_ffnA9h.jpg,1,amini-cocoa-contamination-dataset,CC BY 4.0,val
ID_CJB6aP.jpg,anthracnose,dataset/images/train/ID_CJB6aP.jpg,1,amini-cocoa-contamination-dataset,CC BY 4.0,val
ID_b79UqG.jpg,cssvd,dataset/images/train/ID_b79UqG.jpg,1,amini-cocoa-contamination-dataset,CC BY 4.0,val
ID_hYwSRt.jpeg,cssvd,dataset/images/train/ID_hYwSRt.jpeg,1,amini-cocoa-contamination-dataset,CC BY 4.0,val
ID_XOIRIH.jpg,cssvd,dataset/images/train/ID_XOIRIH.jpg,1,amini-cocoa-contamination-dataset,CC BY 4.0,val
ID_sfKlgo.jpg,cssvd,dataset/images/train/ID_sfKlgo.jpg,2,amini-cocoa-contamination-dataset,CC BY 4.0,val
ID_JyEUOo.jpeg,healthy,dataset/images/train/ID_JyEUOo.jpeg,2,amini-cocoa-contamination-dataset,CC BY 4.0,val
ID_ir1VRs.jpeg,anthracnose,dataset/images/train/ID_ir1VRs.jpeg,1,amini-cocoa-contamination-dataset,CC BY 4.0,val
ID_hXVkkH.jpg,anthracnose,dataset/images/train/ID_hXVkkH.jpg,3,amini-cocoa-contamination-dataset,CC BY 4.0,val
ID_WU9wED.jpeg,healthy,dataset/images/train/ID_WU9wED.jpeg,1,amini-cocoa-contamination-dataset,CC BY 4.0,val
ID_IQF0B0.jpg,healthy,dataset/images/train/ID_IQF0B0.jpg,3,amini-cocoa-contamination-dataset,CC BY 4.0,val
ID_gHEtJ4.jpeg,healthy,dataset/images/train/ID_gHEtJ4.jpeg,1,amini-cocoa-contamination-dataset,CC BY 4.0,val
ID_BerVLr.jpg,anthracnose,dataset/images/train/ID_BerVLr.jpg,1,amini-cocoa-contamination-dataset,CC BY 4.0,val
ID_pzmALQ.jpeg,cssvd,dataset/images/train/ID_pzmALQ.jpeg,2,amini-cocoa-contamination-dataset,CC BY 4.0,val
ID_iYcCHy.jpg,anthracnose,dataset/images/train/ID_iYcCHy.jpg,2,amini-cocoa-contamination-dataset,CC BY 4.0,val
ID_hJQzfe.jpg,cssvd,dataset/images/train/ID_hJQzfe.jpg,1,amini-cocoa-contamination-dataset,CC BY 4.0,val
ID_bmiZRU.jpeg,cssvd,dataset/images/train/ID_bmiZRU.jpeg,1,amini-cocoa-contamination-dataset,CC BY 4.0,val
ID_dklLNv.JPG,anthracnose,dataset/images/train/ID_dklLNv.JPG,3,amini-cocoa-contamination-dataset,CC BY 4.0,val
ID_v7v2kx.jpg,cssvd,dataset/images/train/ID_v7v2kx.jpg,2,amini-cocoa-contamination-dataset,CC BY 4.0,val
ID_MORzJk.jpg,anthracnose,dataset/images/train/ID_MORzJk.jpg,1,amini-cocoa-contamination-dataset,CC BY 4.0,val
ID_MbZhzx.jpeg,anthracnose,dataset/images/train/ID_MbZhzx.jpeg,1,amini-cocoa-contamination-dataset,CC BY 4.0,val
ID_J5Ts6J.jpg,healthy,dataset/images/train/ID_J5Ts6J.jpg,3,amini-cocoa-contamination-dataset,CC BY 4.0,val
ID_esJeB7.jpg,cssvd,dataset/images/train/ID_esJeB7.jpg,1,amini-cocoa-contamination-dataset,CC BY 4.0,val
ID_MAocM7.jpg,anthracnose,dataset/images/train/ID_MAocM7.jpg,2,amini-cocoa-contamination-dataset,CC BY 4.0,val
ID_xdQ2C2.jpg,cssvd,dataset/images/train/ID_xdQ2C2.jpg,1,amini-cocoa-contamination-dataset,CC BY 4.0,val
ID_R93Rdd.jpg,cssvd,dataset/images/train/ID_R93Rdd.jpg,1,amini-cocoa-contamination-dataset,CC BY 4.0,val
ID_ONdWcH.jpeg,anthracnose,dataset/images/train/ID_ONdWcH.jpeg,1,amini-cocoa-contamination-dataset,CC BY 4.0,val
ID_WSonjf.jpg,cssvd,dataset/images/train/ID_WSonjf.jpg,1,amini-cocoa-contamination-dataset,CC BY 4.0,val
ID_jXQazD.jpg,cssvd,dataset/images/train/ID_jXQazD.jpg,1,amini-cocoa-contamination-dataset,CC BY 4.0,val
ID_nNYitU.jpg,cssvd,dataset/images/train/ID_nNYitU.jpg,1,amini-cocoa-contamination-dataset,CC BY 4.0,val
ID_t5c5NY.jpg,healthy,dataset/images/train/ID_t5c5NY.jpg,1,amini-cocoa-contamination-dataset,CC BY 4.0,val
ID_n2rJ5T.jpeg,healthy,dataset/images/train/ID_n2rJ5T.jpeg,1,amini-cocoa-contamination-dataset,CC BY 4.0,val
ID_rCMbN1.jpg,anthracnose,dataset/images/train/ID_rCMbN1.jpg,2,amini-cocoa-contamination-dataset,CC BY 4.0,val
ID_jGHoI7.jpg,healthy,dataset/images/train/ID_jGHoI7.jpg,4,amini-cocoa-contamination-dataset,CC BY 4.0,val
ID_cRrzcV.jpg,anthracnose,dataset/images/train/ID_cRrzcV.jpg,2,amini-cocoa-contamination-dataset,CC BY 4.0,val
ID_SeV0R4.jpg,cssvd,dataset/images/train/ID_SeV0R4.jpg,3,amini-cocoa-contamination-dataset,CC BY 4.0,val
ID_UG2EuT.jpeg,healthy,dataset/images/train/ID_UG2EuT.jpeg,2,amini-cocoa-contamination-dataset,CC BY 4.0,val
ID_GYWg8k.jpg,cssvd,dataset/images/train/ID_GYWg8k.jpg,1,amini-cocoa-contamination-dataset,CC BY 4.0,val
ID_vAMZuf.jpg,cssvd,dataset/images/train/ID_vAMZuf.jpg,2,amini-cocoa-contamination-dataset,CC BY 4.0,val
ID_K7hS6L.jpg,cssvd,dataset/images/train/ID_K7hS6L.jpg,1,amini-cocoa-contamination-dataset,CC BY 4.0,val
ID_gs1JJ1.jpg,cssvd,dataset/images/train/ID_gs1JJ1.jpg,1,amini-cocoa-contamination-dataset,CC BY 4.0,val
ID_sLMTc4.JPG,healthy,dataset/images/train/ID_sLMTc4.JPG,11,amini-cocoa-contamination-dataset,CC BY 4.0,val
ID_bkxZkJ.jpg,cssvd,dataset/images/train/ID_bkxZkJ.jpg,1,amini-cocoa-contamination-dataset,CC BY 4.0,val
ID_CAic9T.jpeg,anthracnose,dataset/images/train/ID_CAic9T.jpeg,1,amini-cocoa-contamination-dataset,CC BY 4.0,val
ID_AvNfWx.jpg,healthy,dataset/images/train/ID_AvNfWx.jpg,1,amini-cocoa-contamination-dataset,CC BY 4.0,val
ID_RBjLcg.jpg,anthracnose,dataset/images/train/ID_RBjLcg.jpg,1,amini-cocoa-contamination-dataset,CC BY 4.0,val
ID_lP0KJG.jpg,anthracnose,dataset/images/train/ID_lP0KJG.jpg,1,amini-cocoa-contamination-dataset,CC BY 4.0,val
ID_WdhX1C.jpeg,cssvd,dataset/images/train/ID_WdhX1C.jpeg,2,amini-cocoa-contamination-dataset,CC BY 4.0,val
ID_NT6ITr.jpg,anthracnose,dataset/images/train/ID_NT6ITr.jpg,1,amini-cocoa-contamination-dataset,CC BY 4.0,val
ID_yYemXv.jpg,cssvd,dataset/images/train/ID_yYemXv.jpg,1,amini-cocoa-contamination-dataset,CC BY 4.0,val
ID_DyrTW2.jpg,anthracnose,dataset/images/train/ID_DyrTW2.jpg,2,amini-cocoa-contamination-dataset,CC BY 4.0,val
ID_D0PgZz.jpg,cssvd,dataset/images/train/ID_D0PgZz.jpg,1,amini-cocoa-contamination-dataset,CC BY 4.0,val
ID_NqWAgm.jpg,anthracnose,dataset/images/train/ID_NqWAgm.jpg,3,amini-cocoa-contamination-dataset,CC BY 4.0,val
ID_PBY9kQ.jpg,cssvd,dataset/images/train/ID_PBY9kQ.jpg,1,amini-cocoa-contamination-dataset,CC BY 4.0,val
ID_kgIkxF.jpg,healthy,dataset/images/train/ID_kgIkxF.jpg,2,amini-cocoa-contamination-dataset,CC BY 4.0,val
ID_cedUwY.jpg,cssvd,dataset/images/train/ID_cedUwY.jpg,1,amini-cocoa-contamination-dataset,CC BY 4.0,val
ID_eAcVtA.jpeg,healthy,dataset/images/train/ID_eAcVtA.jpeg,2,amini-cocoa-contamination-dataset,CC BY 4.0,val
ID_G4peHX.jpeg,healthy,dataset/images/train/ID_G4peHX.jpeg,1,amini-cocoa-contamination-dataset,CC BY 4.0,val
ID_qJQkXX.jpeg,anthracnose,dataset/images/train/ID_qJQkXX.jpeg,1,amini-cocoa-contamination-dataset,CC BY 4.0,val
ID_kobf6u.JPG,cssvd,dataset/images/train/ID_kobf6u.JPG,2,amini-cocoa-contamination-dataset,CC BY 4.0,val
ID_dnnyJ5.jpg,cssvd,dataset/images/train/ID_dnnyJ5.jpg,1,amini-cocoa-contamination-dataset,CC BY 4.0,val
ID_yL1gnm.jpg,healthy,dataset/images/train/ID_yL1gnm.jpg,2,amini-cocoa-contamination-dataset,CC BY 4.0,val
ID_wapUmF.jpg,anthracnose,dataset/images/train/ID_wapUmF.jpg,1,amini-cocoa-contamination-dataset,CC BY 4.0,val
ID_lygUXr.jpeg,anthracnose,dataset/images/train/ID_lygUXr.jpeg,1,amini-cocoa-contamination-dataset,CC BY 4.0,val
ID_GPfAWS.jpg,cssvd,dataset/images/train/ID_GPfAWS.jpg,1,amini-cocoa-contamination-dataset,CC BY 4.0,val
ID_ypYe0C.JPG,cssvd,dataset/images/train/ID_ypYe0C.JPG,1,amini-cocoa-contamination-dataset,CC BY 4.0,val
ID_t2u4lN.jpg,anthracnose,dataset/images/train/ID_t2u4lN.jpg,1,amini-cocoa-contamination-dataset,CC BY 4.0,val
ID_jK2FcY.jpg,cssvd,dataset/images/train/ID_jK2FcY.jpg,1,amini-cocoa-contamination-dataset,CC BY 4.0,val
ID_GwcmFp.jpeg,anthracnose,dataset/images/train/ID_GwcmFp.jpeg,3,amini-cocoa-contamination-dataset,CC BY 4.0,val
ID_ELxhG4.jpg,cssvd,dataset/images/train/ID_ELxhG4.jpg,1,amini-cocoa-contamination-dataset,CC BY 4.0,val
ID_GBHIPQ.jpg,anthracnose,dataset/images/train/ID_GBHIPQ.jpg,2,amini-cocoa-contamination-dataset,CC BY 4.0,val
ID_QVKV9B.jpeg,anthracnose,dataset/images/train/ID_QVKV9B.jpeg,1,amini-cocoa-contamination-dataset,CC BY 4.0,val
ID_denmXA.jpg,cssvd,dataset/images/train/ID_denmXA.jpg,2,amini-cocoa-contamination-dataset,CC BY 4.0,val
ID_qEOiwS.jpeg,cssvd,dataset/images/train/ID_qEOiwS.jpeg,2,amini-cocoa-contamination-dataset,CC BY 4.0,val
ID_ZH6JyY.jpeg,cssvd,dataset/images/train/ID_ZH6JyY.jpeg,1,amini-cocoa-contamination-dataset,CC BY 4.0,val
ID_ZvPFbg.jpeg,anthracnose,dataset/images/train/ID_ZvPFbg.jpeg,1,amini-cocoa-contamination-dataset,CC BY 4.0,val
ID_LSWJmk.jpeg,anthracnose,dataset/images/train/ID_LSWJmk.jpeg,1,amini-cocoa-contamination-dataset,CC BY 4.0,val
ID_UcEVlv.jpg,healthy,dataset/images/train/ID_UcEVlv.jpg,2,amini-cocoa-contamination-dataset,CC BY 4.0,val
ID_SqqPRl.jpg,anthracnose,dataset/images/train/ID_SqqPRl.jpg,1,amini-cocoa-contamination-dataset,CC BY 4.0,val
ID_kMs6zu.jpeg,anthracnose,dataset/images/train/ID_kMs6zu.jpeg,1,amini-cocoa-contamination-dataset,CC BY 4.0,val
ID_ryfukD.jpeg,anthracnose,dataset/images/train/ID_ryfukD.jpeg,1,amini-cocoa-contamination-dataset,CC BY 4.0,val
ID_QUjJmI.jpg,anthracnose,dataset/images/train/ID_QUjJmI.jpg,1,amini-cocoa-contamination-dataset,CC BY 4.0,val
ID_QvzGVf.jpeg,anthracnose,dataset/images/train/ID_QvzGVf.jpeg,1,amini-cocoa-contamination-dataset,CC BY 4.0,val
ID_Uov4Ti.jpg,cssvd,dataset/images/train/ID_Uov4Ti.jpg,1,amini-cocoa-contamination-dataset,CC BY 4.0,val
ID_ye5RZI.jpg,healthy,dataset/images/train/ID_ye5RZI.jpg,4,amini-cocoa-contamination-dataset,CC BY 4.0,val
ID_i40NbT.jpg,anthracnose,dataset/images/train/ID_i40NbT.jpg,2,amini-cocoa-contamination-dataset,CC BY 4.0,val
ID_jWv2E1.jpg,healthy,dataset/images/train/ID_jWv2E1.jpg,2,amini-cocoa-contamination-dataset,CC BY 4.0,val
ID_JGLiD8.jpeg,healthy,dataset/images/train/ID_JGLiD8.jpeg,3,amini-cocoa-contamination-dataset,CC BY 4.0,val
ID_hEIl7U.jpg,cssvd,dataset/images/train/ID_hEIl7U.jpg,1,amini-cocoa-contamination-dataset,CC BY 4.0,val
ID_PWjyo5.jpg,cssvd,dataset/images/train/ID_PWjyo5.jpg,3,amini-cocoa-contamination-dataset,CC BY 4.0,val
ID_REbcNr.jpeg,cssvd,dataset/images/train/ID_REbcNr.jpeg,1,amini-cocoa-contamination-dataset,CC BY 4.0,val
ID_fWxEvG.jpg,healthy,dataset/images/train/ID_fWxEvG.jpg,7,amini-cocoa-contamination-dataset,CC BY 4.0,val
ID_GsWJfJ.jpg,cssvd,dataset/images/train/ID_GsWJfJ.jpg,2,amini-cocoa-contamination-dataset,CC BY 4.0,val
ID_AB0ZAJ.jpeg,cssvd,dataset/images/train/ID_AB0ZAJ.jpeg,1,amini-cocoa-contamination-dataset,CC BY 4.0,val
ID_xdZWzT.jpg,cssvd,dataset/images/train/ID_xdZWzT.jpg,1,amini-cocoa-contamination-dataset,CC BY 4.0,val
ID_vhGApQ.jpg,anthracnose,dataset/images/train/ID_vhGApQ.jpg,1,amini-cocoa-contamination-dataset,CC BY 4.0,val
ID_q8I9d7.jpeg,healthy,dataset/images/train/ID_q8I9d7.jpeg,1,amini-cocoa-contamination-dataset,CC BY 4.0,val
ID_ka9PpD.jpg,cssvd,dataset/images/train/ID_ka9PpD.jpg,1,amini-cocoa-contamination-dataset,CC BY 4.0,val
ID_y31JbP.jpeg,anthracnose,dataset/images/train/ID_y31JbP.jpeg,1,amini-cocoa-contamination-dataset,CC BY 4.0,val
ID_SN7JMf.jpeg,healthy,dataset/images/train/ID_SN7JMf.jpeg,3,amini-cocoa-contamination-dataset,CC BY 4.0,val
ID_IspokT.jpg,cssvd,dataset/images/train/ID_IspokT.jpg,1,amini-cocoa-contamination-dataset,CC BY 4.0,val
ID_m17MaF.jpg,cssvd,dataset/images/train/ID_m17MaF.jpg,1,amini-cocoa-contamination-dataset,CC BY 4.0,val
ID_SPyd52.jpg,healthy,dataset/images/train/ID_SPyd52.jpg,4,amini-cocoa-contamination-dataset,CC BY 4.0,val
ID_hWcdlW.jpg,cssvd,dataset/images/train/ID_hWcdlW.jpg,1,amini-cocoa-contamination-dataset,CC BY 4.0,val
ID_z8mahm.jpg,cssvd,dataset/images/train/ID_z8mahm.jpg,2,amini-cocoa-contamination-dataset,CC BY 4.0,val
ID_LPxZk8.jpg,cssvd,dataset/images/train/ID_LPxZk8.jpg,1,amini-cocoa-contamination-dataset,CC BY 4.0,val
ID_GfsXVG.jpg,anthracnose,dataset/images/train/ID_GfsXVG.jpg,3,amini-cocoa-contamination-dataset,CC BY 4.0,val
ID_wLwENy.jpg,anthracnose,dataset/images/train/ID_wLwENy.jpg,1,amini-cocoa-contamination-dataset,CC BY 4.0,val
ID_u5zSDt.jpg,healthy,dataset/images/train/ID_u5zSDt.jpg,3,amini-cocoa-contamination-dataset,CC BY 4.0,val
ID_TmX4lk.jpg,cssvd,dataset/images/train/ID_TmX4lk.jpg,2,amini-cocoa-contamination-dataset,CC BY 4.0,val
ID_g1mUd9.jpg,cssvd,dataset/images/train/ID_g1mUd9.jpg,1,amini-cocoa-contamination-dataset,CC BY 4.0,val
ID_pVZX1u.jpg,cssvd,dataset/images/train/ID_pVZX1u.jpg,1,amini-cocoa-contamination-dataset,CC BY 4.0,val
ID_FzmFHr.jpeg,anthracnose,dataset/images/train/ID_FzmFHr.jpeg,2,amini-cocoa-contamination-dataset,CC BY 4.0,val
ID_CSnvqV.jpg,healthy,dataset/images/train/ID_CSnvqV.jpg,3,amini-cocoa-contamination-dataset,CC BY 4.0,val
ID_OMA6aR.jpg,cssvd,dataset/images/train/ID_OMA6aR.jpg,1,amini-cocoa-contamination-dataset,CC BY 4.0,val
ID_ePccjn.jpg,cssvd,dataset/images/train/ID_ePccjn.jpg,2,amini-cocoa-contamination-dataset,CC BY 4.0,val
ID_tn5y6T.jpg,cssvd,dataset/images/train/ID_tn5y6T.jpg,2,amini-cocoa-contamination-dataset,CC BY 4.0,val
ID_WzmZqx.jpg,cssvd,dataset/images/train/ID_WzmZqx.jpg,1,amini-cocoa-contamination-dataset,CC BY 4.0,val
ID_elxBz6.jpeg,cssvd,dataset/images/train/ID_elxBz6.jpeg,1,amini-cocoa-contamination-dataset,CC BY 4.0,val
ID_bdYjQh.jpeg,healthy,dataset/images/train/ID_bdYjQh.jpeg,2,amini-cocoa-contamination-dataset,CC BY 4.0,val
ID_g56TDV.jpg,cssvd,dataset/images/train/ID_g56TDV.jpg,1,amini-cocoa-contamination-dataset,CC BY 4.0,val
ID_AACxhu.jpg,cssvd,dataset/images/train/ID_AACxhu.jpg,1,amini-cocoa-contamination-dataset,CC BY 4.0,val
ID_ebxD9p.jpg,cssvd,dataset/images/train/ID_ebxD9p.jpg,1,amini-cocoa-contamination-dataset,CC BY 4.0,val
ID_QHPqkG.jpg,healthy,dataset/images/train/ID_QHPqkG.jpg,2,amini-cocoa-contamination-dataset,CC BY 4.0,val
ID_s7Y0wU.jpeg,healthy,dataset/images/train/ID_s7Y0wU.jpeg,2,amini-cocoa-contamination-dataset,CC BY 4.0,val
ID_Kw2v8A.jpg,healthy,dataset/images/train/ID_Kw2v8A.jpg,2,amini-cocoa-contamination-dataset,CC BY 4.0,val
ID_LJ3iNN.jpg,healthy,dataset/images/train/ID_LJ3iNN.jpg,6,amini-cocoa-contamination-dataset,CC BY 4.0,val
ID_WUmwfl.jpg,healthy,dataset/images/train/ID_WUmwfl.jpg,1,amini-cocoa-contamination-dataset,CC BY 4.0,val
ID_YbZxFT.JPG,anthracnose,dataset/images/train/ID_YbZxFT.JPG,1,amini-cocoa-contamination-dataset,CC BY 4.0,val
ID_DcwtTk.jpeg,cssvd,dataset/images/train/ID_DcwtTk.jpeg,2,amini-cocoa-contamination-dataset,CC BY 4.0,val
ID_Ob9rOK.jpg,anthracnose,dataset/images/train/ID_Ob9rOK.jpg,1,amini-cocoa-contamination-dataset,CC BY 4.0,val
ID_mM1Eba.jpg,healthy,dataset/images/train/ID_mM1Eba.jpg,3,amini-cocoa-contamination-dataset,CC BY 4.0,val
ID_S5OpiT.jpeg,anthracnose,dataset/images/train/ID_S5OpiT.jpeg,1,amini-cocoa-contamination-dataset,CC BY 4.0,val
ID_TWag3J.jpg,cssvd,dataset/images/train/ID_TWag3J.jpg,2,amini-cocoa-contamination-dataset,CC BY 4.0,val
ID_X58J4r.jpg,cssvd,dataset/images/train/ID_X58J4r.jpg,2,amini-cocoa-contamination-dataset,CC BY 4.0,val
ID_oLqqjQ.jpg,cssvd,dataset/images/train/ID_oLqqjQ.jpg,2,amini-cocoa-contamination-dataset,CC BY 4.0,val
ID_NULYS9.jpg,cssvd,dataset/images/train/ID_NULYS9.jpg,3,amini-cocoa-contamination-dataset,CC BY 4.0,val
ID_hrT3fa.jpg,cssvd,dataset/images/train/ID_hrT3fa.jpg,1,amini-cocoa-contamination-dataset,CC BY 4.0,val
ID_LfZ3rS.jpg,healthy,dataset/images/train/ID_LfZ3rS.jpg,3,amini-cocoa-contamination-dataset,CC BY 4.0,val
ID_k4arFb.jpg,cssvd,dataset/images/train/ID_k4arFb.jpg,1,amini-cocoa-contamination-dataset,CC BY 4.0,val
ID_lohHz2.JPG,healthy,dataset/images/train/ID_lohHz2.JPG,2,amini-cocoa-contamination-dataset,CC BY 4.0,val
ID_SZDOiw.JPG,healthy,dataset/images/train/ID_SZDOiw.JPG,1,amini-cocoa-contamination-dataset,CC BY 4.0,val
ID_bqXO9d.jpg,anthracnose,dataset/images/train/ID_bqXO9d.jpg,1,amini-cocoa-contamination-dataset,CC BY 4.0,val
ID_Rc6YTx.jpg,cssvd,dataset/images/train/ID_Rc6YTx.jpg,1,amini-cocoa-contamination-dataset,CC BY 4.0,val
ID_X4OrTr.jpg,cssvd,dataset/images/train/ID_X4OrTr.jpg,1,amini-cocoa-contamination-dataset,CC BY 4.0,val
ID_FabG7X.jpg,healthy,dataset/images/train/ID_FabG7X.jpg,5,amini-cocoa-contamination-dataset,CC BY 4.0,val
ID_FTVHZk.jpeg,healthy,dataset/images/train/ID_FTVHZk.jpeg,1,amini-cocoa-contamination-dataset,CC BY 4.0,val
ID_r8QuGZ.jpg,cssvd,dataset/images/train/ID_r8QuGZ.jpg,3,amini-cocoa-contamination-dataset,CC BY 4.0,val
ID_TjYahY.jpg,healthy,dataset/images/train/ID_TjYahY.jpg,3,amini-cocoa-contamination-dataset,CC BY 4.0,val
ID_jrVMI7.jpeg,healthy,dataset/images/train/ID_jrVMI7.jpeg,1,amini-cocoa-contamination-dataset,CC BY 4.0,val
ID_KqcXSY.jpeg,healthy,dataset/images/train/ID_KqcXSY.jpeg,4,amini-cocoa-contamination-dataset,CC BY 4.0,val
ID_U9JgHT.jpg,cssvd,dataset/images/train/ID_U9JgHT.jpg,2,amini-cocoa-contamination-dataset,CC BY 4.0,val
ID_soSh07.jpeg,healthy,dataset/images/train/ID_soSh07.jpeg,1,amini-cocoa-contamination-dataset,CC BY 4.0,val
ID_CwC1J3.jpg,cssvd,dataset/images/train/ID_CwC1J3.jpg,2,amini-cocoa-contamination-dataset,CC BY 4.0,val
ID_K5XQXX.jpeg,anthracnose,dataset/images/train/ID_K5XQXX.jpeg,1,amini-cocoa-contamination-dataset,CC BY 4.0,val
ID_OM2USE.jpg,healthy,dataset/images/train/ID_OM2USE.jpg,5,amini-cocoa-contamination-dataset,CC BY 4.0,val
ID_HQpL3y.jpg,healthy,dataset/images/train/ID_HQpL3y.jpg,1,amini-cocoa-contamination-dataset,CC BY 4.0,val
ID_t4tJv3.jpg,healthy,dataset/images/train/ID_t4tJv3.jpg,2,amini-cocoa-contamination-dataset,CC BY 4.0,val
ID_tf9GkM.jpg,cssvd,dataset/images/train/ID_tf9GkM.jpg,2,amini-cocoa-contamination-dataset,CC BY 4.0,val
ID_bnISkt.jpeg,cssvd,dataset/images/train/ID_bnISkt.jpeg,1,amini-cocoa-contamination-dataset,CC BY 4.0,val
ID_Kq03rc.jpg,healthy,dataset/images/train/ID_Kq03rc.jpg,2,amini-cocoa-contamination-dataset,CC BY 4.0,val
ID_A5PBJ2.jpeg,anthracnose,dataset/images/train/ID_A5PBJ2.jpeg,1,amini-cocoa-contamination-dataset,CC BY 4.0,val
ID_c0ZlDH.jpeg,healthy,dataset/images/train/ID_c0ZlDH.jpeg,1,amini-cocoa-contamination-dataset,CC BY 4.0,val
ID_njxLxM.jpg,healthy,dataset/images/train/ID_njxLxM.jpg,3,amini-cocoa-contamination-dataset,CC BY 4.0,val
ID_oT2S4k.jpg,anthracnose,dataset/images/train/ID_oT2S4k.jpg,1,amini-cocoa-contamination-dataset,CC BY 4.0,val
ID_d15Lc9.jpg,healthy,dataset/images/train/ID_d15Lc9.jpg,10,amini-cocoa-contamination-dataset,CC BY 4.0,val
ID_cPUvGd.jpg,cssvd,dataset/images/train/ID_cPUvGd.jpg,1,amini-cocoa-contamination-dataset,CC BY 4.0,val
ID_KCaO0f.jpg,healthy,dataset/images/train/ID_KCaO0f.jpg,1,amini-cocoa-contamination-dataset,CC BY 4.0,val
ID_XaSXdD.jpeg,anthracnose,dataset/images/train/ID_XaSXdD.jpeg,1,amini-cocoa-contamination-dataset,CC BY 4.0,val
ID_HGlsCD.jpg,cssvd,dataset/images/train/ID_HGlsCD.jpg,2,amini-cocoa-contamination-dataset,CC BY 4.0,val
ID_nLOHnt.jpg,cssvd,dataset/images/train/ID_nLOHnt.jpg,1,amini-cocoa-contamination-dataset,CC BY 4.0,val
ID_ya35l3.jpg,cssvd,dataset/images/train/ID_ya35l3.jpg,1,amini-cocoa-contamination-dataset,CC BY 4.0,val
ID_WFB5Qa.jpg,healthy,dataset/images/train/ID_WFB5Qa.jpg,3,amini-cocoa-contamination-dataset,CC BY 4.0,val
ID_dQzSLh.jpg,healthy,dataset/images/train/ID_dQzSLh.jpg,5,amini-cocoa-contamination-dataset,CC BY 4.0,val
ID_yAlGu9.JPG,healthy,dataset/images/train/ID_yAlGu9.JPG,3,amini-cocoa-contamination-dataset,CC BY 4.0,val
ID_fAqptd.jpg,cssvd,dataset/images/train/ID_fAqptd.jpg,1,amini-cocoa-contamination-dataset,CC BY 4.0,val
ID_xPfIXA.jpg,cssvd,dataset/images/train/ID_xPfIXA.jpg,1,amini-cocoa-contamination-dataset,CC BY 4.0,val
ID_eERMCI.jpeg,healthy,dataset/images/train/ID_eERMCI.jpeg,3,amini-cocoa-contamination-dataset,CC BY 4.0,val
ID_LHU5Rr.jpg,cssvd,dataset/images/train/ID_LHU5Rr.jpg,2,amini-cocoa-contamination-dataset,CC BY 4.0,val
ID_OM4QWn.jpeg,cssvd,dataset/images/train/ID_OM4QWn.jpeg,3,amini-cocoa-contamination-dataset,CC BY 4.0,val
ID_yFRYcw.jpg,anthracnose,dataset/images/train/ID_yFRYcw.jpg,2,amini-cocoa-contamination-dataset,CC BY 4.0,val
ID_TB2QQA.jpg,anthracnose,dataset/images/train/ID_TB2QQA.jpg,2,amini-cocoa-contamination-dataset,CC BY 4.0,val
ID_FViv94.jpeg,anthracnose,dataset/images/train/ID_FViv94.jpeg,1,amini-cocoa-contamination-dataset,CC BY 4.0,val
ID_W6M2Nd.jpeg,cssvd,dataset/images/train/ID_W6M2Nd.jpeg,2,amini-cocoa-contamination-dataset,CC BY 4.0,val
ID_r5uvk1.jpg,cssvd,dataset/images/train/ID_r5uvk1.jpg,1,amini-cocoa-contamination-dataset,CC BY 4.0,val
ID_WmaGX7.jpg,anthracnose,dataset/images/train/ID_WmaGX7.jpg,1,amini-cocoa-contamination-dataset,CC BY 4.0,val
ID_QYOnj5.JPG,healthy,dataset/images/train/ID_QYOnj5.JPG,4,amini-cocoa-contamination-dataset,CC BY 4.0,val
ID_QuRuW6.jpg,cssvd,dataset/images/train/ID_QuRuW6.jpg,1,amini-cocoa-contamination-dataset,CC BY 4.0,val
ID_NqavL7.JPG,anthracnose,dataset/images/train/ID_NqavL7.JPG,1,amini-cocoa-contamination-dataset,CC BY 4.0,val
ID_HIiYA7.jpg,anthracnose,dataset/images/train/ID_HIiYA7.jpg,2,amini-cocoa-contamination-dataset,CC BY 4.0,val
ID_USBlAz.jpg,anthracnose,dataset/images/train/ID_USBlAz.jpg,1,amini-cocoa-contamination-dataset,CC BY 4.0,val
ID_dnfIcl.jpg,healthy,dataset/images/train/ID_dnfIcl.jpg,3,amini-cocoa-contamination-dataset,CC BY 4.0,val
ID_sfbzYv.jpg,cssvd,dataset/images/train/ID_sfbzYv.jpg,1,amini-cocoa-contamination-dataset,CC BY 4.0,val
ID_xzJXjU.jpg,anthracnose,dataset/images/train/ID_xzJXjU.jpg,1,amini-cocoa-contamination-dataset,CC BY 4.0,val
ID_j6Dr6P.jpeg,cssvd,dataset/images/train/ID_j6Dr6P.jpeg,2,amini-cocoa-contamination-dataset,CC BY 4.0,val
ID_BtVRbS.jpg,anthracnose,dataset/images/train/ID_BtVRbS.jpg,1,amini-cocoa-contamination-dataset,CC BY 4.0,val
ID_fWxHlM.jpg,cssvd,dataset/images/train/ID_fWxHlM.jpg,1,amini-cocoa-contamination-dataset,CC BY 4.0,val
ID_wPwLxb.jpg,cssvd,dataset/images/train/ID_wPwLxb.jpg,1,amini-cocoa-contamination-dataset,CC BY 4.0,val
ID_JYDiPC.jpg,cssvd,dataset/images/train/ID_JYDiPC.jpg,3,amini-cocoa-contamination-dataset,CC BY 4.0,val
ID_LMGLHb.jpg,anthracnose,dataset/images/train/ID_LMGLHb.jpg,2,amini-cocoa-contamination-dataset,CC BY 4.0,val
ID_SjCZzm.jpg,cssvd,dataset/images/train/ID_SjCZzm.jpg,1,amini-cocoa-contamination-dataset,CC BY 4.0,val
ID_UjzO7m.jpg,cssvd,dataset/images/train/ID_UjzO7m.jpg,1,amini-cocoa-contamination-dataset,CC BY 4.0,val
ID_IMjul7.jpg,cssvd,dataset/images/train/ID_IMjul7.jpg,2,amini-cocoa-contamination-dataset,CC BY 4.0,val
ID_aGTcJg.jpg,anthracnose,dataset/images/train/ID_aGTcJg.jpg,3,amini-cocoa-contamination-dataset,CC BY 4.0,val
ID_q5AnTN.jpg,anthracnose,dataset/images/train/ID_q5AnTN.jpg,2,amini-cocoa-contamination-dataset,CC BY 4.0,val
ID_r0uOAr.jpg,cssvd,dataset/images/train/ID_r0uOAr.jpg,1,amini-cocoa-contamination-dataset,CC BY 4.0,val
ID_wjq3ZD.jpg,healthy,dataset/images/train/ID_wjq3ZD.jpg,4,amini-cocoa-contamination-dataset,CC BY 4.0,val
ID_NSpHxc.jpg,anthracnose,dataset/images/train/ID_NSpHxc.jpg,1,amini-cocoa-contamination-dataset,CC BY 4.0,val
ID_e4ZguW.jpeg,cssvd,dataset/images/train/ID_e4ZguW.jpeg,3,amini-cocoa-contamination-dataset,CC BY 4.0,val
ID_aMvVoU.jpeg,healthy,dataset/images/train/ID_aMvVoU.jpeg,2,amini-cocoa-contamination-dataset,CC BY 4.0,val
ID_qGr6Ml.jpeg,anthracnose,dataset/images/train/ID_qGr6Ml.jpeg,2,amini-cocoa-contamination-dataset,CC BY 4.0,val
ID_EFAE2b.jpg,anthracnose,dataset/images/train/ID_EFAE2b.jpg,2,amini-cocoa-contamination-dataset,CC BY 4.0,val
ID_O4wYot.JPG,anthracnose,dataset/images/train/ID_O4wYot.JPG,2,amini-cocoa-contamination-dataset,CC BY 4.0,val
ID_R4GZe9.jpeg,cssvd,dataset/images/train/ID_R4GZe9.jpeg,1,amini-cocoa-contamination-dataset,CC BY 4.0,val
ID_rz0A8c.jpg,cssvd,dataset/images/train/ID_rz0A8c.jpg,2,amini-cocoa-contamination-dataset,CC BY 4.0,val
ID_SoUiXY.jpg,cssvd,dataset/images/train/ID_SoUiXY.jpg,4,amini-cocoa-contamination-dataset,CC BY 4.0,val
ID_z1JShv.jpeg,anthracnose,dataset/images/train/ID_z1JShv.jpeg,1,amini-cocoa-contamination-dataset,CC BY 4.0,val
ID_T3xeiY.jpeg,anthracnose,dataset/images/train/ID_T3xeiY.jpeg,1,amini-cocoa-contamination-dataset,CC BY 4.0,val
ID_lfhzzw.jpg,cssvd,dataset/images/train/ID_lfhzzw.jpg,1,amini-cocoa-contamination-dataset,CC BY 4.0,val
ID_fHoX9f.jpeg,healthy,dataset/images/train/ID_fHoX9f.jpeg,2,amini-cocoa-contamination-dataset,CC BY 4.0,val
ID_LPFZS8.jpeg,healthy,dataset/images/train/ID_LPFZS8.jpeg,4,amini-cocoa-contamination-dataset,CC BY 4.0,val
ID_nE79R2.jpg,cssvd,dataset/images/train/ID_nE79R2.jpg,1,amini-cocoa-contamination-dataset,CC BY 4.0,val
ID_ntp1w6.jpeg,healthy,dataset/images/train/ID_ntp1w6.jpeg,7,amini-cocoa-contamination-dataset,CC BY 4.0,val
ID_wdrCnH.jpeg,healthy,dataset/images/train/ID_wdrCnH.jpeg,1,amini-cocoa-contamination-dataset,CC BY 4.0,val
ID_PW5YQt.jpeg,healthy,dataset/images/train/ID_PW5YQt.jpeg,4,amini-cocoa-contamination-dataset,CC BY 4.0,val
ID_B3Rs20.jpg,cssvd,dataset/images/train/ID_B3Rs20.jpg,2,amini-cocoa-contamination-dataset,CC BY 4.0,val
ID_KtwEaW.jpg,cssvd,dataset/images/train/ID_KtwEaW.jpg,2,amini-cocoa-contamination-dataset,CC BY 4.0,val
ID_YMgiKP.jpg,cssvd,dataset/images/train/ID_YMgiKP.jpg,1,amini-cocoa-contamination-dataset,CC BY 4.0,val
ID_aexdfP.jpg,cssvd,dataset/images/train/ID_aexdfP.jpg,1,amini-cocoa-contamination-dataset,CC BY 4.0,val
ID_Ic5AfS.jpg,healthy,dataset/images/train/ID_Ic5AfS.jpg,3,amini-cocoa-contamination-dataset,CC BY 4.0,val
ID_u9JmKd.jpg,anthracnose,dataset/images/train/ID_u9JmKd.jpg,2,amini-cocoa-contamination-dataset,CC BY 4.0,val
ID_Hgj7Eq.jpg,healthy,dataset/images/train/ID_Hgj7Eq.jpg,4,amini-cocoa-contamination-dataset,CC BY 4.0,val
ID_iQSz8k.jpg,cssvd,dataset/images/train/ID_iQSz8k.jpg,1,amini-cocoa-contamination-dataset,CC BY 4.0,val
ID_G3zqaj.jpg,anthracnose,dataset/images/train/ID_G3zqaj.jpg,1,amini-cocoa-contamination-dataset,CC BY 4.0,val
ID_R0gFs3.jpeg,anthracnose,dataset/images/train/ID_R0gFs3.jpeg,1,amini-cocoa-contamination-dataset,CC BY 4.0,val
ID_tzUiOn.jpg,cssvd,dataset/images/train/ID_tzUiOn.jpg,3,amini-cocoa-contamination-dataset,CC BY 4.0,val
ID_KGtca6.jpg,anthracnose,dataset/images/train/ID_KGtca6.jpg,1,amini-cocoa-contamination-dataset,CC BY 4.0,val
ID_rDY6BL.jpg,healthy,dataset/images/train/ID_rDY6BL.jpg,1,amini-cocoa-contamination-dataset,CC BY 4.0,val
ID_M9bscc.jpg,cssvd,dataset/images/train/ID_M9bscc.jpg,2,amini-cocoa-contamination-dataset,CC BY 4.0,val
ID_fRRCKR.jpg,anthracnose,dataset/images/train/ID_fRRCKR.jpg,1,amini-cocoa-contamination-dataset,CC BY 4.0,val
ID_UIoeCg.jpg,cssvd,dataset/images/train/ID_UIoeCg.jpg,1,amini-cocoa-contamination-dataset,CC BY 4.0,val
ID_bnU2qZ.jpg,anthracnose,dataset/images/train/ID_bnU2qZ.jpg,1,amini-cocoa-contamination-dataset,CC BY 4.0,val
ID_gXPbfF.jpeg,anthracnose,dataset/images/train/ID_gXPbfF.jpeg,1,amini-cocoa-contamination-dataset,CC BY 4.0,val
ID_xrqajt.jpg,cssvd,dataset/images/train/ID_xrqajt.jpg,1,amini-cocoa-contamination-dataset,CC BY 4.0,val
ID_XOYg2F.jpg,healthy,dataset/images/train/ID_XOYg2F.jpg,3,amini-cocoa-contamination-dataset,CC BY 4.0,val
ID_HoDpgb.jpg,healthy,dataset/images/train/ID_HoDpgb.jpg,3,amini-cocoa-contamination-dataset,CC BY 4.0,val
ID_psXuga.jpeg,anthracnose,dataset/images/train/ID_psXuga.jpeg,1,amini-cocoa-contamination-dataset,CC BY 4.0,val
ID_WInGFr.jpeg,anthracnose,dataset/images/train/ID_WInGFr.jpeg,1,amini-cocoa-contamination-dataset,CC BY 4.0,val
ID_jEHB04.jpg,cssvd,dataset/images/train/ID_jEHB04.jpg,1,amini-cocoa-contamination-dataset,CC BY 4.0,val
ID_lYpp96.JPG,healthy,dataset/images/train/ID_lYpp96.JPG,3,amini-cocoa-contamination-dataset,CC BY 4.0,val
ID_Z6IZwE.jpg,anthracnose,dataset/images/train/ID_Z6IZwE.jpg,2,amini-cocoa-contamination-dataset,CC BY 4.0,val
ID_OZ1lc7.jpeg,anthracnose,dataset/images/train/ID_OZ1lc7.jpeg,1,amini-cocoa-contamination-dataset,CC BY 4.0,val
ID_rrOaWc.jpg,cssvd,dataset/images/train/ID_rrOaWc.jpg,1,amini-cocoa-contamination-dataset,CC BY 4.0,val
ID_SSkHgo.jpg,cssvd,dataset/images/train/ID_SSkHgo.jpg,1,amini-cocoa-contamination-dataset,CC BY 4.0,val
ID_PaymIu.jpg,cssvd,dataset/images/train/ID_PaymIu.jpg,1,amini-cocoa-contamination-dataset,CC BY 4.0,val
ID_G1k8zo.jpeg,anthracnose,dataset/images/train/ID_G1k8zo.jpeg,1,amini-cocoa-contamination-dataset,CC BY 4.0,val
ID_iO7e8o.jpeg,cssvd,dataset/images/train/ID_iO7e8o.jpeg,1,amini-cocoa-contamination-dataset,CC BY 4.0,val
ID_tLqPAu.jpg,healthy,dataset/images/train/ID_tLqPAu.jpg,5,amini-cocoa-contamination-dataset,CC BY 4.0,val
ID_KgO3Ln.jpg,healthy,dataset/images/train/ID_KgO3Ln.jpg,1,amini-cocoa-contamination-dataset,CC BY 4.0,val
ID_rMXZc5.jpeg,cssvd,dataset/images/train/ID_rMXZc5.jpeg,1,amini-cocoa-contamination-dataset,CC BY 4.0,val
ID_awMdlB.jpg,cssvd,dataset/images/train/ID_awMdlB.jpg,1,amini-cocoa-contamination-dataset,CC BY 4.0,val
ID_xCPm5X.jpg,healthy,dataset/images/train/ID_xCPm5X.jpg,4,amini-cocoa-contamination-dataset,CC BY 4.0,val
ID_EqxRO3.jpg,healthy,dataset/images/train/ID_EqxRO3.jpg,1,amini-cocoa-contamination-dataset,CC BY 4.0,val
ID_n2ei3B.jpg,anthracnose,dataset/images/train/ID_n2ei3B.jpg,1,amini-cocoa-contamination-dataset,CC BY 4.0,val
ID_ffsmsu.jpg,cssvd,dataset/images/train/ID_ffsmsu.jpg,2,amini-cocoa-contamination-dataset,CC BY 4.0,val
ID_DW8AO8.jpg,anthracnose,dataset/images/train/ID_DW8AO8.jpg,1,amini-cocoa-contamination-dataset,CC BY 4.0,val
ID_ZpcJbg.jpg,anthracnose,dataset/images/train/ID_ZpcJbg.jpg,2,amini-cocoa-contamination-dataset,CC BY 4.0,val
ID_a0M4cn.jpg,cssvd,dataset/images/train/ID_a0M4cn.jpg,2,amini-cocoa-contamination-dataset,CC BY 4.0,val
ID_KkN79A.jpeg,cssvd,dataset/images/train/ID_KkN79A.jpeg,2,amini-cocoa-contamination-dataset,CC BY 4.0,val
ID_LZJdgH.jpg,anthracnose,dataset/images/train/ID_LZJdgH.jpg,2,amini-cocoa-contamination-dataset,CC BY 4.0,val
ID_opUpFv.jpeg,anthracnose,dataset/images/train/ID_opUpFv.jpeg,1,amini-cocoa-contamination-dataset,CC BY 4.0,val
ID_o01U4Q.jpg,anthracnose,dataset/images/train/ID_o01U4Q.jpg,1,amini-cocoa-contamination-dataset,CC BY 4.0,val
ID_cK6cnf.jpeg,cssvd,dataset/images/train/ID_cK6cnf.jpeg,1,amini-cocoa-contamination-dataset,CC BY 4.0,val
ID_K5rVxL.jpeg,anthracnose,dataset/images/train/ID_K5rVxL.jpeg,2,amini-cocoa-contamination-dataset,CC BY 4.0,val
ID_GF1iI9.jpg,cssvd,dataset/images/train/ID_GF1iI9.jpg,2,amini-cocoa-contamination-dataset,CC BY 4.0,val
ID_CmEnlx.jpg,cssvd,dataset/images/train/ID_CmEnlx.jpg,1,amini-cocoa-contamination-dataset,CC BY 4.0,val
ID_nzonhR.jpeg,healthy,dataset/images/train/ID_nzonhR.jpeg,3,amini-cocoa-contamination-dataset,CC BY 4.0,val
ID_rWmUER.jpeg,healthy,dataset/images/train/ID_rWmUER.jpeg,2,amini-cocoa-contamination-dataset,CC BY 4.0,val
ID_K2KCaR.jpeg,anthracnose,dataset/images/train/ID_K2KCaR.jpeg,1,amini-cocoa-contamination-dataset,CC BY 4.0,val
ID_R1TTBO.jpeg,healthy,dataset/images/train/ID_R1TTBO.jpeg,2,amini-cocoa-contamination-dataset,CC BY 4.0,val
ID_XlbiWn.jpg,cssvd,dataset/images/train/ID_XlbiWn.jpg,2,amini-cocoa-contamination-dataset,CC BY 4.0,val
ID_Tpxt6W.jpg,cssvd,dataset/images/train/ID_Tpxt6W.jpg,1,amini-cocoa-contamination-dataset,CC BY 4.0,val
ID_DNHsfS.jpg,anthracnose,dataset/images/train/ID_DNHsfS.jpg,1,amini-cocoa-contamination-dataset,CC BY 4.0,val
ID_SK8tuy.jpg,cssvd,dataset/images/train/ID_SK8tuy.jpg,1,amini-cocoa-contamination-dataset,CC BY 4.0,val
ID_Klmxdi.jpg,anthracnose,dataset/images/train/ID_Klmxdi.jpg,2,amini-cocoa-contamination-dataset,CC BY 4.0,val
ID_Mio4o3.jpeg,healthy,dataset/images/train/ID_Mio4o3.jpeg,1,amini-cocoa-contamination-dataset,CC BY 4.0,val
ID_RqPCDz.jpg,anthracnose,dataset/images/train/ID_RqPCDz.jpg,1,amini-cocoa-contamination-dataset,CC BY 4.0,val
ID_WqCkmy.jpg,healthy,dataset/images/train/ID_WqCkmy.jpg,4,amini-cocoa-contamination-dataset,CC BY 4.0,val
ID_QRrVj6.jpg,cssvd,dataset/images/train/ID_QRrVj6.jpg,3,amini-cocoa-contamination-dataset,CC BY 4.0,val
ID_UbbbQi.JPG,cssvd,dataset/images/train/ID_UbbbQi.JPG,1,amini-cocoa-contamination-dataset,CC BY 4.0,val
ID_ytSQiA.jpeg,anthracnose,dataset/images/train/ID_ytSQiA.jpeg,1,amini-cocoa-contamination-dataset,CC BY 4.0,val
ID_FQgzji.JPG,healthy,dataset/images/train/ID_FQgzji.JPG,4,amini-cocoa-contamination-dataset,CC BY 4.0,val
ID_esabf4.jpg,cssvd,dataset/images/train/ID_esabf4.jpg,1,amini-cocoa-contamination-dataset,CC BY 4.0,val
ID_aEWltK.jpg,anthracnose,dataset/images/train/ID_aEWltK.jpg,3,amini-cocoa-contamination-dataset,CC BY 4.0,val
ID_P5xQZW.jpeg,healthy,dataset/images/train/ID_P5xQZW.jpeg,1,amini-cocoa-contamination-dataset,CC BY 4.0,val
ID_ZmDc5K.jpg,cssvd,dataset/images/train/ID_ZmDc5K.jpg,1,amini-cocoa-contamination-dataset,CC BY 4.0,val
ID_kpbNZQ.jpeg,anthracnose,dataset/images/train/ID_kpbNZQ.jpeg,1,amini-cocoa-contamination-dataset,CC BY 4.0,val
ID_hS3EL6.jpg,healthy,dataset/images/train/ID_hS3EL6.jpg,4,amini-cocoa-contamination-dataset,CC BY 4.0,val
ID_qN1Fz6.jpg,cssvd,dataset/images/train/ID_qN1Fz6.jpg,5,amini-cocoa-contamination-dataset,CC BY 4.0,val
ID_Dclw1W.jpeg,anthracnose,dataset/images/train/ID_Dclw1W.jpeg,1,amini-cocoa-contamination-dataset,CC BY 4.0,val
ID_oGqdz3.jpg,cssvd,dataset/images/train/ID_oGqdz3.jpg,1,amini-cocoa-contamination-dataset,CC BY 4.0,val
ID_oNh7jp.jpg,cssvd,dataset/images/train/ID_oNh7jp.jpg,1,amini-cocoa-contamination-dataset,CC BY 4.0,val
ID_sVoOS3.jpg,cssvd,dataset/images/train/ID_sVoOS3.jpg,1,amini-cocoa-contamination-dataset,CC BY 4.0,val
ID_VpZ899.jpg,anthracnose,dataset/images/train/ID_VpZ899.jpg,1,amini-cocoa-contamination-dataset,CC BY 4.0,val
ID_dxCKz5.jpeg,healthy,dataset/images/train/ID_dxCKz5.jpeg,1,amini-cocoa-contamination-dataset,CC BY 4.0,val
ID_TD5mi9.jpeg,healthy,dataset/images/train/ID_TD5mi9.jpeg,1,amini-cocoa-contamination-dataset,CC BY 4.0,val
ID_JjRKLr.jpg,cssvd,dataset/images/train/ID_JjRKLr.jpg,1,amini-cocoa-contamination-dataset,CC BY 4.0,val
ID_zQjxyi.jpg,healthy,dataset/images/train/ID_zQjxyi.jpg,2,amini-cocoa-contamination-dataset,CC BY 4.0,val
ID_USlM2x.jpg,healthy,dataset/images/train/ID_USlM2x.jpg,2,amini-cocoa-contamination-dataset,CC BY 4.0,val
ID_Kt3PPA.jpg,cssvd,dataset/images/train/ID_Kt3PPA.jpg,1,amini-cocoa-contamination-dataset,CC BY 4.0,val
ID_TxqkcB.jpg,healthy,dataset/images/train/ID_TxqkcB.jpg,3,amini-cocoa-contamination-dataset,CC BY 4.0,val
ID_f3IxhX.JPG,cssvd,dataset/images/train/ID_f3IxhX.JPG,1,amini-cocoa-contamination-dataset,CC BY 4.0,val
ID_GWJUCD.jpeg,anthracnose,dataset/images/train/ID_GWJUCD.jpeg,1,amini-cocoa-contamination-dataset,CC BY 4.0,val
ID_rtbr9d.jpg,healthy,dataset/images/train/ID_rtbr9d.jpg,2,amini-cocoa-contamination-dataset,CC BY 4.0,val
ID_vVvTjk.jpg,anthracnose,dataset/images/train/ID_vVvTjk.jpg,4,amini-cocoa-contamination-dataset,CC BY 4.0,val
ID_INsr36.jpg,cssvd,dataset/images/train/ID_INsr36.jpg,1,amini-cocoa-contamination-dataset,CC BY 4.0,val
ID_mLNiHi.jpg,cssvd,dataset/images/train/ID_mLNiHi.jpg,1,amini-cocoa-contamination-dataset,CC BY 4.0,val
ID_yZnN52.jpeg,healthy,dataset/images/train/ID_yZnN52.jpeg,2,amini-cocoa-contamination-dataset,CC BY 4.0,val
ID_XLli3m.jpg,healthy,dataset/images/train/ID_XLli3m.jpg,2,amini-cocoa-contamination-dataset,CC BY 4.0,val
ID_AK7dFo.jpeg,healthy,dataset/images/train/ID_AK7dFo.jpeg,2,amini-cocoa-contamination-dataset,CC BY 4.0,val
ID_xkYScg.jpg,cssvd,dataset/images/train/ID_xkYScg.jpg,1,amini-cocoa-contamination-dataset,CC BY 4.0,val
ID_HZ5Qzb.jpeg,healthy,dataset/images/train/ID_HZ5Qzb.jpeg,2,amini-cocoa-contamination-dataset,CC BY 4.0,val
ID_Sre2jc.jpg,cssvd,dataset/images/train/ID_Sre2jc.jpg,1,amini-cocoa-contamination-dataset,CC BY 4.0,val
ID_qAUXAg.jpeg,healthy,dataset/images/train/ID_qAUXAg.jpeg,1,amini-cocoa-contamination-dataset,CC BY 4.0,val
ID_P4fsBy.jpg,cssvd,dataset/images/train/ID_P4fsBy.jpg,1,amini-cocoa-contamination-dataset,CC BY 4.0,val
ID_hyizE9.jpg,cssvd,dataset/images/train/ID_hyizE9.jpg,1,amini-cocoa-contamination-dataset,CC BY 4.0,val
ID_i54mXC.JPG,healthy,dataset/images/train/ID_i54mXC.JPG,1,amini-cocoa-contamination-dataset,CC BY 4.0,val
ID_U27PnF.jpeg,healthy,dataset/images/train/ID_U27PnF.jpeg,1,amini-cocoa-contamination-dataset,CC BY 4.0,val
ID_U1hHEg.jpg,anthracnose,dataset/images/train/ID_U1hHEg.jpg,1,amini-cocoa-contamination-dataset,CC BY 4.0,val
ID_S3A64w.jpeg,healthy,dataset/images/train/ID_S3A64w.jpeg,1,amini-cocoa-contamination-dataset,CC BY 4.0,val
ID_Ge3XH9.jpeg,healthy,dataset/images/train/ID_Ge3XH9.jpeg,1,amini-cocoa-contamination-dataset,CC BY 4.0,val
ID_OTlHKV.jpeg,cssvd,dataset/images/train/ID_OTlHKV.jpeg,2,amini-cocoa-contamination-dataset,CC BY 4.0,val
ID_cC4Uvp.jpg,anthracnose,dataset/images/train/ID_cC4Uvp.jpg,1,amini-cocoa-contamination-dataset,CC BY 4.0,val
ID_Gm71wX.jpg,anthracnose,dataset/images/train/ID_Gm71wX.jpg,1,amini-cocoa-contamination-dataset,CC BY 4.0,val
ID_FFfVe4.jpg,cssvd,dataset/images/train/ID_FFfVe4.jpg,1,amini-cocoa-contamination-dataset,CC BY 4.0,val
ID_cxnsIb.JPG,cssvd,dataset/images/train/ID_cxnsIb.JPG,1,amini-cocoa-contamination-dataset,CC BY 4.0,test
ID_tQRK4I.jpeg,anthracnose,dataset/images/train/ID_tQRK4I.jpeg,1,amini-cocoa-contamination-dataset,CC BY 4.0,test
ID_cntN7u.JPG,cssvd,dataset/images/train/ID_cntN7u.JPG,1,amini-cocoa-contamination-dataset,CC BY 4.0,test
ID_uhJaTZ.jpg,anthracnose,dataset/images/train/ID_uhJaTZ.jpg,2,amini-cocoa-contamination-dataset,CC BY 4.0,test
ID_waTGlf.jpg,healthy,dataset/images/train/ID_waTGlf.jpg,2,amini-cocoa-contamination-dataset,CC BY 4.0,test
ID_OS5lP9.jpeg,cssvd,dataset/images/train/ID_OS5lP9.jpeg,1,amini-cocoa-contamination-dataset,CC BY 4.0,test
ID_ELaD3t.JPG,healthy,dataset/images/train/ID_ELaD3t.JPG,3,amini-cocoa-contamination-dataset,CC BY 4.0,test
ID_RZhI9p.jpeg,healthy,dataset/images/train/ID_RZhI9p.jpeg,1,amini-cocoa-contamination-dataset,CC BY 4.0,test
ID_PSZ8qg.jpg,healthy,dataset/images/train/ID_PSZ8qg.jpg,1,amini-cocoa-contamination-dataset,CC BY 4.0,test
ID_r3uWwq.jpg,anthracnose,dataset/images/train/ID_r3uWwq.jpg,1,amini-cocoa-contamination-dataset,CC BY 4.0,test
ID_lOJEIY.jpg,cssvd,dataset/images/train/ID_lOJEIY.jpg,1,amini-cocoa-contamination-dataset,CC BY 4.0,test
ID_LwJYsy.jpg,anthracnose,dataset/images/train/ID_LwJYsy.jpg,1,amini-cocoa-contamination-dataset,CC BY 4.0,test
ID_MC6KMg.jpg,anthracnose,dataset/images/train/ID_MC6KMg.jpg,1,amini-cocoa-contamination-dataset,CC BY 4.0,test
ID_hGBJDg.jpg,healthy,dataset/images/train/ID_hGBJDg.jpg,3,amini-cocoa-contamination-dataset,CC BY 4.0,test
ID_j8Nxxw.jpg,anthracnose,dataset/images/train/ID_j8Nxxw.jpg,1,amini-cocoa-contamination-dataset,CC BY 4.0,test
ID_AIHFIo.jpeg,healthy,dataset/images/train/ID_AIHFIo.jpeg,2,amini-cocoa-contamination-dataset,CC BY 4.0,test
ID_eh1vIH.jpeg,cssvd,dataset/images/train/ID_eh1vIH.jpeg,1,amini-cocoa-contamination-dataset,CC BY 4.0,test
ID_nTzwvT.jpeg,cssvd,dataset/images/train/ID_nTzwvT.jpeg,2,amini-cocoa-contamination-dataset,CC BY 4.0,test
ID_KUgZyo.jpg,anthracnose,dataset/images/train/ID_KUgZyo.jpg,1,amini-cocoa-contamination-dataset,CC BY 4.0,test
ID_EG0JXY.jpg,healthy,dataset/images/train/ID_EG0JXY.jpg,3,amini-cocoa-contamination-dataset,CC BY 4.0,test
ID_ftxH9n.jpg,cssvd,dataset/images/train/ID_ftxH9n.jpg,1,amini-cocoa-contamination-dataset,CC BY 4.0,test
ID_tVdmth.jpg,cssvd,dataset/images/train/ID_tVdmth.jpg,1,amini-cocoa-contamination-dataset,CC BY 4.0,test
ID_Ght7Uj.jpg,cssvd,dataset/images/train/ID_Ght7Uj.jpg,1,amini-cocoa-contamination-dataset,CC BY 4.0,test
ID_ScoeqN.jpg,cssvd,dataset/images/train/ID_ScoeqN.jpg,2,amini-cocoa-contamination-dataset,CC BY 4.0,test
ID_zS2iN6.jpg,cssvd,dataset/images/train/ID_zS2iN6.jpg,1,amini-cocoa-contamination-dataset,CC BY 4.0,test
ID_V0q4kT.jpg,cssvd,dataset/images/train/ID_V0q4kT.jpg,2,amini-cocoa-contamination-dataset,CC BY 4.0,test
ID_Iepq3t.jpg,healthy,dataset/images/train/ID_Iepq3t.jpg,4,amini-cocoa-contamination-dataset,CC BY 4.0,test
ID_UXHWZi.jpg,anthracnose,dataset/images/train/ID_UXHWZi.jpg,1,amini-cocoa-contamination-dataset,CC BY 4.0,test
ID_gRpFx1.jpeg,healthy,dataset/images/train/ID_gRpFx1.jpeg,4,amini-cocoa-contamination-dataset,CC BY 4.0,test
ID_pxJLAz.jpeg,cssvd,dataset/images/train/ID_pxJLAz.jpeg,1,amini-cocoa-contamination-dataset,CC BY 4.0,test
ID_f5JiEB.jpg,healthy,dataset/images/train/ID_f5JiEB.jpg,3,amini-cocoa-contamination-dataset,CC BY 4.0,test
ID_IxsKDh.jpg,cssvd,dataset/images/train/ID_IxsKDh.jpg,1,amini-cocoa-contamination-dataset,CC BY 4.0,test
ID_UjMeQ0.jpeg,cssvd,dataset/images/train/ID_UjMeQ0.jpeg,3,amini-cocoa-contamination-dataset,CC BY 4.0,test
ID_eEcrmC.jpg,healthy,dataset/images/train/ID_eEcrmC.jpg,3,amini-cocoa-contamination-dataset,CC BY 4.0,test
ID_LYQ46X.jpeg,healthy,dataset/images/train/ID_LYQ46X.jpeg,1,amini-cocoa-contamination-dataset,CC BY 4.0,test
ID_AzvfYH.jpeg,anthracnose,dataset/images/train/ID_AzvfYH.jpeg,1,amini-cocoa-contamination-dataset,CC BY 4.0,test
ID_uIlr19.jpeg,healthy,dataset/images/train/ID_uIlr19.jpeg,1,amini-cocoa-contamination-dataset,CC BY 4.0,test
ID_k7uoRi.jpg,anthracnose,dataset/images/train/ID_k7uoRi.jpg,3,amini-cocoa-contamination-dataset,CC BY 4.0,test
ID_Y5sfOy.jpg,anthracnose,dataset/images/train/ID_Y5sfOy.jpg,1,amini-cocoa-contamination-dataset,CC BY 4.0,test
ID_z9vVsI.JPG,healthy,dataset/images/train/ID_z9vVsI.JPG,1,amini-cocoa-contamination-dataset,CC BY 4.0,test
ID_K5WyBu.jpeg,healthy,dataset/images/train/ID_K5WyBu.jpeg,1,amini-cocoa-contamination-dataset,CC BY 4.0,test
ID_RqYOYV.jpeg,anthracnose,dataset/images/train/ID_RqYOYV.jpeg,1,amini-cocoa-contamination-dataset,CC BY 4.0,test
ID_Hs1te9.jpg,healthy,dataset/images/train/ID_Hs1te9.jpg,2,amini-cocoa-contamination-dataset,CC BY 4.0,test
ID_plKqhg.jpg,cssvd,dataset/images/train/ID_plKqhg.jpg,1,amini-cocoa-contamination-dataset,CC BY 4.0,test
ID_HTu7wX.JPG,anthracnose,dataset/images/train/ID_HTu7wX.JPG,2,amini-cocoa-contamination-dataset,CC BY 4.0,test
ID_Do7UoJ.jpg,anthracnose,dataset/images/train/ID_Do7UoJ.jpg,2,amini-cocoa-contamination-dataset,CC BY 4.0,test
ID_yhtgjk.jpg,cssvd,dataset/images/train/ID_yhtgjk.jpg,1,amini-cocoa-contamination-dataset,CC BY 4.0,test
ID_Nm1F6Y.jpg,healthy,dataset/images/train/ID_Nm1F6Y.jpg,4,amini-cocoa-contamination-dataset,CC BY 4.0,test
ID_lB2omf.jpg,healthy,dataset/images/train/ID_lB2omf.jpg,1,amini-cocoa-contamination-dataset,CC BY 4.0,test
ID_qbZFQB.jpeg,anthracnose,dataset/images/train/ID_qbZFQB.jpeg,1,amini-cocoa-contamination-dataset,CC BY 4.0,test
ID_r0axyw.jpeg,healthy,dataset/images/train/ID_r0axyw.jpeg,2,amini-cocoa-contamination-dataset,CC BY 4.0,test
ID_xQaDGk.jpg,healthy,dataset/images/train/ID_xQaDGk.jpg,3,amini-cocoa-contamination-dataset,CC BY 4.0,test
ID_lAlP7Y.jpg,anthracnose,dataset/images/train/ID_lAlP7Y.jpg,1,amini-cocoa-contamination-dataset,CC BY 4.0,test
ID_yoacg3.jpg,healthy,dataset/images/train/ID_yoacg3.jpg,1,amini-cocoa-contamination-dataset,CC BY 4.0,test
ID_dSbIYR.jpg,healthy,dataset/images/train/ID_dSbIYR.jpg,2,amini-cocoa-contamination-dataset,CC BY 4.0,test
ID_RJlWB1.jpeg,healthy,dataset/images/train/ID_RJlWB1.jpeg,3,amini-cocoa-contamination-dataset,CC BY 4.0,test
ID_IZi4V7.jpeg,anthracnose,dataset/images/train/ID_IZi4V7.jpeg,1,amini-cocoa-contamination-dataset,CC BY 4.0,test
ID_fdkxSg.jpeg,anthracnose,dataset/images/train/ID_fdkxSg.jpeg,1,amini-cocoa-contamination-dataset,CC BY 4.0,test
ID_LL6Ut3.jpg,cssvd,dataset/images/train/ID_LL6Ut3.jpg,4,amini-cocoa-contamination-dataset,CC BY 4.0,test
ID_VyjCJQ.jpeg,anthracnose,dataset/images/train/ID_VyjCJQ.jpeg,1,amini-cocoa-contamination-dataset,CC BY 4.0,test
ID_HMKe7v.jpg,cssvd,dataset/images/train/ID_HMKe7v.jpg,1,amini-cocoa-contamination-dataset,CC BY 4.0,test
ID_gvaWDl.jpg,healthy,dataset/images/train/ID_gvaWDl.jpg,1,amini-cocoa-contamination-dataset,CC BY 4.0,test
ID_pU0EMH.jpeg,healthy,dataset/images/train/ID_pU0EMH.jpeg,1,amini-cocoa-contamination-dataset,CC BY 4.0,test
ID_C0W1s9.JPG,cssvd,dataset/images/train/ID_C0W1s9.JPG,1,amini-cocoa-contamination-dataset,CC BY 4.0,test
ID_b3yuEc.jpg,healthy,dataset/images/train/ID_b3yuEc.jpg,3,amini-cocoa-contamination-dataset,CC BY 4.0,test
ID_P02DsG.JPG,healthy,dataset/images/train/ID_P02DsG.JPG,4,amini-cocoa-contamination-dataset,CC BY 4.0,test
ID_NVMWUY.jpeg,healthy,dataset/images/train/ID_NVMWUY.jpeg,1,amini-cocoa-contamination-dataset,CC BY 4.0,test
ID_i1ZP8N.jpg,anthracnose,dataset/images/train/ID_i1ZP8N.jpg,1,amini-cocoa-contamination-dataset,CC BY 4.0,test
ID_PtxQcf.jpg,cssvd,dataset/images/train/ID_PtxQcf.jpg,1,amini-cocoa-contamination-dataset,CC BY 4.0,test
ID_XDgIXz.jpg,anthracnose,dataset/images/train/ID_XDgIXz.jpg,1,amini-cocoa-contamination-dataset,CC BY 4.0,test
ID_gYqhwj.jpg,cssvd,dataset/images/train/ID_gYqhwj.jpg,1,amini-cocoa-contamination-dataset,CC BY 4.0,test
ID_uGzpY0.jpeg,anthracnose,dataset/images/train/ID_uGzpY0.jpeg,1,amini-cocoa-contamination-dataset,CC BY 4.0,test
ID_rzcD2i.jpeg,cssvd,dataset/images/train/ID_rzcD2i.jpeg,1,amini-cocoa-contamination-dataset,CC BY 4.0,test
ID_zQqRfB.jpg,cssvd,dataset/images/train/ID_zQqRfB.jpg,1,amini-cocoa-contamination-dataset,CC BY 4.0,test
ID_vVeeih.jpeg,anthracnose,dataset/images/train/ID_vVeeih.jpeg,3,amini-cocoa-contamination-dataset,CC BY 4.0,test
ID_hOMMvD.JPG,cssvd,dataset/images/train/ID_hOMMvD.JPG,3,amini-cocoa-contamination-dataset,CC BY 4.0,test
ID_z4E3g5.jpg,anthracnose,dataset/images/train/ID_z4E3g5.jpg,1,amini-cocoa-contamination-dataset,CC BY 4.0,test
ID_b3LKVl.jpg,cssvd,dataset/images/train/ID_b3LKVl.jpg,1,amini-cocoa-contamination-dataset,CC BY 4.0,test
ID_Q5ks5E.jpg,cssvd,dataset/images/train/ID_Q5ks5E.jpg,1,amini-cocoa-contamination-dataset,CC BY 4.0,test
ID_hD12Yn.jpg,cssvd,dataset/images/train/ID_hD12Yn.jpg,2,amini-cocoa-contamination-dataset,CC BY 4.0,test
ID_jqSrtj.JPG,healthy,dataset/images/train/ID_jqSrtj.JPG,2,amini-cocoa-contamination-dataset,CC BY 4.0,test
ID_wJV3Ko.jpeg,healthy,dataset/images/train/ID_wJV3Ko.jpeg,2,amini-cocoa-contamination-dataset,CC BY 4.0,test
ID_jkY2Wr.jpg,anthracnose,dataset/images/train/ID_jkY2Wr.jpg,1,amini-cocoa-contamination-dataset,CC BY 4.0,test
ID_wXDepX.jpg,cssvd,dataset/images/train/ID_wXDepX.jpg,1,amini-cocoa-contamination-dataset,CC BY 4.0,test
ID_GKxnzb.jpg,healthy,dataset/images/train/ID_GKxnzb.jpg,1,amini-cocoa-contamination-dataset,CC BY 4.0,test
ID_wS8RoK.jpg,healthy,dataset/images/train/ID_wS8RoK.jpg,2,amini-cocoa-contamination-dataset,CC BY 4.0,test
ID_ydtiKD.jpg,cssvd,dataset/images/train/ID_ydtiKD.jpg,1,amini-cocoa-contamination-dataset,CC BY 4.0,test
ID_k1L0JW.jpg,cssvd,dataset/images/train/ID_k1L0JW.jpg,1,amini-cocoa-contamination-dataset,CC BY 4.0,test
ID_Lyg4md.jpg,cssvd,dataset/images/train/ID_Lyg4md.jpg,1,amini-cocoa-contamination-dataset,CC BY 4.0,test
ID_nkLNKe.jpg,cssvd,dataset/images/train/ID_nkLNKe.jpg,3,amini-cocoa-contamination-dataset,CC BY 4.0,test
ID_FGYbwj.jpg,anthracnose,dataset/images/train/ID_FGYbwj.jpg,2,amini-cocoa-contamination-dataset,CC BY 4.0,test
ID_aMP9qP.jpg,anthracnose,dataset/images/train/ID_aMP9qP.jpg,1,amini-cocoa-contamination-dataset,CC BY 4.0,test
ID_xAErvF.jpg,anthracnose,dataset/images/train/ID_xAErvF.jpg,2,amini-cocoa-contamination-dataset,CC BY 4.0,test
ID_GFYqTL.jpeg,anthracnose,dataset/images/train/ID_GFYqTL.jpeg,1,amini-cocoa-contamination-dataset,CC BY 4.0,test
ID_HIjTbe.jpg,cssvd,dataset/images/train/ID_HIjTbe.jpg,2,amini-cocoa-contamination-dataset,CC BY 4.0,test
ID_csx6y8.jpeg,anthracnose,dataset/images/train/ID_csx6y8.jpeg,1,amini-cocoa-contamination-dataset,CC BY 4.0,test
ID_y6uevo.jpeg,anthracnose,dataset/images/train/ID_y6uevo.jpeg,1,amini-cocoa-contamination-dataset,CC BY 4.0,test
ID_vSQk4E.jpg,cssvd,dataset/images/train/ID_vSQk4E.jpg,1,amini-cocoa-contamination-dataset,CC BY 4.0,test
ID_dKrHqk.jpeg,anthracnose,dataset/images/train/ID_dKrHqk.jpeg,1,amini-cocoa-contamination-dataset,CC BY 4.0,test
ID_Wc1TP1.jpg,healthy,dataset/images/train/ID_Wc1TP1.jpg,3,amini-cocoa-contamination-dataset,CC BY 4.0,test
ID_agGdoc.jpeg,healthy,dataset/images/train/ID_agGdoc.jpeg,1,amini-cocoa-contamination-dataset,CC BY 4.0,test
ID_TF8uJH.jpg,cssvd,dataset/images/train/ID_TF8uJH.jpg,1,amini-cocoa-contamination-dataset,CC BY 4.0,test
ID_HidqdL.jpg,anthracnose,dataset/images/train/ID_HidqdL.jpg,1,amini-cocoa-contamination-dataset,CC BY 4.0,test
ID_Mx9bat.jpeg,cssvd,dataset/images/train/ID_Mx9bat.jpeg,1,amini-cocoa-contamination-dataset,CC BY 4.0,test
ID_wFSFln.jpeg,anthracnose,dataset/images/train/ID_wFSFln.jpeg,1,amini-cocoa-contamination-dataset,CC BY 4.0,test
ID_MoG2Re.jpg,cssvd,dataset/images/train/ID_MoG2Re.jpg,1,amini-cocoa-contamination-dataset,CC BY 4.0,test
ID_vqSp1d.JPG,healthy,dataset/images/train/ID_vqSp1d.JPG,1,amini-cocoa-contamination-dataset,CC BY 4.0,test
ID_Ye2BOM.jpg,anthracnose,dataset/images/train/ID_Ye2BOM.jpg,3,amini-cocoa-contamination-dataset,CC BY 4.0,test
ID_cdqoeY.jpg,anthracnose,dataset/images/train/ID_cdqoeY.jpg,2,amini-cocoa-contamination-dataset,CC BY 4.0,test
ID_Bz0ggw.jpg,cssvd,dataset/images/train/ID_Bz0ggw.jpg,1,amini-cocoa-contamination-dataset,CC BY 4.0,test
ID_Y2nesO.jpg,anthracnose,dataset/images/train/ID_Y2nesO.jpg,1,amini-cocoa-contamination-dataset,CC BY 4.0,test
ID_gkTAaJ.jpg,cssvd,dataset/images/train/ID_gkTAaJ.jpg,1,amini-cocoa-contamination-dataset,CC BY 4.0,test
ID_UQU7R6.jpg,cssvd,dataset/images/train/ID_UQU7R6.jpg,1,amini-cocoa-contamination-dataset,CC BY 4.0,test
ID_EMtjgL.jpeg,anthracnose,dataset/images/train/ID_EMtjgL.jpeg,1,amini-cocoa-contamination-dataset,CC BY 4.0,test
ID_nomjoY.jpg,cssvd,dataset/images/train/ID_nomjoY.jpg,1,amini-cocoa-contamination-dataset,CC BY 4.0,test
ID_MgjCFE.jpg,healthy,dataset/images/train/ID_MgjCFE.jpg,2,amini-cocoa-contamination-dataset,CC BY 4.0,test
ID_uBas22.jpg,cssvd,dataset/images/train/ID_uBas22.jpg,1,amini-cocoa-contamination-dataset,CC BY 4.0,test
ID_PgmnhN.jpeg,anthracnose,dataset/images/train/ID_PgmnhN.jpeg,1,amini-cocoa-contamination-dataset,CC BY 4.0,test
ID_lPgVUk.jpg,anthracnose,dataset/images/train/ID_lPgVUk.jpg,1,amini-cocoa-contamination-dataset,CC BY 4.0,test
ID_Qn3FBm.jpg,cssvd,dataset/images/train/ID_Qn3FBm.jpg,1,amini-cocoa-contamination-dataset,CC BY 4.0,test
ID_iv5Jk9.JPG,healthy,dataset/images/train/ID_iv5Jk9.JPG,6,amini-cocoa-contamination-dataset,CC BY 4.0,test
ID_w3bb70.jpg,anthracnose,dataset/images/train/ID_w3bb70.jpg,4,amini-cocoa-contamination-dataset,CC BY 4.0,test
ID_qiWsUa.jpg,healthy,dataset/images/train/ID_qiWsUa.jpg,3,amini-cocoa-contamination-dataset,CC BY 4.0,test
ID_WjEqRU.jpeg,healthy,dataset/images/train/ID_WjEqRU.jpeg,1,amini-cocoa-contamination-dataset,CC BY 4.0,test
ID_RG7jdW.jpg,cssvd,dataset/images/train/ID_RG7jdW.jpg,2,amini-cocoa-contamination-dataset,CC BY 4.0,test
ID_kb2HmF.jpg,anthracnose,dataset/images/train/ID_kb2HmF.jpg,2,amini-cocoa-contamination-dataset,CC BY 4.0,test
ID_WACmPI.JPG,healthy,dataset/images/train/ID_WACmPI.JPG,2,amini-cocoa-contamination-dataset,CC BY 4.0,test
ID_SlmeBb.jpeg,healthy,dataset/images/train/ID_SlmeBb.jpeg,2,amini-cocoa-contamination-dataset,CC BY 4.0,test
ID_c0rztI.jpg,anthracnose,dataset/images/train/ID_c0rztI.jpg,2,amini-cocoa-contamination-dataset,CC BY 4.0,test
ID_kxTgnp.jpeg,healthy,dataset/images/train/ID_kxTgnp.jpeg,2,amini-cocoa-contamination-dataset,CC BY 4.0,test
ID_IOkMLs.jpg,cssvd,dataset/images/train/ID_IOkMLs.jpg,1,amini-cocoa-contamination-dataset,CC BY 4.0,test
ID_Fk8aG8.jpeg,healthy,dataset/images/train/ID_Fk8aG8.jpeg,2,amini-cocoa-contamination-dataset,CC BY 4.0,test
ID_TLaeJA.jpg,anthracnose,dataset/images/train/ID_TLaeJA.jpg,2,amini-cocoa-contamination-dataset,CC BY 4.0,test
ID_XOgJSK.jpg,anthracnose,dataset/images/train/ID_XOgJSK.jpg,1,amini-cocoa-contamination-dataset,CC BY 4.0,test
ID_NA3SZd.jpg,cssvd,dataset/images/train/ID_NA3SZd.jpg,3,amini-cocoa-contamination-dataset,CC BY 4.0,test
ID_xOwdhc.jpg,cssvd,dataset/images/train/ID_xOwdhc.jpg,1,amini-cocoa-contamination-dataset,CC BY 4.0,test
ID_YOcjPG.jpeg,healthy,dataset/images/train/ID_YOcjPG.jpeg,1,amini-cocoa-contamination-dataset,CC BY 4.0,test
ID_pk7JbQ.jpg,anthracnose,dataset/images/train/ID_pk7JbQ.jpg,1,amini-cocoa-contamination-dataset,CC BY 4.0,test
ID_vRyZXb.jpeg,cssvd,dataset/images/train/ID_vRyZXb.jpeg,1,amini-cocoa-contamination-dataset,CC BY 4.0,test
ID_maiMIF.jpg,cssvd,dataset/images/train/ID_maiMIF.jpg,1,amini-cocoa-contamination-dataset,CC BY 4.0,test
ID_KRRPiS.JPG,healthy,dataset/images/train/ID_KRRPiS.JPG,2,amini-cocoa-contamination-dataset,CC BY 4.0,test
ID_pDP6VA.jpg,anthracnose,dataset/images/train/ID_pDP6VA.jpg,1,amini-cocoa-contamination-dataset,CC BY 4.0,test
ID_u0KnR0.jpg,cssvd,dataset/images/train/ID_u0KnR0.jpg,2,amini-cocoa-contamination-dataset,CC BY 4.0,test
ID_CKRAvN.jpg,cssvd,dataset/images/train/ID_CKRAvN.jpg,1,amini-cocoa-contamination-dataset,CC BY 4.0,test
ID_bAu5mQ.jpg,healthy,dataset/images/train/ID_bAu5mQ.jpg,2,amini-cocoa-contamination-dataset,CC BY 4.0,test
ID_h7V5oI.jpg,cssvd,dataset/images/train/ID_h7V5oI.jpg,1,amini-cocoa-contamination-dataset,CC BY 4.0,test
ID_qGAPl1.jpeg,cssvd,dataset/images/train/ID_qGAPl1.jpeg,1,amini-cocoa-contamination-dataset,CC BY 4.0,test
ID_XpnlAk.jpeg,cssvd,dataset/images/train/ID_XpnlAk.jpeg,1,amini-cocoa-contamination-dataset,CC BY 4.0,test
ID_NsTdi0.jpg,anthracnose,dataset/images/train/ID_NsTdi0.jpg,3,amini-cocoa-contamination-dataset,CC BY 4.0,test
ID_EmWPmE.jpeg,anthracnose,dataset/images/train/ID_EmWPmE.jpeg,1,amini-cocoa-contamination-dataset,CC BY 4.0,test
ID_uOV1cG.jpg,cssvd,dataset/images/train/ID_uOV1cG.jpg,3,amini-cocoa-contamination-dataset,CC BY 4.0,test
ID_Csl0pf.jpg,cssvd,dataset/images/train/ID_Csl0pf.jpg,1,amini-cocoa-contamination-dataset,CC BY 4.0,test
ID_a4Rjnu.jpg,anthracnose,dataset/images/train/ID_a4Rjnu.jpg,1,amini-cocoa-contamination-dataset,CC BY 4.0,test
ID_wMFhJs.jpg,healthy,dataset/images/train/ID_wMFhJs.jpg,1,amini-cocoa-contamination-dataset,CC BY 4.0,test
ID_yKCYtf.jpeg,cssvd,dataset/images/train/ID_yKCYtf.jpeg,2,amini-cocoa-contamination-dataset,CC BY 4.0,test
ID_GvJ7I1.jpg,cssvd,dataset/images/train/ID_GvJ7I1.jpg,1,amini-cocoa-contamination-dataset,CC BY 4.0,test
ID_PH0QPV.jpeg,healthy,dataset/images/train/ID_PH0QPV.jpeg,1,amini-cocoa-contamination-dataset,CC BY 4.0,test
ID_VVx5jm.JPG,cssvd,dataset/images/train/ID_VVx5jm.JPG,2,amini-cocoa-contamination-dataset,CC BY 4.0,test
ID_u8YjZQ.jpg,cssvd,dataset/images/train/ID_u8YjZQ.jpg,1,amini-cocoa-contamination-dataset,CC BY 4.0,test
ID_I7as2r.jpg,cssvd,dataset/images/train/ID_I7as2r.jpg,1,amini-cocoa-contamination-dataset,CC BY 4.0,test
ID_ugwTUK.jpg,healthy,dataset/images/train/ID_ugwTUK.jpg,3,amini-cocoa-contamination-dataset,CC BY 4.0,test
ID_iyomxf.jpeg,anthracnose,dataset/images/train/ID_iyomxf.jpeg,1,amini-cocoa-contamination-dataset,CC BY 4.0,test
ID_S5LLy1.jpg,cssvd,dataset/images/train/ID_S5LLy1.jpg,1,amini-cocoa-contamination-dataset,CC BY 4.0,test
ID_mOQ3Hf.jpg,healthy,dataset/images/train/ID_mOQ3Hf.jpg,1,amini-cocoa-contamination-dataset,CC BY 4.0,test
ID_GMAzu6.jpg,cssvd,dataset/images/train/ID_GMAzu6.jpg,1,amini-cocoa-contamination-dataset,CC BY 4.0,test
ID_IkmuOf.jpeg,healthy,dataset/images/train/ID_IkmuOf.jpeg,5,amini-cocoa-contamination-dataset,CC BY 4.0,test
ID_zNL4sM.jpg,cssvd,dataset/images/train/ID_zNL4sM.jpg,1,amini-cocoa-contamination-dataset,CC BY 4.0,test
ID_gKZt2c.jpg,anthracnose,dataset/images/train/ID_gKZt2c.jpg,1,amini-cocoa-contamination-dataset,CC BY 4.0,test
ID_jndNek.jpg,healthy,dataset/images/train/ID_jndNek.jpg,2,amini-cocoa-contamination-dataset,CC BY 4.0,test
ID_d4QyQi.jpg,cssvd,dataset/images/train/ID_d4QyQi.jpg,1,amini-cocoa-contamination-dataset,CC BY 4.0,test
ID_A9j4mt.jpg,anthracnose,dataset/images/train/ID_A9j4mt.jpg,3,amini-cocoa-contamination-dataset,CC BY 4.0,test
ID_L743uz.jpeg,cssvd,dataset/images/train/ID_L743uz.jpeg,1,amini-cocoa-contamination-dataset,CC BY 4.0,test
ID_Qi9HGy.jpg,cssvd,dataset/images/train/ID_Qi9HGy.jpg,1,amini-cocoa-contamination-dataset,CC BY 4.0,test
ID_DimzNm.jpeg,cssvd,dataset/images/train/ID_DimzNm.jpeg,2,amini-cocoa-contamination-dataset,CC BY 4.0,test
ID_tj6GYK.jpeg,healthy,dataset/images/train/ID_tj6GYK.jpeg,3,amini-cocoa-contamination-dataset,CC BY 4.0,test
ID_Vbxp77.jpg,cssvd,dataset/images/train/ID_Vbxp77.jpg,1,amini-cocoa-contamination-dataset,CC BY 4.0,test
ID_MIlKDj.jpeg,anthracnose,dataset/images/train/ID_MIlKDj.jpeg,1,amini-cocoa-contamination-dataset,CC BY 4.0,test
ID_MzoyMn.jpg,healthy,dataset/images/train/ID_MzoyMn.jpg,2,amini-cocoa-contamination-dataset,CC BY 4.0,test
ID_vfiJD1.jpg,cssvd,dataset/images/train/ID_vfiJD1.jpg,2,amini-cocoa-contamination-dataset,CC BY 4.0,test
ID_ueLjIX.jpg,cssvd,dataset/images/train/ID_ueLjIX.jpg,1,amini-cocoa-contamination-dataset,CC BY 4.0,test
ID_nKPtG1.jpeg,healthy,dataset/images/train/ID_nKPtG1.jpeg,2,amini-cocoa-contamination-dataset,CC BY 4.0,test
ID_wL0rLJ.jpg,cssvd,dataset/images/train/ID_wL0rLJ.jpg,1,amini-cocoa-contamination-dataset,CC BY 4.0,test
ID_AhmyiY.jpeg,anthracnose,dataset/images/train/ID_AhmyiY.jpeg,1,amini-cocoa-contamination-dataset,CC BY 4.0,test
ID_dQiiIR.jpg,cssvd,dataset/images/train/ID_dQiiIR.jpg,2,amini-cocoa-contamination-dataset,CC BY 4.0,test
ID_BAKMFl.jpeg,healthy,dataset/images/train/ID_BAKMFl.jpeg,1,amini-cocoa-contamination-dataset,CC BY 4.0,test
ID_GEGbEq.jpeg,cssvd,dataset/images/train/ID_GEGbEq.jpeg,2,amini-cocoa-contamination-dataset,CC BY 4.0,test
ID_iFhC1i.jpg,healthy,dataset/images/train/ID_iFhC1i.jpg,1,amini-cocoa-contamination-dataset,CC BY 4.0,test
ID_SNdmVc.jpg,cssvd,dataset/images/train/ID_SNdmVc.jpg,1,amini-cocoa-contamination-dataset,CC BY 4.0,test
ID_yboXXh.jpeg,healthy,dataset/images/train/ID_yboXXh.jpeg,3,amini-cocoa-contamination-dataset,CC BY 4.0,test
ID_SSGiW2.jpeg,healthy,dataset/images/train/ID_SSGiW2.jpeg,1,amini-cocoa-contamination-dataset,CC BY 4.0,test
ID_oMW3r2.jpg,cssvd,dataset/images/train/ID_oMW3r2.jpg,2,amini-cocoa-contamination-dataset,CC BY 4.0,test
ID_glOCst.jpg,healthy,dataset/images/train/ID_glOCst.jpg,2,amini-cocoa-contamination-dataset,CC BY 4.0,test
ID_hrBOIc.jpg,healthy,dataset/images/train/ID_hrBOIc.jpg,4,amini-cocoa-contamination-dataset,CC BY 4.0,test
ID_UXhE6j.jpeg,anthracnose,dataset/images/train/ID_UXhE6j.jpeg,1,amini-cocoa-contamination-dataset,CC BY 4.0,test
ID_WUmC9Y.jpg,anthracnose,dataset/images/train/ID_WUmC9Y.jpg,1,amini-cocoa-contamination-dataset,CC BY 4.0,test
ID_wFbSL1.jpeg,healthy,dataset/images/train/ID_wFbSL1.jpeg,1,amini-cocoa-contamination-dataset,CC BY 4.0,test
ID_nJtPUG.jpg,cssvd,dataset/images/train/ID_nJtPUG.jpg,2,amini-cocoa-contamination-dataset,CC BY 4.0,test
ID_HEpI35.jpg,cssvd,dataset/images/train/ID_HEpI35.jpg,2,amini-cocoa-contamination-dataset,CC BY 4.0,test
ID_p2oyLz.jpg,cssvd,dataset/images/train/ID_p2oyLz.jpg,2,amini-cocoa-contamination-dataset,CC BY 4.0,test
ID_Zertoo.jpg,anthracnose,dataset/images/train/ID_Zertoo.jpg,1,amini-cocoa-contamination-dataset,CC BY 4.0,test
ID_i3nIcV.jpeg,anthracnose,dataset/images/train/ID_i3nIcV.jpeg,2,amini-cocoa-contamination-dataset,CC BY 4.0,test
ID_PR1tKH.jpeg,healthy,dataset/images/train/ID_PR1tKH.jpeg,2,amini-cocoa-contamination-dataset,CC BY 4.0,test
ID_zn1hvV.jpeg,cssvd,dataset/images/train/ID_zn1hvV.jpeg,1,amini-cocoa-contamination-dataset,CC BY 4.0,test
ID_VPfrmS.jpg,cssvd,dataset/images/train/ID_VPfrmS.jpg,1,amini-cocoa-contamination-dataset,CC BY 4.0,test
ID_poHSRz.jpg,cssvd,dataset/images/train/ID_poHSRz.jpg,2,amini-cocoa-contamination-dataset,CC BY 4.0,test
ID_BTbGXY.jpg,healthy,dataset/images/train/ID_BTbGXY.jpg,7,amini-cocoa-contamination-dataset,CC BY 4.0,test
ID_JdygGu.jpg,healthy,dataset/images/train/ID_JdygGu.jpg,1,amini-cocoa-contamination-dataset,CC BY 4.0,test
ID_GbOG4j.jpg,cssvd,dataset/images/train/ID_GbOG4j.jpg,2,amini-cocoa-contamination-dataset,CC BY 4.0,test
ID_VjNim4.jpg,healthy,dataset/images/train/ID_VjNim4.jpg,3,amini-cocoa-contamination-dataset,CC BY 4.0,test
ID_wsNPB9.jpg,healthy,dataset/images/train/ID_wsNPB9.jpg,2,amini-cocoa-contamination-dataset,CC BY 4.0,test
ID_jWlumD.JPG,anthracnose,dataset/images/train/ID_jWlumD.JPG,1,amini-cocoa-contamination-dataset,CC BY 4.0,test
ID_Gm2RFf.jpg,cssvd,dataset/images/train/ID_Gm2RFf.jpg,2,amini-cocoa-contamination-dataset,CC BY 4.0,test
ID_jtKFJm.jpg,cssvd,dataset/images/train/ID_jtKFJm.jpg,1,amini-cocoa-contamination-dataset,CC BY 4.0,test
ID_Repxbl.jpg,cssvd,dataset/images/train/ID_Repxbl.jpg,1,amini-cocoa-contamination-dataset,CC BY 4.0,test
ID_HTfiNz.jpg,cssvd,dataset/images/train/ID_HTfiNz.jpg,2,amini-cocoa-contamination-dataset,CC BY 4.0,test
ID_Ee27XW.jpg,cssvd,dataset/images/train/ID_Ee27XW.jpg,1,amini-cocoa-contamination-dataset,CC BY 4.0,test
ID_Ra2mbr.jpeg,healthy,dataset/images/train/ID_Ra2mbr.jpeg,1,amini-cocoa-contamination-dataset,CC BY 4.0,test
ID_F6NJ03.jpeg,healthy,dataset/images/train/ID_F6NJ03.jpeg,3,amini-cocoa-contamination-dataset,CC BY 4.0,test
ID_EsKSBB.jpg,anthracnose,dataset/images/train/ID_EsKSBB.jpg,2,amini-cocoa-contamination-dataset,CC BY 4.0,test
ID_fog9iY.jpeg,healthy,dataset/images/train/ID_fog9iY.jpeg,1,amini-cocoa-contamination-dataset,CC BY 4.0,test
ID_pedO91.jpeg,healthy,dataset/images/train/ID_pedO91.jpeg,2,amini-cocoa-contamination-dataset,CC BY 4.0,test
ID_HEKWRi.jpeg,healthy,dataset/images/train/ID_HEKWRi.jpeg,2,amini-cocoa-contamination-dataset,CC BY 4.0,test
ID_de0WYt.jpg,cssvd,dataset/images/train/ID_de0WYt.jpg,1,amini-cocoa-contamination-dataset,CC BY 4.0,test
ID_fbXMbI.jpg,cssvd,dataset/images/train/ID_fbXMbI.jpg,2,amini-cocoa-contamination-dataset,CC BY 4.0,test
ID_htn0Lw.jpeg,healthy,dataset/images/train/ID_htn0Lw.jpeg,3,amini-cocoa-contamination-dataset,CC BY 4.0,test
ID_ukr8zt.jpg,anthracnose,dataset/images/train/ID_ukr8zt.jpg,2,amini-cocoa-contamination-dataset,CC BY 4.0,test
ID_P6L7ZZ.jpg,healthy,dataset/images/train/ID_P6L7ZZ.jpg,1,amini-cocoa-contamination-dataset,CC BY 4.0,test
ID_x62KpB.jpg,cssvd,dataset/images/train/ID_x62KpB.jpg,4,amini-cocoa-contamination-dataset,CC BY 4.0,test
ID_dNU0Dg.jpg,cssvd,dataset/images/train/ID_dNU0Dg.jpg,1,amini-cocoa-contamination-dataset,CC BY 4.0,test
ID_ARV285.jpg,cssvd,dataset/images/train/ID_ARV285.jpg,1,amini-cocoa-contamination-dataset,CC BY 4.0,test
ID_hyUwDM.jpg,cssvd,dataset/images/train/ID_hyUwDM.jpg,1,amini-cocoa-contamination-dataset,CC BY 4.0,test
ID_GNwqcA.jpeg,anthracnose,dataset/images/train/ID_GNwqcA.jpeg,1,amini-cocoa-contamination-dataset,CC BY 4.0,test
ID_uPgBmx.jpeg,healthy,dataset/images/train/ID_uPgBmx.jpeg,2,amini-cocoa-contamination-dataset,CC BY 4.0,test
ID_et1Olj.jpg,cssvd,dataset/images/train/ID_et1Olj.jpg,2,amini-cocoa-contamination-dataset,CC BY 4.0,test
ID_lCHtly.jpg,cssvd,dataset/images/train/ID_lCHtly.jpg,1,amini-cocoa-contamination-dataset,CC BY 4.0,test
ID_WO55Yb.jpg,cssvd,dataset/images/train/ID_WO55Yb.jpg,1,amini-cocoa-contamination-dataset,CC BY 4.0,test
ID_yd0aFD.jpg,anthracnose,dataset/images/train/ID_yd0aFD.jpg,1,amini-cocoa-contamination-dataset,CC BY 4.0,test
ID_tBqjmr.jpg,anthracnose,dataset/images/train/ID_tBqjmr.jpg,3,amini-cocoa-contamination-dataset,CC BY 4.0,test
ID_UbwbfR.jpg,cssvd,dataset/images/train/ID_UbwbfR.jpg,1,amini-cocoa-contamination-dataset,CC BY 4.0,test
ID_t3qSYd.jpg,cssvd,dataset/images/train/ID_t3qSYd.jpg,2,amini-cocoa-contamination-dataset,CC BY 4.0,test
ID_n9H5aT.jpeg,healthy,dataset/images/train/ID_n9H5aT.jpeg,1,amini-cocoa-contamination-dataset,CC BY 4.0,test
ID_xoU5tx.jpeg,anthracnose,dataset/images/train/ID_xoU5tx.jpeg,1,amini-cocoa-contamination-dataset,CC BY 4.0,test
ID_LEwQYe.jpg,cssvd,dataset/images/train/ID_LEwQYe.jpg,1,amini-cocoa-contamination-dataset,CC BY 4.0,test
ID_VK7zHN.jpg,healthy,dataset/images/train/ID_VK7zHN.jpg,9,amini-cocoa-contamination-dataset,CC BY 4.0,test
ID_Kk9TXK.jpg,anthracnose,dataset/images/train/ID_Kk9TXK.jpg,1,amini-cocoa-contamination-dataset,CC BY 4.0,test
ID_sSqJXu.jpg,healthy,dataset/images/train/ID_sSqJXu.jpg,2,amini-cocoa-contamination-dataset,CC BY 4.0,test
ID_ZYZnXG.jpg,cssvd,dataset/images/train/ID_ZYZnXG.jpg,1,amini-cocoa-contamination-dataset,CC BY 4.0,test
ID_dIhNE2.jpeg,cssvd,dataset/images/train/ID_dIhNE2.jpeg,1,amini-cocoa-contamination-dataset,CC BY 4.0,test
ID_Sh3B16.jpeg,anthracnose,dataset/images/train/ID_Sh3B16.jpeg,1,amini-cocoa-contamination-dataset,CC BY 4.0,test
ID_fly1t8.jpg,anthracnose,dataset/images/train/ID_fly1t8.jpg,2,amini-cocoa-contamination-dataset,CC BY 4.0,test
ID_uMkHb9.jpeg,cssvd,dataset/images/train/ID_uMkHb9.jpeg,1,amini-cocoa-contamination-dataset,CC BY 4.0,test
ID_c2Kt3b.jpg,anthracnose,dataset/images/train/ID_c2Kt3b.jpg,2,amini-cocoa-contamination-dataset,CC BY 4.0,test
ID_H6TjuG.jpg,cssvd,dataset/images/train/ID_H6TjuG.jpg,1,amini-cocoa-contamination-dataset,CC BY 4.0,test
ID_opv4tJ.jpeg,cssvd,dataset/images/train/ID_opv4tJ.jpeg,1,amini-cocoa-contamination-dataset,CC BY 4.0,test
ID_hLkITu.jpg,cssvd,dataset/images/train/ID_hLkITu.jpg,1,amini-cocoa-contamination-dataset,CC BY 4.0,test
ID_QRewdu.jpg,cssvd,dataset/images/train/ID_QRewdu.jpg,1,amini-cocoa-contamination-dataset,CC BY 4.0,test
ID_K1whdI.jpg,cssvd,dataset/images/train/ID_K1whdI.jpg,1,amini-cocoa-contamination-dataset,CC BY 4.0,test
ID_LS0Z3w.jpeg,healthy,dataset/images/train/ID_LS0Z3w.jpeg,1,amini-cocoa-contamination-dataset,CC BY 4.0,test
ID_NW2KN6.jpeg,cssvd,dataset/images/train/ID_NW2KN6.jpeg,1,amini-cocoa-contamination-dataset,CC BY 4.0,test
ID_cfn3bx.JPG,healthy,dataset/images/train/ID_cfn3bx.JPG,4,amini-cocoa-contamination-dataset,CC BY 4.0,test
ID_uokf1A.jpeg,healthy,dataset/images/train/ID_uokf1A.jpeg,1,amini-cocoa-contamination-dataset,CC BY 4.0,test
ID_VuJyzz.jpg,healthy,dataset/images/train/ID_VuJyzz.jpg,5,amini-cocoa-contamination-dataset,CC BY 4.0,test
ID_QUeK2Q.jpg,anthracnose,dataset/images/train/ID_QUeK2Q.jpg,4,amini-cocoa-contamination-dataset,CC BY 4.0,test
ID_UGwTfF.jpeg,anthracnose,dataset/images/train/ID_UGwTfF.jpeg,2,amini-cocoa-contamination-dataset,CC BY 4.0,test
ID_og4P4a.jpg,healthy,dataset/images/train/ID_og4P4a.jpg,5,amini-cocoa-contamination-dataset,CC BY 4.0,test
ID_J5h3Kx.jpg,anthracnose,dataset/images/train/ID_J5h3Kx.jpg,1,amini-cocoa-contamination-dataset,CC BY 4.0,test
ID_Yf4J1R.jpg,healthy,dataset/images/train/ID_Yf4J1R.jpg,3,amini-cocoa-contamination-dataset,CC BY 4.0,test
ID_RhAKBi.jpeg,healthy,dataset/images/train/ID_RhAKBi.jpeg,2,amini-cocoa-contamination-dataset,CC BY 4.0,test
ID_Ss1mkM.jpg,healthy,dataset/images/train/ID_Ss1mkM.jpg,3,amini-cocoa-contamination-dataset,CC BY 4.0,test
ID_hy1wlX.jpg,anthracnose,dataset/images/train/ID_hy1wlX.jpg,1,amini-cocoa-contamination-dataset,CC BY 4.0,test
ID_u2l7wr.jpg,healthy,dataset/images/train/ID_u2l7wr.jpg,8,amini-cocoa-contamination-dataset,CC BY 4.0,test
ID_IvmqsJ.jpeg,anthracnose,dataset/images/train/ID_IvmqsJ.jpeg,1,amini-cocoa-contamination-dataset,CC BY 4.0,test
ID_Rvbep1.jpg,anthracnose,dataset/images/train/ID_Rvbep1.jpg,2,amini-cocoa-contamination-dataset,CC BY 4.0,test
ID_wEKJC2.jpeg,healthy,dataset/images/train/ID_wEKJC2.jpeg,1,amini-cocoa-contamination-dataset,CC BY 4.0,test
ID_BOFwGQ.jpg,cssvd,dataset/images/train/ID_BOFwGQ.jpg,1,amini-cocoa-contamination-dataset,CC BY 4.0,test
ID_ChC2jR.jpg,healthy,dataset/images/train/ID_ChC2jR.jpg,4,amini-cocoa-contamination-dataset,CC BY 4.0,test
ID_KY5ghr.jpg,cssvd,dataset/images/train/ID_KY5ghr.jpg,1,amini-cocoa-contamination-dataset,CC BY 4.0,test
ID_OYsf1e.JPG,cssvd,dataset/images/train/ID_OYsf1e.JPG,3,amini-cocoa-contamination-dataset,CC BY 4.0,test
ID_WwcVSZ.jpeg,cssvd,dataset/images/train/ID_WwcVSZ.jpeg,1,amini-cocoa-contamination-dataset,CC BY 4.0,test
ID_KqFsYn.jpg,cssvd,dataset/images/train/ID_KqFsYn.jpg,2,amini-cocoa-contamination-dataset,CC BY 4.0,test
ID_Zicdoi.jpg,anthracnose,dataset/images/train/ID_Zicdoi.jpg,3,amini-cocoa-contamination-dataset,CC BY 4.0,test
ID_lxws3V.jpg,cssvd,dataset/images/train/ID_lxws3V.jpg,1,amini-cocoa-contamination-dataset,CC BY 4.0,test
ID_eSOnqp.jpg,cssvd,dataset/images/train/ID_eSOnqp.jpg,3,amini-cocoa-contamination-dataset,CC BY 4.0,test
ID_KAtf49.jpg,anthracnose,dataset/images/train/ID_KAtf49.jpg,1,amini-cocoa-contamination-dataset,CC BY 4.0,test
ID_wki515.jpeg,healthy,dataset/images/train/ID_wki515.jpeg,1,amini-cocoa-contamination-dataset,CC BY 4.0,test
ID_ASBvj5.jpg,cssvd,dataset/images/train/ID_ASBvj5.jpg,2,amini-cocoa-contamination-dataset,CC BY 4.0,test
ID_evz9lz.jpg,cssvd,dataset/images/train/ID_evz9lz.jpg,1,amini-cocoa-contamination-dataset,CC BY 4.0,test
ID_W18hoZ.jpg,cssvd,dataset/images/train/ID_W18hoZ.jpg,2,amini-cocoa-contamination-dataset,CC BY 4.0,test
ID_GONPQx.jpg,anthracnose,dataset/images/train/ID_GONPQx.jpg,2,amini-cocoa-contamination-dataset,CC BY 4.0,test
ID_qcunn7.jpeg,cssvd,dataset/images/train/ID_qcunn7.jpeg,1,amini-cocoa-contamination-dataset,CC BY 4.0,test
ID_k7Tr8O.jpeg,healthy,dataset/images/train/ID_k7Tr8O.jpeg,2,amini-cocoa-contamination-dataset,CC BY 4.0,test
ID_JsGjOX.jpg,healthy,dataset/images/train/ID_JsGjOX.jpg,3,amini-cocoa-contamination-dataset,CC BY 4.0,test
ID_cmPzWt.jpg,cssvd,dataset/images/train/ID_cmPzWt.jpg,1,amini-cocoa-contamination-dataset,CC BY 4.0,test
ID_gTOTpF.jpg,healthy,dataset/images/train/ID_gTOTpF.jpg,3,amini-cocoa-contamination-dataset,CC BY 4.0,test
ID_KDq13B.jpeg,cssvd,dataset/images/train/ID_KDq13B.jpeg,1,amini-cocoa-contamination-dataset,CC BY 4.0,test
ID_PHga8K.jpg,cssvd,dataset/images/train/ID_PHga8K.jpg,1,amini-cocoa-contamination-dataset,CC BY 4.0,test
ID_GkeQ6m.jpeg,anthracnose,dataset/images/train/ID_GkeQ6m.jpeg,1,amini-cocoa-contamination-dataset,CC BY 4.0,test
ID_Fj2nKt.jpg,cssvd,dataset/images/train/ID_Fj2nKt.jpg,1,amini-cocoa-contamination-dataset,CC BY 4.0,test
ID_OVHFas.jpg,healthy,dataset/images/train/ID_OVHFas.jpg,3,amini-cocoa-contamination-dataset,CC BY 4.0,test
ID_mBvPIf.jpg,anthracnose,dataset/images/train/ID_mBvPIf.jpg,1,amini-cocoa-contamination-dataset,CC BY 4.0,test
ID_Q3xus1.jpg,anthracnose,dataset/images/train/ID_Q3xus1.jpg,3,amini-cocoa-contamination-dataset,CC BY 4.0,test
ID_VMZsti.jpg,cssvd,dataset/images/train/ID_VMZsti.jpg,1,amini-cocoa-contamination-dataset,CC BY 4.0,test
ID_A397lM.jpg,cssvd,dataset/images/train/ID_A397lM.jpg,1,amini-cocoa-contamination-dataset,CC BY 4.0,test
ID_Qinkut.jpg,anthracnose,dataset/images/train/ID_Qinkut.jpg,1,amini-cocoa-contamination-dataset,CC BY 4.0,test
ID_g8YpEN.jpg,healthy,dataset/images/train/ID_g8YpEN.jpg,1,amini-cocoa-contamination-dataset,CC BY 4.0,test
ID_pDToMe.jpg,anthracnose,dataset/images/train/ID_pDToMe.jpg,2,amini-cocoa-contamination-dataset,CC BY 4.0,test
ID_DLEviT.jpg,healthy,dataset/images/train/ID_DLEviT.jpg,3,amini-cocoa-contamination-dataset,CC BY 4.0,test
ID_ta3fNJ.jpg,anthracnose,dataset/images/train/ID_ta3fNJ.jpg,2,amini-cocoa-contamination-dataset,CC BY 4.0,test
ID_E2sEr5.jpg,anthracnose,dataset/images/train/ID_E2sEr5.jpg,3,amini-cocoa-contamination-dataset,CC BY 4.0,test
ID_oaam4S.jpg,cssvd,dataset/images/train/ID_oaam4S.jpg,1,amini-cocoa-contamination-dataset,CC BY 4.0,test
ID_RElxG3.jpg,cssvd,dataset/images/train/ID_RElxG3.jpg,1,amini-cocoa-contamination-dataset,CC BY 4.0,test
ID_XGt0GB.jpg,cssvd,dataset/images/train/ID_XGt0GB.jpg,1,amini-cocoa-contamination-dataset,CC BY 4.0,test
ID_jx5Ekq.jpg,anthracnose,dataset/images/train/ID_jx5Ekq.jpg,2,amini-cocoa-contamination-dataset,CC BY 4.0,test
ID_hHX1Ir.jpg,cssvd,dataset/images/train/ID_hHX1Ir.jpg,2,amini-cocoa-contamination-dataset,CC BY 4.0,test
ID_ZVfToV.jpeg,healthy,dataset/images/train/ID_ZVfToV.jpeg,2,amini-cocoa-contamination-dataset,CC BY 4.0,test
ID_TfkEmd.jpg,healthy,dataset/images/train/ID_TfkEmd.jpg,3,amini-cocoa-contamination-dataset,CC BY 4.0,test
ID_VwIYf0.jpg,anthracnose,dataset/images/train/ID_VwIYf0.jpg,1,amini-cocoa-contamination-dataset,CC BY 4.0,test
ID_xDTIEp.jpeg,anthracnose,dataset/images/train/ID_xDTIEp.jpeg,1,amini-cocoa-contamination-dataset,CC BY 4.0,test
ID_M9LY8a.jpg,cssvd,dataset/images/train/ID_M9LY8a.jpg,1,amini-cocoa-contamination-dataset,CC BY 4.0,test
ID_YtZf6R.jpg,anthracnose,dataset/images/train/ID_YtZf6R.jpg,1,amini-cocoa-contamination-dataset,CC BY 4.0,test
ID_zQfp73.jpeg,healthy,dataset/images/train/ID_zQfp73.jpeg,3,amini-cocoa-contamination-dataset,CC BY 4.0,test
ID_jGU7VR.jpg,cssvd,dataset/images/train/ID_jGU7VR.jpg,1,amini-cocoa-contamination-dataset,CC BY 4.0,test
ID_tpZ05R.jpg,cssvd,dataset/images/train/ID_tpZ05R.jpg,1,amini-cocoa-contamination-dataset,CC BY 4.0,test
ID_UnBicy.jpg,cssvd,dataset/images/train/ID_UnBicy.jpg,1,amini-cocoa-contamination-dataset,CC BY 4.0,test
ID_sCO8Cl.jpg,anthracnose,dataset/images/train/ID_sCO8Cl.jpg,1,amini-cocoa-contamination-dataset,CC BY 4.0,test
ID_tyOiq1.jpg,cssvd,dataset/images/train/ID_tyOiq1.jpg,1,amini-cocoa-contamination-dataset,CC BY 4.0,test
ID_tqb96p.jpeg,anthracnose,dataset/images/train/ID_tqb96p.jpeg,2,amini-cocoa-contamination-dataset,CC BY 4.0,test
ID_s8tf1z.jpg,cssvd,dataset/images/train/ID_s8tf1z.jpg,1,amini-cocoa-contamination-dataset,CC BY 4.0,test
ID_D3zCat.jpg,anthracnose,dataset/images/train/ID_D3zCat.jpg,1,amini-cocoa-contamination-dataset,CC BY 4.0,test
ID_zltnVS.jpeg,cssvd,dataset/images/train/ID_zltnVS.jpeg,1,amini-cocoa-contamination-dataset,CC BY 4.0,test
ID_nx88jF.jpg,anthracnose,dataset/images/train/ID_nx88jF.jpg,1,amini-cocoa-contamination-dataset,CC BY 4.0,test
ID_fTbZTD.jpg,cssvd,dataset/images/train/ID_fTbZTD.jpg,1,amini-cocoa-contamination-dataset,CC BY 4.0,test
ID_tQZ8cR.jpg,anthracnose,dataset/images/train/ID_tQZ8cR.jpg,2,amini-cocoa-contamination-dataset,CC BY 4.0,test
ID_DOTVrd.jpg,anthracnose,dataset/images/train/ID_DOTVrd.jpg,1,amini-cocoa-contamination-dataset,CC BY 4.0,test
ID_j5pD57.jpg,cssvd,dataset/images/train/ID_j5pD57.jpg,1,amini-cocoa-contamination-dataset,CC BY 4.0,test
ID_hwHcXE.jpeg,healthy,dataset/images/train/ID_hwHcXE.jpeg,1,amini-cocoa-contamination-dataset,CC BY 4.0,test
ID_MaFz7N.JPG,anthracnose,dataset/images/train/ID_MaFz7N.JPG,1,amini-cocoa-contamination-dataset,CC BY 4.0,test
ID_nPNPtR.jpeg,anthracnose,dataset/images/train/ID_nPNPtR.jpeg,1,amini-cocoa-contamination-dataset,CC BY 4.0,test
ID_fVeoSx.jpg,anthracnose,dataset/images/train/ID_fVeoSx.jpg,1,amini-cocoa-contamination-dataset,CC BY 4.0,test
ID_iUtSQF.jpg,healthy,dataset/images/train/ID_iUtSQF.jpg,3,amini-cocoa-contamination-dataset,CC BY 4.0,test
ID_kn0dXy.jpeg,cssvd,dataset/images/train/ID_kn0dXy.jpeg,1,amini-cocoa-contamination-dataset,CC BY 4.0,test
ID_aKIqHp.jpeg,healthy,dataset/images/train/ID_aKIqHp.jpeg,1,amini-cocoa-contamination-dataset,CC BY 4.0,test
ID_k1PwYw.jpeg,healthy,dataset/images/train/ID_k1PwYw.jpeg,1,amini-cocoa-contamination-dataset,CC BY 4.0,test
ID_ruSpV7.jpg,healthy,dataset/images/train/ID_ruSpV7.jpg,1,amini-cocoa-contamination-dataset,CC BY 4.0,test
ID_ykCxie.jpeg,healthy,dataset/images/train/ID_ykCxie.jpeg,2,amini-cocoa-contamination-dataset,CC BY 4.0,test
ID_OjZmZ6.jpeg,healthy,dataset/images/train/ID_OjZmZ6.jpeg,1,amini-cocoa-contamination-dataset,CC BY 4.0,test
ID_j9Xipk.jpeg,cssvd,dataset/images/train/ID_j9Xipk.jpeg,1,amini-cocoa-contamination-dataset,CC BY 4.0,test
ID_JOm58J.jpg,anthracnose,dataset/images/train/ID_JOm58J.jpg,1,amini-cocoa-contamination-dataset,CC BY 4.0,test
ID_EXzZ2K.jpg,cssvd,dataset/images/train/ID_EXzZ2K.jpg,2,amini-cocoa-contamination-dataset,CC BY 4.0,test
ID_kCxYw6.jpg,cssvd,dataset/images/train/ID_kCxYw6.jpg,1,amini-cocoa-contamination-dataset,CC BY 4.0,test
ID_xMiRCl.JPG,healthy,dataset/images/train/ID_xMiRCl.JPG,2,amini-cocoa-contamination-dataset,CC BY 4.0,test
ID_LCbo1m.jpeg,healthy,dataset/images/train/ID_LCbo1m.jpeg,5,amini-cocoa-contamination-dataset,CC BY 4.0,test
ID_cecsNW.jpg,anthracnose,dataset/images/train/ID_cecsNW.jpg,3,amini-cocoa-contamination-dataset,CC BY 4.0,test
ID_W1QuJk.jpg,cssvd,dataset/images/train/ID_W1QuJk.jpg,1,amini-cocoa-contamination-dataset,CC BY 4.0,test
ID_djf5Yc.jpg,cssvd,dataset/images/train/ID_djf5Yc.jpg,4,amini-cocoa-contamination-dataset,CC BY 4.0,test
ID_NwdblE.jpg,cssvd,dataset/images/train/ID_NwdblE.jpg,1,amini-cocoa-contamination-dataset,CC BY 4.0,test
ID_NDZgRf.jpeg,healthy,dataset/images/train/ID_NDZgRf.jpeg,1,amini-cocoa-contamination-dataset,CC BY 4.0,test
ID_QJ3hhE.JPG,healthy,dataset/images/train/ID_QJ3hhE.JPG,5,amini-cocoa-contamination-dataset,CC BY 4.0,test
ID_qY0Pcd.jpeg,cssvd,dataset/images/train/ID_qY0Pcd.jpeg,1,amini-cocoa-contamination-dataset,CC BY 4.0,test
ID_vffXZf.jpg,cssvd,dataset/images/train/ID_vffXZf.jpg,1,amini-cocoa-contamination-dataset,CC BY 4.0,test
ID_YrTQXj.jpg,cssvd,dataset/images/train/ID_YrTQXj.jpg,1,amini-cocoa-contamination-dataset,CC BY 4.0,test
ID_VD0iTx.jpg,healthy,dataset/images/train/ID_VD0iTx.jpg,5,amini-cocoa-contamination-dataset,CC BY 4.0,test
ID_LTTRh1.jpeg,healthy,dataset/images/train/ID_LTTRh1.jpeg,1,amini-cocoa-contamination-dataset,CC BY 4.0,test
ID_gX4ZvB.jpg,anthracnose,dataset/images/train/ID_gX4ZvB.jpg,1,amini-cocoa-contamination-dataset,CC BY 4.0,test
ID_GQ9yx2.JPG,anthracnose,dataset/images/train/ID_GQ9yx2.JPG,2,amini-cocoa-contamination-dataset,CC BY 4.0,test
ID_E1fISS.jpeg,anthracnose,dataset/images/train/ID_E1fISS.jpeg,1,amini-cocoa-contamination-dataset,CC BY 4.0,test
ID_Nw2yzZ.jpg,cssvd,dataset/images/train/ID_Nw2yzZ.jpg,2,amini-cocoa-contamination-dataset,CC BY 4.0,test
ID_n2PA4u.jpg,anthracnose,dataset/images/train/ID_n2PA4u.jpg,4,amini-cocoa-contamination-dataset,CC BY 4.0,test
ID_IhQeUc.jpg,healthy,dataset/images/train/ID_IhQeUc.jpg,3,amini-cocoa-contamination-dataset,CC BY 4.0,test
ID_WmDwW3.jpg,cssvd,dataset/images/train/ID_WmDwW3.jpg,1,amini-cocoa-contamination-dataset,CC BY 4.0,test
ID_Q2FNEX.jpg,cssvd,dataset/images/train/ID_Q2FNEX.jpg,1,amini-cocoa-contamination-dataset,CC BY 4.0,test
ID_RynnFt.jpeg,anthracnose,dataset/images/train/ID_RynnFt.jpeg,1,amini-cocoa-contamination-dataset,CC BY 4.0,test
ID_MkZlUZ.jpg,cssvd,dataset/images/train/ID_MkZlUZ.jpg,2,amini-cocoa-contamination-dataset,CC BY 4.0,test
ID_NXh7Lr.jpg,cssvd,dataset/images/train/ID_NXh7Lr.jpg,1,amini-cocoa-contamination-dataset,CC BY 4.0,test
ID_Sz7VOe.jpeg,cssvd,dataset/images/train/ID_Sz7VOe.jpeg,1,amini-cocoa-contamination-dataset,CC BY 4.0,test
ID_CeWA7Z.jpg,cssvd,dataset/images/train/ID_CeWA7Z.jpg,1,amini-cocoa-contamination-dataset,CC BY 4.0,test
ID_GdyTK8.jpeg,healthy,dataset/images/train/ID_GdyTK8.jpeg,4,amini-cocoa-contamination-dataset,CC BY 4.0,test
ID_uJ8uYJ.jpg,cssvd,dataset/images/train/ID_uJ8uYJ.jpg,1,amini-cocoa-contamination-dataset,CC BY 4.0,test
ID_OIGzbi.jpeg,healthy,dataset/images/train/ID_OIGzbi.jpeg,1,amini-cocoa-contamination-dataset,CC BY 4.0,test
ID_Tt3Te2.jpg,cssvd,dataset/images/train/ID_Tt3Te2.jpg,2,amini-cocoa-contamination-dataset,CC BY 4.0,test
ID_RB473p.jpg,anthracnose,dataset/images/train/ID_RB473p.jpg,2,amini-cocoa-contamination-dataset,CC BY 4.0,test
ID_HTAbEP.jpg,cssvd,dataset/images/train/ID_HTAbEP.jpg,2,amini-cocoa-contamination-dataset,CC BY 4.0,test
ID_OP42MI.jpeg,anthracnose,dataset/images/train/ID_OP42MI.jpeg,1,amini-cocoa-contamination-dataset,CC BY 4.0,test
ID_MCRzmS.jpg,cssvd,dataset/images/train/ID_MCRzmS.jpg,1,amini-cocoa-contamination-dataset,CC BY 4.0,test
ID_vJ839q.jpg,cssvd,dataset/images/train/ID_vJ839q.jpg,2,amini-cocoa-contamination-dataset,CC BY 4.0,test
ID_x7o4aZ.jpg,healthy,dataset/images/train/ID_x7o4aZ.jpg,3,amini-cocoa-contamination-dataset,CC BY 4.0,test
ID_udTUm6.jpg,healthy,dataset/images/train/ID_udTUm6.jpg,6,amini-cocoa-contamination-dataset,CC BY 4.0,test
ID_IvY5ed.jpg,healthy,dataset/images/train/ID_IvY5ed.jpg,1,amini-cocoa-contamination-dataset,CC BY 4.0,test
ID_bYlgko.jpg,cssvd,dataset/images/train/ID_bYlgko.jpg,1,amini-cocoa-contamination-dataset,CC BY 4.0,test
ID_CyY7XD.jpg,cssvd,dataset/images/train/ID_CyY7XD.jpg,2,amini-cocoa-contamination-dataset,CC BY 4.0,test
ID_phCnEq.jpeg,anthracnose,dataset/images/train/ID_phCnEq.jpeg,1,amini-cocoa-contamination-dataset,CC BY 4.0,test
ID_MBihWP.jpeg,anthracnose,dataset/images/train/ID_MBihWP.jpeg,1,amini-cocoa-contamination-dataset,CC BY 4.0,test
ID_IwPsnt.jpeg,healthy,dataset/images/train/ID_IwPsnt.jpeg,2,amini-cocoa-contamination-dataset,CC BY 4.0,test
ID_FtVMF1.jpg,cssvd,dataset/images/train/ID_FtVMF1.jpg,1,amini-cocoa-contamination-dataset,CC BY 4.0,test
ID_RYnxit.JPG,anthracnose,dataset/images/train/ID_RYnxit.JPG,1,amini-cocoa-contamination-dataset,CC BY 4.0,test
ID_KcdUV1.jpeg,healthy,dataset/images/train/ID_KcdUV1.jpeg,3,amini-cocoa-contamination-dataset,CC BY 4.0,test
ID_x0bHo9.jpg,healthy,dataset/images/train/ID_x0bHo9.jpg,4,amini-cocoa-contamination-dataset,CC BY 4.0,test
ID_bJrfR5.jpeg,cssvd,dataset/images/train/ID_bJrfR5.jpeg,2,amini-cocoa-contamination-dataset,CC BY 4.0,test
ID_rUGR0m.jpg,healthy,dataset/images/train/ID_rUGR0m.jpg,2,amini-cocoa-contamination-dataset,CC BY 4.0,test
ID_NiMPVC.jpeg,cssvd,dataset/images/train/ID_NiMPVC.jpeg,2,amini-cocoa-contamination-dataset,CC BY 4.0,test
ID_UeMFZQ.jpg,anthracnose,dataset/images/train/ID_UeMFZQ.jpg,1,amini-cocoa-contamination-dataset,CC BY 4.0,test
ID_jQBUBv.jpg,healthy,dataset/images/train/ID_jQBUBv.jpg,2,amini-cocoa-contamination-dataset,CC BY 4.0,test
ID_TFmfEH.jpg,healthy,dataset/images/train/ID_TFmfEH.jpg,4,amini-cocoa-contamination-dataset,CC BY 4.0,test
ID_xyJj4N.jpg,healthy,dataset/images/train/ID_xyJj4N.jpg,2,amini-cocoa-contamination-dataset,CC BY 4.0,test
ID_jpBI6u.jpg,cssvd,dataset/images/train/ID_jpBI6u.jpg,1,amini-cocoa-contamination-dataset,CC BY 4.0,test
ID_W31F1e.jpeg,anthracnose,dataset/images/train/ID_W31F1e.jpeg,2,amini-cocoa-contamination-dataset,CC BY 4.0,test
ID_maIhXn.jpg,healthy,dataset/images/train/ID_maIhXn.jpg,3,amini-cocoa-contamination-dataset,CC BY 4.0,test
ID_pw4EOF.jpg,healthy,dataset/images/train/ID_pw4EOF.jpg,1,amini-cocoa-contamination-dataset,CC BY 4.0,test
ID_kI532t.jpg,cssvd,dataset/images/train/ID_kI532t.jpg,2,amini-cocoa-contamination-dataset,CC BY 4.0,test
ID_vgaFPw.jpg,healthy,dataset/images/train/ID_vgaFPw.jpg,2,amini-cocoa-contamination-dataset,CC BY 4.0,test
ID_Kdqnjq.jpeg,cssvd,dataset/images/train/ID_Kdqnjq.jpeg,2,amini-cocoa-contamination-dataset,CC BY 4.0,test
ID_V0bFTA.jpg,cssvd,dataset/images/train/ID_V0bFTA.jpg,1,amini-cocoa-contamination-dataset,CC BY 4.0,test
ID_ebPIRi.jpeg,cssvd,dataset/images/train/ID_ebPIRi.jpeg,1,amini-cocoa-contamination-dataset,CC BY 4.0,test
ID_uzxoqu.jpeg,healthy,dataset/images/train/ID_uzxoqu.jpeg,2,amini-cocoa-contamination-dataset,CC BY 4.0,test
ID_Uisb4e.jpg,cssvd,dataset/images/train/ID_Uisb4e.jpg,1,amini-cocoa-contamination-dataset,CC BY 4.0,test
ID_fM0Q0p.jpeg,healthy,dataset/images/train/ID_fM0Q0p.jpeg,1,amini-cocoa-contamination-dataset,CC BY 4.0,test
ID_OoyLzR.jpg,anthracnose,dataset/images/train/ID_OoyLzR.jpg,1,amini-cocoa-contamination-dataset,CC BY 4.0,test
ID_tyIFpj.jpeg,anthracnose,dataset/images/train/ID_tyIFpj.jpeg,1,amini-cocoa-contamination-dataset,CC BY 4.0,test
ID_BXDY51.jpeg,cssvd,dataset/images/train/ID_BXDY51.jpeg,1,amini-cocoa-contamination-dataset,CC BY 4.0,test
ID_wnTpm8.jpg,cssvd,dataset/images/train/ID_wnTpm8.jpg,1,amini-cocoa-contamination-dataset,CC BY 4.0,test
ID_yMKmc2.jpeg,anthracnose,dataset/images/train/ID_yMKmc2.jpeg,1,amini-cocoa-contamination-dataset,CC BY 4.0,test
ID_It2bX5.jpg,anthracnose,dataset/images/train/ID_It2bX5.jpg,1,amini-cocoa-contamination-dataset,CC BY 4.0,test
ID_Aa371T.jpg,cssvd,dataset/images/train/ID_Aa371T.jpg,1,amini-cocoa-contamination-dataset,CC BY 4.0,test
ID_XpAcbf.jpg,anthracnose,dataset/images/train/ID_XpAcbf.jpg,1,amini-cocoa-contamination-dataset,CC BY 4.0,test
ID_VkX59R.jpg,cssvd,dataset/images/train/ID_VkX59R.jpg,1,amini-cocoa-contamination-dataset,CC BY 4.0,test
ID_Qrb5an.jpg,healthy,dataset/images/train/ID_Qrb5an.jpg,9,amini-cocoa-contamination-dataset,CC BY 4.0,test
ID_QZ67zt.jpg,anthracnose,dataset/images/train/ID_QZ67zt.jpg,1,amini-cocoa-contamination-dataset,CC BY 4.0,test
ID_xYAKut.jpg,cssvd,dataset/images/train/ID_xYAKut.jpg,2,amini-cocoa-contamination-dataset,CC BY 4.0,test
ID_iA8EG5.jpg,anthracnose,dataset/images/train/ID_iA8EG5.jpg,1,amini-cocoa-contamination-dataset,CC BY 4.0,test
ID_mh1loK.jpg,healthy,dataset/images/train/ID_mh1loK.jpg,3,amini-cocoa-contamination-dataset,CC BY 4.0,test
ID_xbbKdR.jpg,cssvd,dataset/images/train/ID_xbbKdR.jpg,1,amini-cocoa-contamination-dataset,CC BY 4.0,test
ID_n0tyMN.jpg,healthy,dataset/images/train/ID_n0tyMN.jpg,2,amini-cocoa-contamination-dataset,CC BY 4.0,test
ID_ZatGhq.jpeg,anthracnose,dataset/images/train/ID_ZatGhq.jpeg,1,amini-cocoa-contamination-dataset,CC BY 4.0,test
ID_qBhiOs.jpeg,anthracnose,dataset/images/train/ID_qBhiOs.jpeg,1,amini-cocoa-contamination-dataset,CC BY 4.0,test
ID_le0iAM.jpeg,healthy,dataset/images/train/ID_le0iAM.jpeg,2,amini-cocoa-contamination-dataset,CC BY 4.0,test
ID_OY9NUd.jpg,cssvd,dataset/images/train/ID_OY9NUd.jpg,1,amini-cocoa-contamination-dataset,CC BY 4.0,test
ID_liJHy8.jpg,cssvd,dataset/images/train/ID_liJHy8.jpg,1,amini-cocoa-contamination-dataset,CC BY 4.0,test
ID_Na6hR0.jpeg,healthy,dataset/images/train/ID_Na6hR0.jpeg,2,amini-cocoa-contamination-dataset,CC BY 4.0,test
ID_Mlfq4E.jpeg,anthracnose,dataset/images/train/ID_Mlfq4E.jpeg,1,amini-cocoa-contamination-dataset,CC BY 4.0,test
ID_DvHXoM.jpeg,healthy,dataset/images/train/ID_DvHXoM.jpeg,1,amini-cocoa-contamination-dataset,CC BY 4.0,test
ID_gOSu3Y.jpeg,cssvd,dataset/images/train/ID_gOSu3Y.jpeg,1,amini-cocoa-contamination-dataset,CC BY 4.0,test
ID_geZ9Nw.JPG,healthy,dataset/images/train/ID_geZ9Nw.JPG,1,amini-cocoa-contamination-dataset,CC BY 4.0,test
ID_dCWCrp.jpg,healthy,dataset/images/train/ID_dCWCrp.jpg,2,amini-cocoa-contamination-dataset,CC BY 4.0,test
ID_r8Etsf.jpg,healthy,dataset/images/train/ID_r8Etsf.jpg,2,amini-cocoa-contamination-dataset,CC BY 4.0,test
ID_VHuZVH.jpeg,anthracnose,dataset/images/train/ID_VHuZVH.jpeg,1,amini-cocoa-contamination-dataset,CC BY 4.0,test
ID_msKzNV.JPG,healthy,dataset/images/train/ID_msKzNV.JPG,3,amini-cocoa-contamination-dataset,CC BY 4.0,test
ID_U8HUUd.jpeg,anthracnose,dataset/images/train/ID_U8HUUd.jpeg,1,amini-cocoa-contamination-dataset,CC BY 4.0,test
ID_SwqkAT.jpeg,healthy,dataset/images/train/ID_SwqkAT.jpeg,5,amini-cocoa-contamination-dataset,CC BY 4.0,test
ID_ueaZEa.jpg,cssvd,dataset/images/train/ID_ueaZEa.jpg,2,amini-cocoa-contamination-dataset,CC BY 4.0,test
ID_PYlu9C.jpeg,healthy,dataset/images/train/ID_PYlu9C.jpeg,1,amini-cocoa-contamination-dataset,CC BY 4.0,test
ID_HS970U.jpeg,healthy,dataset/images/train/ID_HS970U.jpeg,2,amini-cocoa-contamination-dataset,CC BY 4.0,test
ID_CwKyzC.jpeg,healthy,dataset/images/train/ID_CwKyzC.jpeg,4,amini-cocoa-contamination-dataset,CC BY 4.0,test
ID_YraieG.jpg,cssvd,dataset/images/train/ID_YraieG.jpg,1,amini-cocoa-contamination-dataset,CC BY 4.0,test
ID_FA308n.jpg,cssvd,dataset/images/train/ID_FA308n.jpg,3,amini-cocoa-contamination-dataset,CC BY 4.0,test
ID_fbfnqk.jpg,anthracnose,dataset/images/train/ID_fbfnqk.jpg,4,amini-cocoa-contamination-dataset,CC BY 4.0,test
ID_Kpbfmz.jpg,cssvd,dataset/images/train/ID_Kpbfmz.jpg,1,amini-cocoa-contamination-dataset,CC BY 4.0,test
ID_YDvZty.jpg,cssvd,dataset/images/train/ID_YDvZty.jpg,1,amini-cocoa-contamination-dataset,CC BY 4.0,test
ID_KG9qkh.jpg,anthracnose,dataset/images/train/ID_KG9qkh.jpg,2,amini-cocoa-contamination-dataset,CC BY 4.0,test
ID_vKQXPV.jpeg,anthracnose,dataset/images/train/ID_vKQXPV.jpeg,1,amini-cocoa-contamination-dataset,CC BY 4.0,test
ID_zUe9Kd.jpg,cssvd,dataset/images/train/ID_zUe9Kd.jpg,1,amini-cocoa-contamination-dataset,CC BY 4.0,test
ID_ZO0byi.jpg,cssvd,dataset/images/train/ID_ZO0byi.jpg,3,amini-cocoa-contamination-dataset,CC BY 4.0,test
ID_FeTQ0e.jpg,healthy,dataset/images/train/ID_FeTQ0e.jpg,1,amini-cocoa-contamination-dataset,CC BY 4.0,test
ID_b2OCvN.jpeg,cssvd,dataset/images/train/ID_b2OCvN.jpeg,3,amini-cocoa-contamination-dataset,CC BY 4.0,test
ID_yuO9MC.jpg,anthracnose,dataset/images/train/ID_yuO9MC.jpg,1,amini-cocoa-contamination-dataset,CC BY 4.0,test
ID_yPh870.jpeg,healthy,dataset/images/train/ID_yPh870.jpeg,2,amini-cocoa-contamination-dataset,CC BY 4.0,test
ID_p5dwrv.jpg,cssvd,dataset/images/train/ID_p5dwrv.jpg,1,amini-cocoa-contamination-dataset,CC BY 4.0,test
ID_f0dQMB.jpg,cssvd,dataset/images/train/ID_f0dQMB.jpg,1,amini-cocoa-contamination-dataset,CC BY 4.0,test
ID_JdARsA.jpg,cssvd,dataset/images/train/ID_JdARsA.jpg,1,amini-cocoa-contamination-dataset,CC BY 4.0,test
ID_r5Qnwk.jpg,cssvd,dataset/images/train/ID_r5Qnwk.jpg,2,amini-cocoa-contamination-dataset,CC BY 4.0,test
ID_rAK95H.jpg,cssvd,dataset/images/train/ID_rAK95H.jpg,2,amini-cocoa-contamination-dataset,CC BY 4.0,test
ID_VASkpy.jpg,cssvd,dataset/images/train/ID_VASkpy.jpg,1,amini-cocoa-contamination-dataset,CC BY 4.0,test
ID_xzXFef.jpg,anthracnose,dataset/images/train/ID_xzXFef.jpg,1,amini-cocoa-contamination-dataset,CC BY 4.0,test
ID_oxH7GE.jpg,healthy,dataset/images/train/ID_oxH7GE.jpg,3,amini-cocoa-contamination-dataset,CC BY 4.0,test
ID_pxLBNm.jpeg,anthracnose,dataset/images/train/ID_pxLBNm.jpeg,1,amini-cocoa-contamination-dataset,CC BY 4.0,test
ID_jEyYQe.jpg,anthracnose,dataset/images/train/ID_jEyYQe.jpg,1,amini-cocoa-contamination-dataset,CC BY 4.0,test
ID_WnXTQP.jpg,healthy,dataset/images/train/ID_WnXTQP.jpg,1,amini-cocoa-contamination-dataset,CC BY 4.0,test
ID_mBSrDm.jpg,anthracnose,dataset/images/train/ID_mBSrDm.jpg,1,amini-cocoa-contamination-dataset,CC BY 4.0,test
ID_NKp3Bl.jpg,cssvd,dataset/images/train/ID_NKp3Bl.jpg,1,amini-cocoa-contamination-dataset,CC BY 4.0,test
ID_nkmPQe.jpg,cssvd,dataset/images/train/ID_nkmPQe.jpg,1,amini-cocoa-contamination-dataset,CC BY 4.0,test
ID_h4tUyq.jpg,anthracnose,dataset/images/train/ID_h4tUyq.jpg,1,amini-cocoa-contamination-dataset,CC BY 4.0,test
ID_Bx6k3i.jpg,cssvd,dataset/images/train/ID_Bx6k3i.jpg,2,amini-cocoa-contamination-dataset,CC BY 4.0,test
ID_i6jMk3.jpg,anthracnose,dataset/images/train/ID_i6jMk3.jpg,1,amini-cocoa-contamination-dataset,CC BY 4.0,test
ID_RUSlUR.jpeg,cssvd,dataset/images/train/ID_RUSlUR.jpeg,1,amini-cocoa-contamination-dataset,CC BY 4.0,test
ID_fgOuhq.jpg,cssvd,dataset/images/train/ID_fgOuhq.jpg,2,amini-cocoa-contamination-dataset,CC BY 4.0,test
ID_kRrTe4.jpeg,cssvd,dataset/images/train/ID_kRrTe4.jpeg,1,amini-cocoa-contamination-dataset,CC BY 4.0,test
ID_CGovtS.jpg,cssvd,dataset/images/train/ID_CGovtS.jpg,1,amini-cocoa-contamination-dataset,CC BY 4.0,test
ID_ofOgxi.jpg,healthy,dataset/images/train/ID_ofOgxi.jpg,3,amini-cocoa-contamination-dataset,CC BY 4.0,test
ID_snURNZ.jpeg,healthy,dataset/images/train/ID_snURNZ.jpeg,1,amini-cocoa-contamination-dataset,CC BY 4.0,test
ID_G5NIis.jpeg,anthracnose,dataset/images/train/ID_G5NIis.jpeg,1,amini-cocoa-contamination-dataset,CC BY 4.0,test
ID_tb1Lhv.jpg,cssvd,dataset/images/train/ID_tb1Lhv.jpg,1,amini-cocoa-contamination-dataset,CC BY 4.0,test
ID_xQUj9z.jpg,anthracnose,dataset/images/train/ID_xQUj9z.jpg,1,amini-cocoa-contamination-dataset,CC BY 4.0,test
ID_NnsZPe.jpeg,healthy,dataset/images/train/ID_NnsZPe.jpeg,3,amini-cocoa-contamination-dataset,CC BY 4.0,test
ID_vnyTYs.jpg,cssvd,dataset/images/train/ID_vnyTYs.jpg,1,amini-cocoa-contamination-dataset,CC BY 4.0,test
ID_lTXAIY.jpg,anthracnose,dataset/images/train/ID_lTXAIY.jpg,1,amini-cocoa-contamination-dataset,CC BY 4.0,test
ID_vVI92W.jpeg,cssvd,dataset/images/train/ID_vVI92W.jpeg,1,amini-cocoa-contamination-dataset,CC BY 4.0,test
ID_nAWOLc.JPG,cssvd,dataset/images/train/ID_nAWOLc.JPG,1,amini-cocoa-contamination-dataset,CC BY 4.0,test
ID_OFhcZk.jpg,anthracnose,dataset/images/train/ID_OFhcZk.jpg,3,amini-cocoa-contamination-dataset,CC BY 4.0,test
ID_Z2mziB.jpeg,anthracnose,dataset/images/train/ID_Z2mziB.jpeg,3,amini-cocoa-contamination-dataset,CC BY 4.0,test
ID_ePDrco.jpg,healthy,dataset/images/train/ID_ePDrco.jpg,4,amini-cocoa-contamination-dataset,CC BY 4.0,test
ID_YXkAP3.jpg,anthracnose,dataset/images/train/ID_YXkAP3.jpg,1,amini-cocoa-contamination-dataset,CC BY 4.0,test
ID_dJ5Chu.jpg,cssvd,dataset/images/train/ID_dJ5Chu.jpg,2,amini-cocoa-contamination-dataset,CC BY 4.0,test
ID_dA6yJl.jpeg,healthy,dataset/images/train/ID_dA6yJl.jpeg,3,amini-cocoa-contamination-dataset,CC BY 4.0,test
ID_VcRyF5.jpeg,healthy,dataset/images/train/ID_VcRyF5.jpeg,1,amini-cocoa-contamination-dataset,CC BY 4.0,test
ID_sIhkQx.jpeg,healthy,dataset/images/train/ID_sIhkQx.jpeg,1,amini-cocoa-contamination-dataset,CC BY 4.0,test
ID_wvMeOv.jpg,anthracnose,dataset/images/train/ID_wvMeOv.jpg,1,amini-cocoa-contamination-dataset,CC BY 4.0,test
ID_Kf4dHB.jpg,healthy,dataset/images/train/ID_Kf4dHB.jpg,3,amini-cocoa-contamination-dataset,CC BY 4.0,test
ID_YWCFYI.jpg,healthy,dataset/images/train/ID_YWCFYI.jpg,2,amini-cocoa-contamination-dataset,CC BY 4.0,test
ID_AbFM85.jpeg,cssvd,dataset/images/train/ID_AbFM85.jpeg,1,amini-cocoa-contamination-dataset,CC BY 4.0,test
ID_b4wNTM.jpeg,anthracnose,dataset/images/train/ID_b4wNTM.jpeg,2,amini-cocoa-contamination-dataset,CC BY 4.0,test
ID_GtuTSs.jpeg,healthy,dataset/images/train/ID_GtuTSs.jpeg,3,amini-cocoa-contamination-dataset,CC BY 4.0,test
ID_vQPwwC.jpg,cssvd,dataset/images/train/ID_vQPwwC.jpg,1,amini-cocoa-contamination-dataset,CC BY 4.0,test
ID_YQistJ.jpg,anthracnose,dataset/images/train/ID_YQistJ.jpg,2,amini-cocoa-contamination-dataset,CC BY 4.0,test
ID_fwbHKi.jpg,cssvd,dataset/images/train/ID_fwbHKi.jpg,1,amini-cocoa-contamination-dataset,CC BY 4.0,test
ID_vDdYaf.jpg,cssvd,dataset/images/train/ID_vDdYaf.jpg,1,amini-cocoa-contamination-dataset,CC BY 4.0,test
ID_cTOzIt.jpg,cssvd,dataset/images/train/ID_cTOzIt.jpg,2,amini-cocoa-contamination-dataset,CC BY 4.0,test
ID_DnUljN.jpg,cssvd,dataset/images/train/ID_DnUljN.jpg,3,amini-cocoa-contamination-dataset,CC BY 4.0,test
ID_PvlEKa.jpg,cssvd,dataset/images/train/ID_PvlEKa.jpg,1,amini-cocoa-contamination-dataset,CC BY 4.0,test
ID_QI58Pt.jpeg,cssvd,dataset/images/train/ID_QI58Pt.jpeg,1,amini-cocoa-contamination-dataset,CC BY 4.0,test
ID_Hrl6GN.jpg,anthracnose,dataset/images/train/ID_Hrl6GN.jpg,1,amini-cocoa-contamination-dataset,CC BY 4.0,test
ID_mWfWse.jpg,healthy,dataset/images/train/ID_mWfWse.jpg,1,amini-cocoa-contamination-dataset,CC BY 4.0,test
ID_GmgXZs.jpg,anthracnose,dataset/images/train/ID_GmgXZs.jpg,1,amini-cocoa-contamination-dataset,CC BY 4.0,test
ID_liXJFn.jpeg,healthy,dataset/images/train/ID_liXJFn.jpeg,1,amini-cocoa-contamination-dataset,CC BY 4.0,test
ID_n7GNT8.jpg,anthracnose,dataset/images/train/ID_n7GNT8.jpg,1,amini-cocoa-contamination-dataset,CC BY 4.0,test
ID_OTujDh.jpg,anthracnose,dataset/images/train/ID_OTujDh.jpg,1,amini-cocoa-contamination-dataset,CC BY 4.0,test
ID_XBOyvE.jpg,cssvd,dataset/images/train/ID_XBOyvE.jpg,1,amini-cocoa-contamination-dataset,CC BY 4.0,test
ID_cVPCrJ.jpeg,healthy,dataset/images/train/ID_cVPCrJ.jpeg,1,amini-cocoa-contamination-dataset,CC BY 4.0,test
ID_G45F6C.jpg,anthracnose,dataset/images/train/ID_G45F6C.jpg,2,amini-cocoa-contamination-dataset,CC BY 4.0,test
ID_LggOsK.jpeg,cssvd,dataset/images/train/ID_LggOsK.jpeg,1,amini-cocoa-contamination-dataset,CC BY 4.0,test
ID_Hz24H9.jpg,cssvd,dataset/images/train/ID_Hz24H9.jpg,1,amini-cocoa-contamination-dataset,CC BY 4.0,test
ID_WQXHHO.jpg,cssvd,dataset/images/train/ID_WQXHHO.jpg,1,amini-cocoa-contamination-dataset,CC BY 4.0,test
ID_f4dwmu.jpg,healthy,dataset/images/train/ID_f4dwmu.jpg,1,amini-cocoa-contamination-dataset,CC BY 4.0,test
ID_gbHkjM.jpeg,cssvd,dataset/images/train/ID_gbHkjM.jpeg,1,amini-cocoa-contamination-dataset,CC BY 4.0,test
ID_lIKHrz.jpg,healthy,dataset/images/train/ID_lIKHrz.jpg,3,amini-cocoa-contamination-dataset,CC BY 4.0,test
ID_HBITZK.jpg,healthy,dataset/images/train/ID_HBITZK.jpg,3,amini-cocoa-contamination-dataset,CC BY 4.0,test
ID_mrfG8H.jpg,cssvd,dataset/images/train/ID_mrfG8H.jpg,1,amini-cocoa-contamination-dataset,CC BY 4.0,test
ID_DYJbt2.jpeg,cssvd,dataset/images/train/ID_DYJbt2.jpeg,1,amini-cocoa-contamination-dataset,CC BY 4.0,test
ID_yaGc2W.jpg,anthracnose,dataset/images/train/ID_yaGc2W.jpg,1,amini-cocoa-contamination-dataset,CC BY 4.0,test
ID_lxs35v.jpeg,anthracnose,dataset/images/train/ID_lxs35v.jpeg,1,amini-cocoa-contamination-dataset,CC BY 4.0,test
ID_zHc4Lw.jpg,healthy,dataset/images/train/ID_zHc4Lw.jpg,1,amini-cocoa-contamination-dataset,CC BY 4.0,test
ID_JLxbsU.jpg,anthracnose,dataset/images/train/ID_JLxbsU.jpg,2,amini-cocoa-contamination-dataset,CC BY 4.0,test
ID_OfbQxN.JPG,healthy,dataset/images/train/ID_OfbQxN.JPG,4,amini-cocoa-contamination-dataset,CC BY 4.0,test
ID_C4q5db.jpg,cssvd,dataset/images/train/ID_C4q5db.jpg,1,amini-cocoa-contamination-dataset,CC BY 4.0,test
ID_IXQStY.jpg,healthy,dataset/images/train/ID_IXQStY.jpg,3,amini-cocoa-contamination-dataset,CC BY 4.0,test
ID_IbbaXY.jpeg,cssvd,dataset/images/train/ID_IbbaXY.jpeg,3,amini-cocoa-contamination-dataset,CC BY 4.0,test
ID_AqMwf9.jpg,cssvd,dataset/images/train/ID_AqMwf9.jpg,1,amini-cocoa-contamination-dataset,CC BY 4.0,test
ID_oEAVNw.jpg,anthracnose,dataset/images/train/ID_oEAVNw.jpg,1,amini-cocoa-contamination-dataset,CC BY 4.0,test
ID_J9xQWO.jpg,cssvd,dataset/images/train/ID_J9xQWO.jpg,1,amini-cocoa-contamination-dataset,CC BY 4.0,test
ID_WTaWI3.jpg,cssvd,dataset/images/train/ID_WTaWI3.jpg,1,amini-cocoa-contamination-dataset,CC BY 4.0,test
ID_KWrWNj.jpg,healthy,dataset/images/train/ID_KWrWNj.jpg,1,amini-cocoa-contamination-dataset,CC BY 4.0,test
ID_WRcLgq.jpeg,anthracnose,dataset/images/train/ID_WRcLgq.jpeg,1,amini-cocoa-contamination-dataset,CC BY 4.0,test
ID_ed68wD.jpg,anthracnose,dataset/images/train/ID_ed68wD.jpg,2,amini-cocoa-contamination-dataset,CC BY 4.0,test
ID_RNAyxb.jpg,healthy,dataset/images/train/ID_RNAyxb.jpg,2,amini-cocoa-contamination-dataset,CC BY 4.0,test
ID_Mxvjxe.jpeg,anthracnose,dataset/images/train/ID_Mxvjxe.jpeg,1,amini-cocoa-contamination-dataset,CC BY 4.0,test
ID_dZYyK6.jpg,anthracnose,dataset/images/train/ID_dZYyK6.jpg,1,amini-cocoa-contamination-dataset,CC BY 4.0,test
ID_sMwX2P.jpg,cssvd,dataset/images/train/ID_sMwX2P.jpg,1,amini-cocoa-contamination-dataset,CC BY 4.0,test
ID_aaGOiF.JPG,healthy,dataset/images/train/ID_aaGOiF.JPG,3,amini-cocoa-contamination-dataset,CC BY 4.0,test
ID_PzqDPT.jpeg,healthy,dataset/images/train/ID_PzqDPT.jpeg,2,amini-cocoa-contamination-dataset,CC BY 4.0,test
ID_FRKJGo.jpg,cssvd,dataset/images/train/ID_FRKJGo.jpg,1,amini-cocoa-contamination-dataset,CC BY 4.0,test
ID_eUmInK.jpg,cssvd,dataset/images/train/ID_eUmInK.jpg,1,amini-cocoa-contamination-dataset,CC BY 4.0,test
ID_MteM6m.jpg,anthracnose,dataset/images/train/ID_MteM6m.jpg,1,amini-cocoa-contamination-dataset,CC BY 4.0,test
ID_R7AGWM.jpeg,healthy,dataset/images/train/ID_R7AGWM.jpeg,1,amini-cocoa-contamination-dataset,CC BY 4.0,test
ID_OjlpKP.jpg,healthy,dataset/images/train/ID_OjlpKP.jpg,4,amini-cocoa-contamination-dataset,CC BY 4.0,test
ID_pwK0S3.jpeg,healthy,dataset/images/train/ID_pwK0S3.jpeg,3,amini-cocoa-contamination-dataset,CC BY 4.0,test
ID_RtKxfZ.jpg,anthracnose,dataset/images/train/ID_RtKxfZ.jpg,1,amini-cocoa-contamination-dataset,CC BY 4.0,test
ID_TxFvbf.jpg,cssvd,dataset/images/train/ID_TxFvbf.jpg,1,amini-cocoa-contamination-dataset,CC BY 4.0,test
ID_hesj2V.jpg,healthy,dataset/images/train/ID_hesj2V.jpg,2,amini-cocoa-contamination-dataset,CC BY 4.0,test
ID_iTMCUv.jpg,anthracnose,dataset/images/train/ID_iTMCUv.jpg,2,amini-cocoa-contamination-dataset,CC BY 4.0,test
ID_GUuCSa.jpg,cssvd,dataset/images/train/ID_GUuCSa.jpg,1,amini-cocoa-contamination-dataset,CC BY 4.0,test
ID_yOlRoR.jpg,cssvd,dataset/images/train/ID_yOlRoR.jpg,1,amini-cocoa-contamination-dataset,CC BY 4.0,test
ID_OLSPvm.jpeg,healthy,dataset/images/train/ID_OLSPvm.jpeg,1,amini-cocoa-contamination-dataset,CC BY 4.0,test
ID_mzjNz5.jpg,cssvd,dataset/images/train/ID_mzjNz5.jpg,2,amini-cocoa-contamination-dataset,CC BY 4.0,test
ID_uyPxtk.jpg,anthracnose,dataset/images/train/ID_uyPxtk.jpg,1,amini-cocoa-contamination-dataset,CC BY 4.0,test
ID_AAJ1hf.jpg,healthy,dataset/images/train/ID_AAJ1hf.jpg,2,amini-cocoa-contamination-dataset,CC BY 4.0,test
ID_UJ3KBy.jpg,cssvd,dataset/images/train/ID_UJ3KBy.jpg,2,amini-cocoa-contamination-dataset,CC BY 4.0,test
ID_NdJJu6.jpg,cssvd,dataset/images/train/ID_NdJJu6.jpg,1,amini-cocoa-contamination-dataset,CC BY 4.0,test
ID_UESU40.jpg,cssvd,dataset/images/train/ID_UESU40.jpg,1,amini-cocoa-contamination-dataset,CC BY 4.0,test
ID_iE4iw0.jpeg,healthy,dataset/images/train/ID_iE4iw0.jpeg,3,amini-cocoa-contamination-dataset,CC BY 4.0,test
ID_W5Bac6.jpeg,cssvd,dataset/images/train/ID_W5Bac6.jpeg,1,amini-cocoa-contamination-dataset,CC BY 4.0,test
ID_OTkxN3.jpg,healthy,dataset/images/train/ID_OTkxN3.jpg,1,amini-cocoa-contamination-dataset,CC BY 4.0,test
ID_voTg2J.jpg,anthracnose,dataset/images/train/ID_voTg2J.jpg,1,amini-cocoa-contamination-dataset,CC BY 4.0,test
ID_pdN8K2.jpeg,anthracnose,dataset/images/train/ID_pdN8K2.jpeg,1,amini-cocoa-contamination-dataset,CC BY 4.0,test
ID_IzCNyO.jpeg,healthy,dataset/images/train/ID_IzCNyO.jpeg,1,amini-cocoa-contamination-dataset,CC BY 4.0,test
ID_ufM1c5.jpg,cssvd,dataset/images/train/ID_ufM1c5.jpg,2,amini-cocoa-contamination-dataset,CC BY 4.0,test
ID_DId0QE.jpg,cssvd,dataset/images/train/ID_DId0QE.jpg,1,amini-cocoa-contamination-dataset,CC BY 4.0,test
ID_E9wmrl.jpg,healthy,dataset/images/train/ID_E9wmrl.jpg,1,amini-cocoa-contamination-dataset,CC BY 4.0,test
ID_AObMlH.jpg,healthy,dataset/images/train/ID_AObMlH.jpg,3,amini-cocoa-contamination-dataset,CC BY 4.0,test
ID_MpYGV7.jpg,anthracnose,dataset/images/train/ID_MpYGV7.jpg,1,amini-cocoa-contamination-dataset,CC BY 4.0,test
ID_XS0Thw.jpg,cssvd,dataset/images/train/ID_XS0Thw.jpg,1,amini-cocoa-contamination-dataset,CC BY 4.0,test
ID_uJ9OfE.jpeg,cssvd,dataset/images/train/ID_uJ9OfE.jpeg,2,amini-cocoa-contamination-dataset,CC BY 4.0,test
ID_SMqb0X.jpeg,cssvd,dataset/images/train/ID_SMqb0X.jpeg,1,amini-cocoa-contamination-dataset,CC BY 4.0,test
ID_ofO5S4.jpeg,anthracnose,dataset/images/train/ID_ofO5S4.jpeg,1,amini-cocoa-contamination-dataset,CC BY 4.0,test
ID_Db8PyF.jpeg,healthy,dataset/images/train/ID_Db8PyF.jpeg,2,amini-cocoa-contamination-dataset,CC BY 4.0,test
ID_pe0WJq.jpg,healthy,dataset/images/train/ID_pe0WJq.jpg,2,amini-cocoa-contamination-dataset,CC BY 4.0,test
ID_r3HPbg.jpg,healthy,dataset/images/train/ID_r3HPbg.jpg,2,amini-cocoa-contamination-dataset,CC BY 4.0,test
ID_NGiOVN.jpg,anthracnose,dataset/images/train/ID_NGiOVN.jpg,1,amini-cocoa-contamination-dataset,CC BY 4.0,test
ID_N2cWol.jpg,healthy,dataset/images/train/ID_N2cWol.jpg,5,amini-cocoa-contamination-dataset,CC BY 4.0,test
ID_QEtXWS.jpeg,healthy,dataset/images/train/ID_QEtXWS.jpeg,1,amini-cocoa-contamination-dataset,CC BY 4.0,test
ID_TcRP1D.jpeg,anthracnose,dataset/images/train/ID_TcRP1D.jpeg,1,amini-cocoa-contamination-dataset,CC BY 4.0,test
ID_uiDeaI.jpg,anthracnose,dataset/images/train/ID_uiDeaI.jpg,1,amini-cocoa-contamination-dataset,CC BY 4.0,test
ID_UFLpGs.jpg,cssvd,dataset/images/train/ID_UFLpGs.jpg,1,amini-cocoa-contamination-dataset,CC BY 4.0,test
ID_tT5WBi.jpg,anthracnose,dataset/images/train/ID_tT5WBi.jpg,1,amini-cocoa-contamination-dataset,CC BY 4.0,test
ID_DCzDu3.jpg,anthracnose,dataset/images/train/ID_DCzDu3.jpg,1,amini-cocoa-contamination-dataset,CC BY 4.0,test
ID_cOvj6X.jpg,anthracnose,dataset/images/train/ID_cOvj6X.jpg,1,amini-cocoa-contamination-dataset,CC BY 4.0,test
ID_s1coKB.jpg,anthracnose,dataset/images/train/ID_s1coKB.jpg,1,amini-cocoa-contamination-dataset,CC BY 4.0,test
ID_F1XSHa.jpg,healthy,dataset/images/train/ID_F1XSHa.jpg,3,amini-cocoa-contamination-dataset,CC BY 4.0,test
ID_DaIYdt.jpeg,healthy,dataset/images/train/ID_DaIYdt.jpeg,1,amini-cocoa-contamination-dataset,CC BY 4.0,test
ID_LzizQ2.jpg,cssvd,dataset/images/train/ID_LzizQ2.jpg,1,amini-cocoa-contamination-dataset,CC BY 4.0,test
ID_cFcC4K.jpg,cssvd,dataset/images/train/ID_cFcC4K.jpg,1,amini-cocoa-contamination-dataset,CC BY 4.0,test
ID_jsj2nF.jpeg,anthracnose,dataset/images/train/ID_jsj2nF.jpeg,3,amini-cocoa-contamination-dataset,CC BY 4.0,test
ID_owy0lt.jpg,cssvd,dataset/images/train/ID_owy0lt.jpg,1,amini-cocoa-contamination-dataset,CC BY 4.0,test
ID_udHRY2.jpeg,anthracnose,dataset/images/train/ID_udHRY2.jpeg,1,amini-cocoa-contamination-dataset,CC BY 4.0,test
ID_A5WiVe.jpg,healthy,dataset/images/train/ID_A5WiVe.jpg,4,amini-cocoa-contamination-dataset,CC BY 4.0,test
ID_VmwTHE.jpg,cssvd,dataset/images/train/ID_VmwTHE.jpg,1,amini-cocoa-contamination-dataset,CC BY 4.0,test
ID_PWQy35.jpg,healthy,dataset/images/train/ID_PWQy35.jpg,1,amini-cocoa-contamination-dataset,CC BY 4.0,test
ID_fSluff.jpeg,anthracnose,dataset/images/train/ID_fSluff.jpeg,1,amini-cocoa-contamination-dataset,CC BY 4.0,test
ID_SNIdTr.jpg,cssvd,dataset/images/train/ID_SNIdTr.jpg,1,amini-cocoa-contamination-dataset,CC BY 4.0,test
ID_WRjknL.jpeg,anthracnose,dataset/images/train/ID_WRjknL.jpeg,1,amini-cocoa-contamination-dataset,CC BY 4.0,test
ID_MY29kq.jpg,anthracnose,dataset/images/train/ID_MY29kq.jpg,1,amini-cocoa-contamination-dataset,CC BY 4.0,test
ID_jKg2IC.jpg,anthracnose,dataset/images/train/ID_jKg2IC.jpg,3,amini-cocoa-contamination-dataset,CC BY 4.0,test
ID_M9a8zh.jpeg,cssvd,dataset/images/train/ID_M9a8zh.jpeg,1,amini-cocoa-contamination-dataset,CC BY 4.0,test
ID_XRQGFD.jpg,cssvd,dataset/images/train/ID_XRQGFD.jpg,1,amini-cocoa-contamination-dataset,CC BY 4.0,test
ID_ET34jY.jpeg,anthracnose,dataset/images/train/ID_ET34jY.jpeg,2,amini-cocoa-contamination-dataset,CC BY 4.0,test
ID_okuY2u.jpg,anthracnose,dataset/images/train/ID_okuY2u.jpg,1,amini-cocoa-contamination-dataset,CC BY 4.0,test
ID_xUPh0h.jpg,cssvd,dataset/images/train/ID_xUPh0h.jpg,1,amini-cocoa-contamination-dataset,CC BY 4.0,test
ID_aFZo1s.jpg,cssvd,dataset/images/train/ID_aFZo1s.jpg,1,amini-cocoa-contamination-dataset,CC BY 4.0,test
ID_noBhbx.jpg,healthy,dataset/images/train/ID_noBhbx.jpg,6,amini-cocoa-contamination-dataset,CC BY 4.0,test
ID_jQEw00.jpg,cssvd,dataset/images/train/ID_jQEw00.jpg,1,amini-cocoa-contamination-dataset,CC BY 4.0,test
ID_ls8N1t.jpeg,healthy,dataset/images/train/ID_ls8N1t.jpeg,2,amini-cocoa-contamination-dataset,CC BY 4.0,test
ID_v5VV0G.jpg,cssvd,dataset/images/train/ID_v5VV0G.jpg,1,amini-cocoa-contamination-dataset,CC BY 4.0,test
ID_Sb77iH.jpeg,cssvd,dataset/images/train/ID_Sb77iH.jpeg,1,amini-cocoa-contamination-dataset,CC BY 4.0,test
ID_HuGdwx.JPG,healthy,dataset/images/train/ID_HuGdwx.JPG,5,amini-cocoa-contamination-dataset,CC BY 4.0,test
ID_jSP0ol.jpeg,healthy,dataset/images/train/ID_jSP0ol.jpeg,2,amini-cocoa-contamination-dataset,CC BY 4.0,test
ID_NYUwdo.jpg,anthracnose,dataset/images/train/ID_NYUwdo.jpg,1,amini-cocoa-contamination-dataset,CC BY 4.0,test
ID_nGuHwZ.jpg,healthy,dataset/images/train/ID_nGuHwZ.jpg,5,amini-cocoa-contamination-dataset,CC BY 4.0,test
ID_nRFzCQ.jpeg,cssvd,dataset/images/train/ID_nRFzCQ.jpeg,1,amini-cocoa-contamination-dataset,CC BY 4.0,test
ID_VxwOud.jpg,healthy,dataset/images/train/ID_VxwOud.jpg,1,amini-cocoa-contamination-dataset,CC BY 4.0,test
ID_wDhN5X.jpeg,healthy,dataset/images/train/ID_wDhN5X.jpeg,2,amini-cocoa-contamination-dataset,CC BY 4.0,test
ID_z7qxDZ.jpg,healthy,dataset/images/train/ID_z7qxDZ.jpg,3,amini-cocoa-contamination-dataset,CC BY 4.0,test
ID_ebhiNz.jpeg,cssvd,dataset/images/train/ID_ebhiNz.jpeg,1,amini-cocoa-contamination-dataset,CC BY 4.0,test
ID_Zcn5jj.jpg,cssvd,dataset/images/train/ID_Zcn5jj.jpg,2,amini-cocoa-contamination-dataset,CC BY 4.0,test
ID_Tg68nW.jpg,healthy,dataset/images/train/ID_Tg68nW.jpg,1,amini-cocoa-contamination-dataset,CC BY 4.0,test
ID_XDM5AQ.jpg,healthy,dataset/images/train/ID_XDM5AQ.jpg,4,amini-cocoa-contamination-dataset,CC BY 4.0,test
ID_TCkj5w.jpg,healthy,dataset/images/train/ID_TCkj5w.jpg,1,amini-cocoa-contamination-dataset,CC BY 4.0,test
ID_a5wvUQ.jpg,healthy,dataset/images/train/ID_a5wvUQ.jpg,3,amini-cocoa-contamination-dataset,CC BY 4.0,test
ID_jXVgvN.jpg,cssvd,dataset/images/train/ID_jXVgvN.jpg,1,amini-cocoa-contamination-dataset,CC BY 4.0,test
ID_n6PQcv.JPG,anthracnose,dataset/images/train/ID_n6PQcv.JPG,1,amini-cocoa-contamination-dataset,CC BY 4.0,test
ID_zxqqnj.jpg,healthy,dataset/images/train/ID_zxqqnj.jpg,1,amini-cocoa-contamination-dataset,CC BY 4.0,test
ID_QAWBq8.jpg,cssvd,dataset/images/train/ID_QAWBq8.jpg,1,amini-cocoa-contamination-dataset,CC BY 4.0,test
ID_KAzZZb.jpeg,cssvd,dataset/images/train/ID_KAzZZb.jpeg,2,amini-cocoa-contamination-dataset,CC BY 4.0,test
ID_GNtcv1.jpeg,anthracnose,dataset/images/train/ID_GNtcv1.jpeg,1,amini-cocoa-contamination-dataset,CC BY 4.0,test
ID_te37hR.jpg,anthracnose,dataset/images/train/ID_te37hR.jpg,3,amini-cocoa-contamination-dataset,CC BY 4.0,test
ID_ioIncF.jpg,healthy,dataset/images/train/ID_ioIncF.jpg,1,amini-cocoa-contamination-dataset,CC BY 4.0,test
ID_Qo68Ca.jpg,cssvd,dataset/images/train/ID_Qo68Ca.jpg,1,amini-cocoa-contamination-dataset,CC BY 4.0,test
ID_nVi4Dl.jpg,healthy,dataset/images/train/ID_nVi4Dl.jpg,2,amini-cocoa-contamination-dataset,CC BY 4.0,test
ID_wnGPPD.jpg,cssvd,dataset/images/train/ID_wnGPPD.jpg,2,amini-cocoa-contamination-dataset,CC BY 4.0,test
ID_I0EEW1.jpg,cssvd,dataset/images/train/ID_I0EEW1.jpg,2,amini-cocoa-contamination-dataset,CC BY 4.0,test
ID_gFdqmQ.jpeg,anthracnose,dataset/images/train/ID_gFdqmQ.jpeg,1,amini-cocoa-contamination-dataset,CC BY 4.0,test
ID_CUVnHG.jpg,cssvd,dataset/images/train/ID_CUVnHG.jpg,1,amini-cocoa-contamination-dataset,CC BY 4.0,test
ID_nh0WUx.jpg,cssvd,dataset/images/train/ID_nh0WUx.jpg,2,amini-cocoa-contamination-dataset,CC BY 4.0,test
ID_oiKcpB.jpg,cssvd,dataset/images/train/ID_oiKcpB.jpg,1,amini-cocoa-contamination-dataset,CC BY 4.0,test
ID_hveswg.jpg,anthracnose,dataset/images/train/ID_hveswg.jpg,1,amini-cocoa-contamination-dataset,CC BY 4.0,test
ID_lYnGCL.jpg,anthracnose,dataset/images/train/ID_lYnGCL.jpg,3,amini-cocoa-contamination-dataset,CC BY 4.0,test
ID_X0tkQE.jpeg,anthracnose,dataset/images/train/ID_X0tkQE.jpeg,1,amini-cocoa-contamination-dataset,CC BY 4.0,test
ID_TnRUAz.jpg,cssvd,dataset/images/train/ID_TnRUAz.jpg,3,amini-cocoa-contamination-dataset,CC BY 4.0,test
ID_jUANpz.jpeg,healthy,dataset/images/train/ID_jUANpz.jpeg,1,amini-cocoa-contamination-dataset,CC BY 4.0,test
ID_uRzfQE.jpg,cssvd,dataset/images/train/ID_uRzfQE.jpg,2,amini-cocoa-contamination-dataset,CC BY 4.0,test
ID_pAxCcE.jpg,anthracnose,dataset/images/train/ID_pAxCcE.jpg,1,amini-cocoa-contamination-dataset,CC BY 4.0,test
ID_AfzFVc.jpeg,healthy,dataset/images/train/ID_AfzFVc.jpeg,1,amini-cocoa-contamination-dataset,CC BY 4.0,test
ID_Yzb9pB.jpg,cssvd,dataset/images/train/ID_Yzb9pB.jpg,2,amini-cocoa-contamination-dataset,CC BY 4.0,test
ID_Pbwb6g.jpg,cssvd,dataset/images/train/ID_Pbwb6g.jpg,1,amini-cocoa-contamination-dataset,CC BY 4.0,test
ID_m7DELW.jpg,cssvd,dataset/images/train/ID_m7DELW.jpg,1,amini-cocoa-contamination-dataset,CC BY 4.0,test
ID_ai6SC7.jpg,healthy,dataset/images/train/ID_ai6SC7.jpg,8,amini-cocoa-contamination-dataset,CC BY 4.0,test
ID_dA1GQh.jpg,cssvd,dataset/images/train/ID_dA1GQh.jpg,1,amini-cocoa-contamination-dataset,CC BY 4.0,test
ID_OYF2q1.jpeg,anthracnose,dataset/images/train/ID_OYF2q1.jpeg,1,amini-cocoa-contamination-dataset,CC BY 4.0,test
ID_Qx92as.jpeg,healthy,dataset/images/train/ID_Qx92as.jpeg,1,amini-cocoa-contamination-dataset,CC BY 4.0,test
ID_qK7CKC.jpg,anthracnose,dataset/images/train/ID_qK7CKC.jpg,2,amini-cocoa-contamination-dataset,CC BY 4.0,test
ID_laZMZm.jpg,cssvd,dataset/images/train/ID_laZMZm.jpg,1,amini-cocoa-contamination-dataset,CC BY 4.0,test
ID_a7d9oI.jpeg,anthracnose,dataset/images/train/ID_a7d9oI.jpeg,2,amini-cocoa-contamination-dataset,CC BY 4.0,test
ID_zBFpHs.jpeg,healthy,dataset/images/train/ID_zBFpHs.jpeg,3,amini-cocoa-contamination-dataset,CC BY 4.0,test
ID_iaAh8Z.jpg,anthracnose,dataset/images/train/ID_iaAh8Z.jpg,1,amini-cocoa-contamination-dataset,CC BY 4.0,test
ID_wP3Asi.jpg,cssvd,dataset/images/train/ID_wP3Asi.jpg,2,amini-cocoa-contamination-dataset,CC BY 4.0,test
ID_JVLhEF.jpg,cssvd,dataset/images/train/ID_JVLhEF.jpg,1,amini-cocoa-contamination-dataset,CC BY 4.0,test
ID_kJWhyu.jpg,healthy,dataset/images/train/ID_kJWhyu.jpg,2,amini-cocoa-contamination-dataset,CC BY 4.0,test
ID_cEzQMl.JPG,anthracnose,dataset/images/train/ID_cEzQMl.JPG,1,amini-cocoa-contamination-dataset,CC BY 4.0,test
ID_nf6Qq7.jpg,cssvd,dataset/images/train/ID_nf6Qq7.jpg,2,amini-cocoa-contamination-dataset,CC BY 4.0,test
ID_ULOMwc.jpg,cssvd,dataset/images/train/ID_ULOMwc.jpg,1,amini-cocoa-contamination-dataset,CC BY 4.0,test
ID_YvM7xS.jpeg,anthracnose,dataset/images/train/ID_YvM7xS.jpeg,1,amini-cocoa-contamination-dataset,CC BY 4.0,test
ID_EsjBSp.jpeg,healthy,dataset/images/train/ID_EsjBSp.jpeg,1,amini-cocoa-contamination-dataset,CC BY 4.0,test
ID_oEVLcM.jpg,cssvd,dataset/images/train/ID_oEVLcM.jpg,1,amini-cocoa-contamination-dataset,CC BY 4.0,test
ID_Jnk435.jpeg,cssvd,dataset/images/train/ID_Jnk435.jpeg,2,amini-cocoa-contamination-dataset,CC BY 4.0,test
ID_efHaIS.jpeg,healthy,dataset/images/train/ID_efHaIS.jpeg,1,amini-cocoa-contamination-dataset,CC BY 4.0,test
ID_TgGcqC.jpeg,anthracnose,dataset/images/train/ID_TgGcqC.jpeg,4,amini-cocoa-contamination-dataset,CC BY 4.0,test
ID_vy39dJ.jpeg,healthy,dataset/images/train/ID_vy39dJ.jpeg,1,amini-cocoa-contamination-dataset,CC BY 4.0,test
ID_YSq5Ul.jpeg,healthy,dataset/images/train/ID_YSq5Ul.jpeg,2,amini-cocoa-contamination-dataset,CC BY 4.0,test
ID_CBwrHf.jpeg,cssvd,dataset/images/train/ID_CBwrHf.jpeg,1,amini-cocoa-contamination-dataset,CC BY 4.0,test
ID_tq9BH2.jpg,cssvd,dataset/images/train/ID_tq9BH2.jpg,1,amini-cocoa-contamination-dataset,CC BY 4.0,test
ID_xk3h7M.jpeg,healthy,dataset/images/train/ID_xk3h7M.jpeg,1,amini-cocoa-contamination-dataset,CC BY 4.0,test
ID_VCybw7.jpeg,healthy,dataset/images/train/ID_VCybw7.jpeg,1,amini-cocoa-contamination-dataset,CC BY 4.0,test
ID_cuEoeF.jpg,cssvd,dataset/images/train/ID_cuEoeF.jpg,1,amini-cocoa-contamination-dataset,CC BY 4.0,test
ID_Tub6P2.jpg,cssvd,dataset/images/train/ID_Tub6P2.jpg,3,amini-cocoa-contamination-dataset,CC BY 4.0,test
ID_xk5CG4.jpg,cssvd,dataset/images/train/ID_xk5CG4.jpg,1,amini-cocoa-contamination-dataset,CC BY 4.0,test
ID_dlN6td.jpg,cssvd,dataset/images/train/ID_dlN6td.jpg,1,amini-cocoa-contamination-dataset,CC BY 4.0,test
ID_UeEldR.jpg,anthracnose,dataset/images/train/ID_UeEldR.jpg,1,amini-cocoa-contamination-dataset,CC BY 4.0,test
ID_AviVSX.jpg,cssvd,dataset/images/train/ID_AviVSX.jpg,2,amini-cocoa-contamination-dataset,CC BY 4.0,test
ID_yEdRvL.jpg,cssvd,dataset/images/train/ID_yEdRvL.jpg,3,amini-cocoa-contamination-dataset,CC BY 4.0,test
ID_CSDDzt.jpg,anthracnose,dataset/images/train/ID_CSDDzt.jpg,2,amini-cocoa-contamination-dataset,CC BY 4.0,test
ID_ryxjk6.jpg,healthy,dataset/images/train/ID_ryxjk6.jpg,2,amini-cocoa-contamination-dataset,CC BY 4.0,test
ID_bLmcNX.jpeg,anthracnose,dataset/images/train/ID_bLmcNX.jpeg,1,amini-cocoa-contamination-dataset,CC BY 4.0,test
ID_GHbB3b.jpeg,healthy,dataset/images/train/ID_GHbB3b.jpeg,2,amini-cocoa-contamination-dataset,CC BY 4.0,test
ID_ZZh7jq.jpg,healthy,dataset/images/train/ID_ZZh7jq.jpg,5,amini-cocoa-contamination-dataset,CC BY 4.0,test
ID_mhQCZH.jpg,healthy,dataset/images/train/ID_mhQCZH.jpg,2,amini-cocoa-contamination-dataset,CC BY 4.0,test
ID_jZ5X3a.jpeg,healthy,dataset/images/train/ID_jZ5X3a.jpeg,1,amini-cocoa-contamination-dataset,CC BY 4.0,test
ID_TGI4yV.jpg,cssvd,dataset/images/train/ID_TGI4yV.jpg,4,amini-cocoa-contamination-dataset,CC BY 4.0,test
ID_pK4AMS.jpg,healthy,dataset/images/train/ID_pK4AMS.jpg,1,amini-cocoa-contamination-dataset,CC BY 4.0,test
ID_UhR2o3.jpg,anthracnose,dataset/images/train/ID_UhR2o3.jpg,1,amini-cocoa-contamination-dataset,CC BY 4.0,test
ID_D6CvGq.jpg,healthy,dataset/images/train/ID_D6CvGq.jpg,2,amini-cocoa-contamination-dataset,CC BY 4.0,test
ID_wJP8zC.jpg,anthracnose,dataset/images/train/ID_wJP8zC.jpg,2,amini-cocoa-contamination-dataset,CC BY 4.0,test
ID_ub2h5O.jpg,cssvd,dataset/images/train/ID_ub2h5O.jpg,1,amini-cocoa-contamination-dataset,CC BY 4.0,test
ID_hiFnpw.jpeg,anthracnose,dataset/images/train/ID_hiFnpw.jpeg,1,amini-cocoa-contamination-dataset,CC BY 4.0,test
ID_qSZI9d.jpeg,anthracnose,dataset/images/train/ID_qSZI9d.jpeg,1,amini-cocoa-contamination-dataset,CC BY 4.0,test
ID_KJ3Eoi.jpg,healthy,dataset/images/train/ID_KJ3Eoi.jpg,2,amini-cocoa-contamination-dataset,CC BY 4.0,test
ID_g0f2lJ.jpg,cssvd,dataset/images/train/ID_g0f2lJ.jpg,2,amini-cocoa-contamination-dataset,CC BY 4.0,test
ID_TjJlXO.jpg,healthy,dataset/images/train/ID_TjJlXO.jpg,1,amini-cocoa-contamination-dataset,CC BY 4.0,test
ID_UYftKa.jpg,anthracnose,dataset/images/train/ID_UYftKa.jpg,1,amini-cocoa-contamination-dataset,CC BY 4.0,test
ID_D8wPvi.jpg,anthracnose,dataset/images/train/ID_D8wPvi.jpg,3,amini-cocoa-contamination-dataset,CC BY 4.0,test
ID_ITJXlt.jpg,cssvd,dataset/images/train/ID_ITJXlt.jpg,4,amini-cocoa-contamination-dataset,CC BY 4.0,test
ID_WhWbbp.jpeg,anthracnose,dataset/images/train/ID_WhWbbp.jpeg,1,amini-cocoa-contamination-dataset,CC BY 4.0,test
ID_SC5U8j.JPG,healthy,dataset/images/train/ID_SC5U8j.JPG,2,amini-cocoa-contamination-dataset,CC BY 4.0,test
ID_NEOMEa.jpg,cssvd,dataset/images/train/ID_NEOMEa.jpg,1,amini-cocoa-contamination-dataset,CC BY 4.0,test
ID_rui2Ce.jpg,cssvd,dataset/images/train/ID_rui2Ce.jpg,2,amini-cocoa-contamination-dataset,CC BY 4.0,test
ID_k9u0Al.jpg,cssvd,dataset/images/train/ID_k9u0Al.jpg,2,amini-cocoa-contamination-dataset,CC BY 4.0,test
ID_Tsubf0.jpeg,cssvd,dataset/images/train/ID_Tsubf0.jpeg,1,amini-cocoa-contamination-dataset,CC BY 4.0,test
ID_GQUYi6.JPG,anthracnose,dataset/images/train/ID_GQUYi6.JPG,1,amini-cocoa-contamination-dataset,CC BY 4.0,test
ID_Ugj6p5.jpg,healthy,dataset/images/train/ID_Ugj6p5.jpg,1,amini-cocoa-contamination-dataset,CC BY 4.0,test
ID_Id9b0U.jpg,cssvd,dataset/images/train/ID_Id9b0U.jpg,1,amini-cocoa-contamination-dataset,CC BY 4.0,test
ID_FMaedR.jpg,anthracnose,dataset/images/train/ID_FMaedR.jpg,1,amini-cocoa-contamination-dataset,CC BY 4.0,test
ID_KtAoUn.jpg,anthracnose,dataset/images/train/ID_KtAoUn.jpg,1,amini-cocoa-contamination-dataset,CC BY 4.0,test
ID_BNWZ3w.jpg,anthracnose,dataset/images/train/ID_BNWZ3w.jpg,1,amini-cocoa-contamination-dataset,CC BY 4.0,test
ID_p00Crw.jpeg,anthracnose,dataset/images/train/ID_p00Crw.jpeg,1,amini-cocoa-contamination-dataset,CC BY 4.0,test
ID_lHIuqr.jpeg,anthracnose,dataset/images/train/ID_lHIuqr.jpeg,1,amini-cocoa-contamination-dataset,CC BY 4.0,test
ID_LXBv1Y.jpeg,healthy,dataset/images/train/ID_LXBv1Y.jpeg,1,amini-cocoa-contamination-dataset,CC BY 4.0,test
ID_nl6sMu.jpg,anthracnose,dataset/images/train/ID_nl6sMu.jpg,1,amini-cocoa-contamination-dataset,CC BY 4.0,test
ID_xE0XiK.jpg,healthy,dataset/images/train/ID_xE0XiK.jpg,1,amini-cocoa-contamination-dataset,CC BY 4.0,test
ID_yZZXtV.jpg,cssvd,dataset/images/train/ID_yZZXtV.jpg,1,amini-cocoa-contamination-dataset,CC BY 4.0,test
ID_W5esM4.jpg,healthy,dataset/images/train/ID_W5esM4.jpg,5,amini-cocoa-contamination-dataset,CC BY 4.0,test
ID_Lx9P52.jpg,anthracnose,dataset/images/train/ID_Lx9P52.jpg,1,amini-cocoa-contamination-dataset,CC BY 4.0,test
ID_M3lea2.jpg,cssvd,dataset/images/train/ID_M3lea2.jpg,2,amini-cocoa-contamination-dataset,CC BY 4.0,test
ID_mKTf9h.jpg,anthracnose,dataset/images/train/ID_mKTf9h.jpg,3,amini-cocoa-contamination-dataset,CC BY 4.0,test
ID_aKRoTH.jpeg,healthy,dataset/images/train/ID_aKRoTH.jpeg,1,amini-cocoa-contamination-dataset,CC BY 4.0,test
ID_UFGaPv.jpeg,healthy,dataset/images/train/ID_UFGaPv.jpeg,3,amini-cocoa-contamination-dataset,CC BY 4.0,test
ID_WeugvG.jpg,cssvd,dataset/images/train/ID_WeugvG.jpg,1,amini-cocoa-contamination-dataset,CC BY 4.0,test
ID_fsNgad.jpg,healthy,dataset/images/train/ID_fsNgad.jpg,3,amini-cocoa-contamination-dataset,CC BY 4.0,test
ID_v8rNp8.jpg,anthracnose,dataset/images/train/ID_v8rNp8.jpg,2,amini-cocoa-contamination-dataset,CC BY 4.0,test
ID_yuLM5U.jpg,cssvd,dataset/images/train/ID_yuLM5U.jpg,1,amini-cocoa-contamination-dataset,CC BY 4.0,test
ID_mAbOtc.jpg,anthracnose,dataset/images/train/ID_mAbOtc.jpg,1,amini-cocoa-contamination-dataset,CC BY 4.0,test
ID_ScSN1R.jpg,healthy,dataset/images/train/ID_ScSN1R.jpg,13,amini-cocoa-contamination-dataset,CC BY 4.0,test
ID_F0uO9z.jpeg,cssvd,dataset/images/train/ID_F0uO9z.jpeg,1,amini-cocoa-contamination-dataset,CC BY 4.0,test
ID_U0JAu1.jpeg,cssvd,dataset/images/train/ID_U0JAu1.jpeg,1,amini-cocoa-contamination-dataset,CC BY 4.0,test
ID_xgmbfU.jpg,cssvd,dataset/images/train/ID_xgmbfU.jpg,1,amini-cocoa-contamination-dataset,CC BY 4.0,test
ID_Xzm7oj.jpg,cssvd,dataset/images/train/ID_Xzm7oj.jpg,1,amini-cocoa-contamination-dataset,CC BY 4.0,test
ID_vZ0jqf.jpeg,anthracnose,dataset/images/train/ID_vZ0jqf.jpeg,1,amini-cocoa-contamination-dataset,CC BY 4.0,test
ID_d9dohb.jpg,cssvd,dataset/images/train/ID_d9dohb.jpg,1,amini-cocoa-contamination-dataset,CC BY 4.0,test
ID_zpWaH7.jpg,cssvd,dataset/images/train/ID_zpWaH7.jpg,1,amini-cocoa-contamination-dataset,CC BY 4.0,test
ID_Y1aD59.JPG,anthracnose,dataset/images/train/ID_Y1aD59.JPG,1,amini-cocoa-contamination-dataset,CC BY 4.0,test
ID_XtNExH.jpg,cssvd,dataset/images/train/ID_XtNExH.jpg,3,amini-cocoa-contamination-dataset,CC BY 4.0,test
ID_AgaKY9.jpg,anthracnose,dataset/images/train/ID_AgaKY9.jpg,2,amini-cocoa-contamination-dataset,CC BY 4.0,test
ID_CddkGh.jpg,healthy,dataset/images/train/ID_CddkGh.jpg,1,amini-cocoa-contamination-dataset,CC BY 4.0,test
ID_JFEorC.JPG,healthy,dataset/images/train/ID_JFEorC.JPG,1,amini-cocoa-contamination-dataset,CC BY 4.0,test
ID_UVqlcp.jpg,healthy,dataset/images/train/ID_UVqlcp.jpg,2,amini-cocoa-contamination-dataset,CC BY 4.0,test
ID_IZ0VA6.jpg,cssvd,dataset/images/train/ID_IZ0VA6.jpg,3,amini-cocoa-contamination-dataset,CC BY 4.0,test
ID_V4x7Lx.jpg,anthracnose,dataset/images/train/ID_V4x7Lx.jpg,1,amini-cocoa-contamination-dataset,CC BY 4.0,test
ID_GtRaje.jpg,cssvd,dataset/images/train/ID_GtRaje.jpg,1,amini-cocoa-contamination-dataset,CC BY 4.0,test
ID_SoN1KO.jpg,healthy,dataset/images/train/ID_SoN1KO.jpg,3,amini-cocoa-contamination-dataset,CC BY 4.0,test
ID_d6I97H.jpeg,healthy,dataset/images/train/ID_d6I97H.jpeg,4,amini-cocoa-contamination-dataset,CC BY 4.0,test
ID_G6yPV9.JPG,anthracnose,dataset/images/train/ID_G6yPV9.JPG,1,amini-cocoa-contamination-dataset,CC BY 4.0,test
ID_Y6DA4X.jpeg,cssvd,dataset/images/train/ID_Y6DA4X.jpeg,1,amini-cocoa-contamination-dataset,CC BY 4.0,test
ID_UStA3p.jpeg,cssvd,dataset/images/train/ID_UStA3p.jpeg,1,amini-cocoa-contamination-dataset,CC BY 4.0,test
ID_B0lxGV.jpeg,anthracnose,dataset/images/train/ID_B0lxGV.jpeg,1,amini-cocoa-contamination-dataset,CC BY 4.0,test
ID_u0Ac8x.jpeg,anthracnose,dataset/images/train/ID_u0Ac8x.jpeg,1,amini-cocoa-contamination-dataset,CC BY 4.0,test
ID_hfDuyO.jpeg,healthy,dataset/images/train/ID_hfDuyO.jpeg,3,amini-cocoa-contamination-dataset,CC BY 4.0,test
ID_quO1Lv.jpg,healthy,dataset/images/train/ID_quO1Lv.jpg,3,amini-cocoa-contamination-dataset,CC BY 4.0,test
ID_kilMAz.jpg,anthracnose,dataset/images/train/ID_kilMAz.jpg,2,amini-cocoa-contamination-dataset,CC BY 4.0,test
ID_mGg6RG.jpg,cssvd,dataset/images/train/ID_mGg6RG.jpg,1,amini-cocoa-contamination-dataset,CC BY 4.0,test
ID_ZKhKi2.jpg,healthy,dataset/images/train/ID_ZKhKi2.jpg,5,amini-cocoa-contamination-dataset,CC BY 4.0,test
ID_mksN0i.jpg,anthracnose,dataset/images/train/ID_mksN0i.jpg,3,amini-cocoa-contamination-dataset,CC BY 4.0,test
ID_XuMRrm.jpeg,cssvd,dataset/images/train/ID_XuMRrm.jpeg,1,amini-cocoa-contamination-dataset,CC BY 4.0,test
ID_J7hL2Y.jpg,cssvd,dataset/images/train/ID_J7hL2Y.jpg,2,amini-cocoa-contamination-dataset,CC BY 4.0,test
ID_b1Cz4M.jpeg,anthracnose,dataset/images/train/ID_b1Cz4M.jpeg,1,amini-cocoa-contamination-dataset,CC BY 4.0,test
ID_M46Pav.jpeg,cssvd,dataset/images/train/ID_M46Pav.jpeg,1,amini-cocoa-contamination-dataset,CC BY 4.0,test
ID_rnlvqO.jpg,cssvd,dataset/images/train/ID_rnlvqO.jpg,1,amini-cocoa-contamination-dataset,CC BY 4.0,test
ID_N1BVjv.jpg,healthy,dataset/images/train/ID_N1BVjv.jpg,1,amini-cocoa-contamination-dataset,CC BY 4.0,test
ID_y1ffbn.jpg,healthy,dataset/images/train/ID_y1ffbn.jpg,1,amini-cocoa-contamination-dataset,CC BY 4.0,test
ID_QS9y5X.jpg,anthracnose,dataset/images/train/ID_QS9y5X.jpg,1,amini-cocoa-contamination-dataset,CC BY 4.0,test
ID_COVkXi.jpg,healthy,dataset/images/train/ID_COVkXi.jpg,1,amini-cocoa-contamination-dataset,CC BY 4.0,test
ID_MHtoBH.jpg,cssvd,dataset/images/train/ID_MHtoBH.jpg,1,amini-cocoa-contamination-dataset,CC BY 4.0,test
ID_p9ylt1.jpg,cssvd,dataset/images/train/ID_p9ylt1.jpg,2,amini-cocoa-contamination-dataset,CC BY 4.0,test
ID_QQueOi.jpg,cssvd,dataset/images/train/ID_QQueOi.jpg,1,amini-cocoa-contamination-dataset,CC BY 4.0,test
ID_ZbQxbu.jpg,cssvd,dataset/images/train/ID_ZbQxbu.jpg,1,amini-cocoa-contamination-dataset,CC BY 4.0,test
ID_GRsSDF.jpeg,cssvd,dataset/images/train/ID_GRsSDF.jpeg,2,amini-cocoa-contamination-dataset,CC BY 4.0,test
ID_T1ZjP9.JPG,healthy,dataset/images/train/ID_T1ZjP9.JPG,1,amini-cocoa-contamination-dataset,CC BY 4.0,test
ID_Qyvdss.jpg,cssvd,dataset/images/train/ID_Qyvdss.jpg,1,amini-cocoa-contamination-dataset,CC BY 4.0,test
ID_strQ4m.jpeg,anthracnose,dataset/images/train/ID_strQ4m.jpeg,1,amini-cocoa-contamination-dataset,CC BY 4.0,test
ID_nUgMcI.jpg,cssvd,dataset/images/train/ID_nUgMcI.jpg,2,amini-cocoa-contamination-dataset,CC BY 4.0,test
ID_jpsylP.jpg,cssvd,dataset/images/train/ID_jpsylP.jpg,1,amini-cocoa-contamination-dataset,CC BY 4.0,test
ID_AMshRT.jpeg,healthy,dataset/images/train/ID_AMshRT.jpeg,5,amini-cocoa-contamination-dataset,CC BY 4.0,test
ID_bFJpWN.jpg,healthy,dataset/images/train/ID_bFJpWN.jpg,1,amini-cocoa-contamination-dataset,CC BY 4.0,test
ID_Cli5xi.jpeg,healthy,dataset/images/train/ID_Cli5xi.jpeg,4,amini-cocoa-contamination-dataset,CC BY 4.0,test
ID_PDbzh1.jpeg,anthracnose,dataset/images/train/ID_PDbzh1.jpeg,1,amini-cocoa-contamination-dataset,CC BY 4.0,test
ID_TBio0o.jpg,anthracnose,dataset/images/train/ID_TBio0o.jpg,2,amini-cocoa-contamination-dataset,CC BY 4.0,test
ID_zl1SvW.jpg,anthracnose,dataset/images/train/ID_zl1SvW.jpg,1,amini-cocoa-contamination-dataset,CC BY 4.0,test
ID_mBQFOg.JPG,healthy,dataset/images/train/ID_mBQFOg.JPG,2,amini-cocoa-contamination-dataset,CC BY 4.0,test
ID_dxPmnW.jpeg,healthy,dataset/images/train/ID_dxPmnW.jpeg,2,amini-cocoa-contamination-dataset,CC BY 4.0,test
ID_fAOrdk.jpeg,cssvd,dataset/images/train/ID_fAOrdk.jpeg,2,amini-cocoa-contamination-dataset,CC BY 4.0,test
ID_wu063I.jpg,healthy,dataset/images/train/ID_wu063I.jpg,5,amini-cocoa-contamination-dataset,CC BY 4.0,test
ID_aBMIWf.jpg,cssvd,dataset/images/train/ID_aBMIWf.jpg,1,amini-cocoa-contamination-dataset,CC BY 4.0,test
ID_nDVok8.jpg,healthy,dataset/images/train/ID_nDVok8.jpg,1,amini-cocoa-contamination-dataset,CC BY 4.0,test
ID_Su3WLH.jpg,healthy,dataset/images/train/ID_Su3WLH.jpg,3,amini-cocoa-contamination-dataset,CC BY 4.0,test
ID_jXbQpL.jpg,cssvd,dataset/images/train/ID_jXbQpL.jpg,2,amini-cocoa-contamination-dataset,CC BY 4.0,test
ID_njnfag.jpg,healthy,dataset/images/train/ID_njnfag.jpg,2,amini-cocoa-contamination-dataset,CC BY 4.0,test
ID_BTK2Bl.jpeg,anthracnose,dataset/images/train/ID_BTK2Bl.jpeg,1,amini-cocoa-contamination-dataset,CC BY 4.0,test
ID_NcILoc.jpg,cssvd,dataset/images/train/ID_NcILoc.jpg,2,amini-cocoa-contamination-dataset,CC BY 4.0,test
ID_H7QQ2I.jpg,anthracnose,dataset/images/train/ID_H7QQ2I.jpg,3,amini-cocoa-contamination-dataset,CC BY 4.0,test
ID_t0QYSI.jpeg,cssvd,dataset/images/train/ID_t0QYSI.jpeg,1,amini-cocoa-contamination-dataset,CC BY 4.0,test
ID_yRBbV9.jpg,cssvd,dataset/images/train/ID_yRBbV9.jpg,1,amini-cocoa-contamination-dataset,CC BY 4.0,test
ID_TFyPYv.jpg,healthy,dataset/images/train/ID_TFyPYv.jpg,3,amini-cocoa-contamination-dataset,CC BY 4.0,test
ID_u21Vuy.jpg,cssvd,dataset/images/train/ID_u21Vuy.jpg,1,amini-cocoa-contamination-dataset,CC BY 4.0,test
ID_APRODJ.jpg,cssvd,dataset/images/train/ID_APRODJ.jpg,1,amini-cocoa-contamination-dataset,CC BY 4.0,test
ID_czAGdH.jpeg,anthracnose,dataset/images/train/ID_czAGdH.jpeg,3,amini-cocoa-contamination-dataset,CC BY 4.0,test
ID_AIj0R3.jpg,cssvd,dataset/images/train/ID_AIj0R3.jpg,1,amini-cocoa-contamination-dataset,CC BY 4.0,test
ID_n1r26R.JPG,healthy,dataset/images/train/ID_n1r26R.JPG,5,amini-cocoa-contamination-dataset,CC BY 4.0,test
